[
  {
    "Id": "1414892",
    "ThreadId": "631112",
    "Html": "Using SQL Server Full version (2008), but cannot get site to load. I am fairly certain my connections strings are correct, but it honestly gives the same error even if I put in garble. It's almost like it isn't getting to the connect part, but is dying before that. \r<br />\n<br />\nIt is iis 7.5\r<br />\n<br />\n<br />\nServer Error in '/' Application.\r<br />\n<br />\nUnable to load one or more of the requested types. Retrieve the LoaderExceptions property for more information. \r<br />\n  Description: An unhandled exception occurred during the execution of the current web request. Please review the stack trace for more information about the error and where it originated in the code. \r<br />\n<br />\n Exception Details: System.Reflection.ReflectionTypeLoadException: Unable to load one or more of the requested types. Retrieve the LoaderExceptions property for more information.\r<br />\n<br />\nSource Error: \r<br />\n<br />\n<br />\n An unhandled exception was generated during the execution of the current web request. Information regarding the origin and location of the exception can be identified using the exception stack trace below.<br />\n\r<br />\nStack Trace: \r<br />\n<br />\n<br />\n<br />\n[ReflectionTypeLoadException: Unable to load one or more of the requested types. Retrieve the LoaderExceptions property for more information.]\r<br />\n   System.Reflection.RuntimeModule.GetTypes(RuntimeModule module) +0\r<br />\n   System.Reflection.RuntimeModule.GetTypes() +9\r<br />\n   System.Reflection.Assembly.GetTypes() +143\r<br />\n   System.ComponentModel.Composition.Hosting.AssemblyCatalog.get_InnerCatalog() +241\r<br />\n   System.ComponentModel.Composition.Hosting.AssemblyCatalog.GetExports(ImportDefinition definition) +13\r<br />\n   System.Linq.&lt;SelectManyIterator&gt;d__14<code>2.MoveNext() +267\r<br />   System.ComponentModel.Composition.Hosting.CatalogExportProvider.InternalGetExportsCore(ImportDefinition definition, AtomicComposition atomicComposition) +477\r<br />   System.ComponentModel.Composition.Hosting.ExportProvider.TryGetExportsCore(ImportDefinition definition, AtomicComposition atomicComposition, IEnumerable</code>1&amp; exports) +48\r<br />\n   System.ComponentModel.Composition.Hosting.CatalogExportProvider.GetExportsCore(ImportDefinition definition, AtomicComposition atomicComposition) +136\r<br />\n   System.ComponentModel.Composition.Hosting.ExportProvider.TryGetExports(ImportDefinition definition, AtomicComposition atomicComposition, IEnumerable<code>1&amp; exports) +54\r<br />   System.ComponentModel.Composition.Hosting.AggregateExportProvider.GetExportsCore(ImportDefinition definition, AtomicComposition atomicComposition) +404\r<br />   System.ComponentModel.Composition.Hosting.ExportProvider.TryGetExports(ImportDefinition definition, AtomicComposition atomicComposition, IEnumerable</code>1&amp; exports) +54\r<br />\n   System.ComponentModel.Composition.Hosting.CompositionContainer.GetExportsCore(ImportDefinition definition, AtomicComposition atomicComposition) +230\r<br />\n   System.ComponentModel.Composition.Hosting.ExportProvider.GetExports(ImportDefinition definition, AtomicComposition atomicComposition) +78\r<br />\n   System.ComponentModel.Composition.Hosting.ExportProvider.GetExportedValueCore(String contractName, ImportCardinality cardinality) +98\r<br />\n   TicketDesk.Web.Client.MvcApplication.Application_Start() +54\r<br />\n<br />\n[HttpException (0x80004005): Unable to load one or more of the requested types. Retrieve the LoaderExceptions property for more information.]\r<br />\n   System.Web.HttpApplicationFactory.EnsureAppStartCalledForIntegratedMode(HttpContext context, HttpApplication app) +12600621\r<br />\n   System.Web.HttpApplication.RegisterEventSubscriptionsWithIIS(IntPtr appContext, HttpContext context, MethodInfo[] handlers) +175\r<br />\n   System.Web.HttpApplication.InitSpecial(HttpApplicationState state, MethodInfo[] handlers, IntPtr appContext, HttpContext context) +304\r<br />\n   System.Web.HttpApplicationFactory.GetSpecialApplicationInstance(IntPtr appContext, HttpContext context) +404\r<br />\n   System.Web.Hosting.PipelineRuntime.InitializeApplication(IntPtr appContext) +475\r<br />\n<br />\n[HttpException (0x80004005): Unable to load one or more of the requested types. Retrieve the LoaderExceptions property for more information.]\r<br />\n   System.Web.HttpRuntime.FirstRequestInit(HttpContext context) +12617668\r<br />\n   System.Web.HttpRuntime.EnsureFirstRequestInit(HttpContext context) +159\r<br />\n   System.Web.HttpRuntime.ProcessRequestNotificationPrivate(IIS7WorkerRequest wr, HttpContext context) +12457285<br />\n",
    "PostedDate": "2015-04-16T11:35:53.707-07:00",
    "UserRole": null,
    "MarkedAsAnswerDate": null
  },
  {
    "Id": "1415423",
    "ThreadId": "631112",
    "Html": "This is actually one of the reasons I didn't continue with the managed extensibility framework (MEF) as a IoC/DI framework in TD 2.5. The errors you get with it are quite obtuse, and it is difficult to pinpoint the cause of it's failures from just a stack trace, especially when it dies during startup. If you can attach a debugger, you'd be able to dig into the exception and see exactly which exports failed. When the error comes from Application_Start event like this though, there is a 90%+ chance it is either a bad connection string, or missing tables or data in the database --missing application settings data often causes that exception. \r<br />\n<br />\nI presume you ran the SQL Creation scripts on your 2008 SQL server? Another thing that trip people up sometimes is that full editions of SQL server don't enable TCP/IP by default when you install it, so check that on the SQL box in SQL Configuration Manager (for both the 32 and 64 bit server settings). Also, firewalls on either server can block the standard SQL ports as well. \r<br />\n<br />\nWhen in doubt, I recommend you make a very simple empty MVC application targeting .Net Framework 4.5 or higher, copy the security connection string from TicketDesk to your test apps web.config, and make a simple test controller that tries to read the version record from application settings table (or anything from any table that has data).. that takes MEF and TicketDesk specific code out of the equation, and makes it much easier to troubleshoot general server and asp.net related issues.  <br />\n",
    "PostedDate": "2015-04-17T22:05:50.123-07:00",
    "UserRole": null,
    "MarkedAsAnswerDate": null
  },
  {
    "Id": "1416349",
    "ThreadId": "631112",
    "Html": "I am having this same issue but the suggestions do not resolve the problem.  I re-ran the scripts on the database, enabled TCP/IP in SQL server config manager, disabled the firewall.  Not sure what else I can try? <br />\n",
    "PostedDate": "2015-04-21T07:49:35.387-07:00",
    "UserRole": null,
    "MarkedAsAnswerDate": null
  },
  {
    "Id": "1416354",
    "ThreadId": "631112",
    "Html": "I'll run up a server 2012 vm tonight and see if I can replicate it. I'll also look at options for additional diagnostics during the startup so we can get better info from MEF about the failure. <br />\n",
    "PostedDate": "2015-04-21T07:54:15.627-07:00",
    "UserRole": null,
    "MarkedAsAnswerDate": null
  },
  {
    "Id": "1416356",
    "ThreadId": "631112",
    "Html": "Thanks so much! <br />\n",
    "PostedDate": "2015-04-21T07:56:05.527-07:00",
    "UserRole": null,
    "MarkedAsAnswerDate": null
  },
  {
    "Id": "1416357",
    "ThreadId": "631112",
    "Html": "Any additional info you can provide about your setup will be helpful, especially SQL versions and sp levels.<br />\n",
    "PostedDate": "2015-04-21T07:56:14.16-07:00",
    "UserRole": null,
    "MarkedAsAnswerDate": null
  },
  {
    "Id": "1416360",
    "ThreadId": "631112",
    "Html": "Also, check the Windows event logs and see if MEF was kind enough to drop it's traces in there.<br />\n",
    "PostedDate": "2015-04-21T07:58:48.037-07:00",
    "UserRole": null,
    "MarkedAsAnswerDate": null
  },
  {
    "Id": "1416370",
    "ThreadId": "631112",
    "Html": "Sure. \r<br />\n<br />\nServer 2012 standard Edition 64-bit\r<br />\nIIS version 8.0.9200.16384\r<br />\nSQL Express version 12.0.2000.8<br />\n",
    "PostedDate": "2015-04-21T08:24:39.233-07:00",
    "UserRole": null,
    "MarkedAsAnswerDate": null
  },
  {
    "Id": "1416382",
    "ThreadId": "631112",
    "Html": "I see a few ASP.Net errors: \r<br />\n<br />\nEvent code: 3005 \r<br />\nEvent message: An unhandled exception has occurred. \r<br />\nEvent time: 4/21/2015 11:26:46 AM \r<br />\nEvent time (UTC): 4/21/2015 3:26:46 PM \r<br />\nEvent ID: 303a1563ea2b4efaa715a7bee07a8b0a \r<br />\nEvent sequence: 2 \r<br />\nEvent occurrence: 1 \r<br />\nEvent detail code: 0 \r<br />\n \r<br />\nApplication information: <br />\n<pre><code>Application domain: /LM/W3SVC/1/ROOT-1-130741036062645920 \nTrust level: Full \nApplication Virtual Path: / \nApplication Path: E:\\ticketdesk2publish\\ \nMachine name: SONAPP \n</code></pre>\n\nProcess information: <br />\n<pre><code>Process ID: 2160 \nProcess name: w3wp.exe \nAccount name: NT AUTHORITY\\LOCAL SERVICE \n</code></pre>\n\nException information: <br />\n<pre><code>Exception type: HttpException \nException message: Unable to load one or more of the requested types. Retrieve the LoaderExceptions property for more information.</code></pre>\n\nat System.Web.HttpApplicationFactory.EnsureAppStartCalledForIntegratedMode(HttpContext context, HttpApplication app)\r<br />\n   at System.Web.HttpApplication.RegisterEventSubscriptionsWithIIS(IntPtr appContext, HttpContext context, MethodInfo[] handlers)\r<br />\n   at System.Web.HttpApplication.InitSpecial(HttpApplicationState state, MethodInfo[] handlers, IntPtr appContext, HttpContext context)\r<br />\n   at System.Web.HttpApplicationFactory.GetSpecialApplicationInstance(IntPtr appContext, HttpContext context)\r<br />\n   at System.Web.Hosting.PipelineRuntime.InitializeApplication(IntPtr appContext)\r<br />\n<br />\nUnable to load one or more of the requested types. Retrieve the LoaderExceptions property for more information.\r<br />\n   at System.Reflection.RuntimeModule.GetTypes(RuntimeModule module)\r<br />\n   at System.Reflection.RuntimeModule.GetTypes()\r<br />\n   at System.Reflection.Assembly.GetTypes()\r<br />\n   at System.ComponentModel.Composition.Hosting.AssemblyCatalog.get_InnerCatalog()\r<br />\n   at System.ComponentModel.Composition.Hosting.AssemblyCatalog.GetExports(ImportDefinition definition)\r<br />\n   at System.Linq.Enumerable.&lt;SelectManyIterator&gt;d__14<code>2.MoveNext()\r<br />   at System.ComponentModel.Composition.Hosting.CatalogExportProvider.InternalGetExportsCore(ImportDefinition definition, AtomicComposition atomicComposition)\r<br />   at System.ComponentModel.Composition.Hosting.ExportProvider.TryGetExportsCore(ImportDefinition definition, AtomicComposition atomicComposition, IEnumerable</code>1&amp; exports)\r<br />\n   at System.ComponentModel.Composition.Hosting.CatalogExportProvider.GetExportsCore(ImportDefinition definition, AtomicComposition atomicComposition)\r<br />\n   at System.ComponentModel.Composition.Hosting.ExportProvider.TryGetExports(ImportDefinition definition, AtomicComposition atomicComposition, IEnumerable<code>1&amp; exports)\r<br />   at System.ComponentModel.Composition.Hosting.AggregateExportProvider.GetExportsCore(ImportDefinition definition, AtomicComposition atomicComposition)\r<br />   at System.ComponentModel.Composition.Hosting.ExportProvider.TryGetExports(ImportDefinition definition, AtomicComposition atomicComposition, IEnumerable</code>1&amp; exports)\r<br />\n   at System.ComponentModel.Composition.Hosting.CompositionContainer.GetExportsCore(ImportDefinition definition, AtomicComposition atomicComposition)\r<br />\n   at System.ComponentModel.Composition.Hosting.ExportProvider.GetExports(ImportDefinition definition, AtomicComposition atomicComposition)\r<br />\n   at System.ComponentModel.Composition.Hosting.ExportProvider.GetExportedValueCore[T](String contractName, ImportCardinality cardinality)\r<br />\n   at TicketDesk.Web.Client.MvcApplication.Application_Start()\r<br />\n<br />\n \r<br />\n \r<br />\nRequest information: <br />\n<pre><code>Request URL: http://localhost/ \nRequest path: / \nUser host address: ::1 \nUser:  \nIs authenticated: False \nAuthentication Type:  \nThread account name: NT AUTHORITY\\LOCAL SERVICE \n</code></pre>\n\nThread information: <br />\n<pre><code>Thread ID: 6 \nThread account name: NT AUTHORITY\\LOCAL SERVICE \nIs impersonating: False \nStack trace:    at System.Web.HttpApplicationFactory.EnsureAppStartCalledForIntegratedMode(HttpContext context, HttpApplication app)</code></pre>\n\nat System.Web.HttpApplication.RegisterEventSubscriptionsWithIIS(IntPtr appContext, HttpContext context, MethodInfo[] handlers)\r<br />\n   at System.Web.HttpApplication.InitSpecial(HttpApplicationState state, MethodInfo[] handlers, IntPtr appContext, HttpContext context)\r<br />\n   at System.Web.HttpApplicationFactory.GetSpecialApplicationInstance(IntPtr appContext, HttpContext context)\r<br />\n   at System.Web.Hosting.PipelineRuntime.InitializeApplication(IntPtr appContext)\r<br />\n \r<br />\n \r<br />\nCustom event details: \r<br />\n \r<br />\n<br />\nbut not MEF errors.<br />\n",
    "PostedDate": "2015-04-21T08:53:16.83-07:00",
    "UserRole": null,
    "MarkedAsAnswerDate": null
  },
  {
    "Id": "1416538",
    "ThreadId": "631112",
    "Html": "I have been able to reproduce the problem. I'm not sure exactly what the cause is yet, but I highly suspect there is a missing dll - either something that should be in bin that didn't make it into the distribution, or a GAC reference that is missing from stock windows server 2012. Now that I can reproduce it, I should be able to isolate the cause, but it may take me another day to produce a new distribution that fixes the issue.<br />\n",
    "PostedDate": "2015-04-21T22:37:55.353-07:00",
    "UserRole": null,
    "MarkedAsAnswerDate": null
  },
  {
    "Id": "1416756",
    "ThreadId": "631112",
    "Html": "Ok. Thank you very much.    <br />\n",
    "PostedDate": "2015-04-22T05:06:47.837-07:00",
    "UserRole": null,
    "MarkedAsAnswerDate": null
  },
  {
    "Id": "1416960",
    "ThreadId": "631112",
    "Html": "I am almost certain I have found the problem. Server 2012 is missing the actual ASP.NET MVC 4 runtime... which seems insane to me, but kinda makes sense. You can download it as a stand-alone install from here: <a href=\"http://www.asp.net/mvc/mvc4\" rel=\"nofollow\">http://www.asp.net/mvc/mvc4</a> \r<br />\n<br />\nGive that a shot, and let me know. \r<br />\n<br />\nIn the meantime, I'm going to go ahead and see about updating TD 2.1.x to use the latest nuget references for aspnet, entity framework, etc. instead of just relying on the built-in .Net framework 4.5 components. This will ensure that the distribution's files include all/most of its own dependencies. <br />\n",
    "PostedDate": "2015-04-22T12:10:21.777-07:00",
    "UserRole": null,
    "MarkedAsAnswerDate": null
  },
  {
    "Id": "1416967",
    "ThreadId": "631112",
    "Html": "Same error: <br />\n<h2>Server Error in '/' Application.</h2>\nUnable to load one or more of the requested types. Retrieve the LoaderExceptions property for more information. \r<br />\n  Description: An unhandled exception occurred during the execution of the current web request. Please review the stack trace for more information about the error and where it originated in the code. \r<br />\n<br />\n Exception Details: System.Reflection.ReflectionTypeLoadException: Unable to load one or more of the requested types. Retrieve the LoaderExceptions property for more information.\r<br />\n<br />\nSource Error: \r<br />\n<br />\n<br />\n An unhandled exception was generated during the execution of the current web request. Information regarding the origin and location of the exception can be identified using the exception stack trace below.<br />\n\r<br />\nStack Trace: \r<br />\n<br />\n<br />\n<br />\n[ReflectionTypeLoadException: Unable to load one or more of the requested types. Retrieve the LoaderExceptions property for more information.]\r<br />\n   System.Reflection.RuntimeModule.GetTypes(RuntimeModule module) +0\r<br />\n   System.Reflection.RuntimeModule.GetTypes() +9\r<br />\n   System.Reflection.Assembly.GetTypes() +143\r<br />\n   System.ComponentModel.Composition.Hosting.AssemblyCatalog.get_InnerCatalog() +242\r<br />\n   System.ComponentModel.Composition.Hosting.AssemblyCatalog.GetExports(ImportDefinition definition) +13\r<br />\n   System.Linq.&lt;SelectManyIterator&gt;d__14<code>2.MoveNext() +267\r<br />   System.ComponentModel.Composition.Hosting.CatalogExportProvider.InternalGetExportsCore(ImportDefinition definition, AtomicComposition atomicComposition) +477\r<br />   System.ComponentModel.Composition.Hosting.ExportProvider.TryGetExportsCore(ImportDefinition definition, AtomicComposition atomicComposition, IEnumerable</code>1&amp; exports) +48\r<br />\n   System.ComponentModel.Composition.Hosting.CatalogExportProvider.GetExportsCore(ImportDefinition definition, AtomicComposition atomicComposition) +136\r<br />\n   System.ComponentModel.Composition.Hosting.ExportProvider.TryGetExports(ImportDefinition definition, AtomicComposition atomicComposition, IEnumerable<code>1&amp; exports) +54\r<br />   System.ComponentModel.Composition.Hosting.AggregateExportProvider.GetExportsCore(ImportDefinition definition, AtomicComposition atomicComposition) +404\r<br />   System.ComponentModel.Composition.Hosting.ExportProvider.TryGetExports(ImportDefinition definition, AtomicComposition atomicComposition, IEnumerable</code>1&amp; exports) +54\r<br />\n   System.ComponentModel.Composition.Hosting.CompositionContainer.GetExportsCore(ImportDefinition definition, AtomicComposition atomicComposition) +283\r<br />\n   System.ComponentModel.Composition.Hosting.ExportProvider.GetExports(ImportDefinition definition, AtomicComposition atomicComposition) +78\r<br />\n   System.ComponentModel.Composition.Hosting.ExportProvider.GetExportedValueCore(String contractName, ImportCardinality cardinality) +101\r<br />\n   TicketDesk.Web.Client.MvcApplication.Application_Start() +54\r<br />\n<br />\n[HttpException (0x80004005): Unable to load one or more of the requested types. Retrieve the LoaderExceptions property for more information.]\r<br />\n   System.Web.HttpApplicationFactory.EnsureAppStartCalledForIntegratedMode(HttpContext context, HttpApplication app) +12864673\r<br />\n   System.Web.HttpApplication.RegisterEventSubscriptionsWithIIS(IntPtr appContext, HttpContext context, MethodInfo[] handlers) +175\r<br />\n   System.Web.HttpApplication.InitSpecial(HttpApplicationState state, MethodInfo[] handlers, IntPtr appContext, HttpContext context) +304\r<br />\n   System.Web.HttpApplicationFactory.GetSpecialApplicationInstance(IntPtr appContext, HttpContext context) +404\r<br />\n   System.Web.Hosting.PipelineRuntime.InitializeApplication(IntPtr appContext) +475\r<br />\n<br />\n[HttpException (0x80004005): Unable to load one or more of the requested types. Retrieve the LoaderExceptions property for more information.]\r<br />\n   System.Web.HttpRuntime.FirstRequestInit(HttpContext context) +12881540\r<br />\n   System.Web.HttpRuntime.EnsureFirstRequestInit(HttpContext context) +159<br />\n<h2>   System.Web.HttpRuntime.ProcessRequestNotificationPrivate(IIS7WorkerRequest wr, HttpContext context) +12722601</h2>\nVersion Information: Microsoft .NET Framework Version:4.0.30319; ASP.NET Version:4.0.30319.17929  <br />\n",
    "PostedDate": "2015-04-22T12:57:16.88-07:00",
    "UserRole": null,
    "MarkedAsAnswerDate": null
  },
  {
    "Id": "1417011",
    "ThreadId": "631112",
    "Html": "blah! I installed IIS remote management, web deploy, and the SQL Express management studio onto my test VM (after having reproduced the problem). One of those installs must have included whatever the missing dependency was, because suddenly TicketDesk started working fine (just like it does on every other system I've tested it with)... sadly, there are about 15 products and server features that are installed along with those packages, so it's hard to say which particular one had the magic missing dependency. I thought it would have been be the MVC 4 runtime component though, since that is the version TD 2.1x was using. Worth a shot anyway... \r<br />\n<br />\nI've put up a <a href=\"https://ticketdesk.codeplex.com/releases/view/614605\" rel=\"nofollow\">beta release for 2.1.4</a> - this one updates TD 2.1x to using nuget packages for the core MVC and EF dependencies (instead of the stock .Net framework versions). My hope is that this will result in self-contained dependencies for everything except the main .Net Framework 4.5 itself. I haven't had time yet to fully test this on a fresh windows server VM though, so I've flagged it as a beta for now. \r<br />\n<br />\nIf you want to test it out, I'd appreciate it. I'll be able to finish testing it myself on a fresh new server 2012 VM tomorrow, but it looks good locally and on the VMs I do have setup already... though all of them also ran the previous release fine too. I won't know for sure until I get a fresh 2012 server VM setup again.<br />\n",
    "PostedDate": "2015-04-22T21:10:45.507-07:00",
    "UserRole": null,
    "MarkedAsAnswerDate": null
  },
  {
    "Id": "1417244",
    "ThreadId": "631112",
    "Html": "Just finished testing 2.1.4. On the same server where 2.1.3 gives a ReflectionTypeLoadException, version 2.1.4 runs without complaint. I'm upgrading the release to stable. If anyone gets a chance to confirm this resolves the problem, please drop a note here.\r<br />\n<br />\nThanks.<br />\n",
    "PostedDate": "2015-04-23T19:56:01.387-07:00",
    "UserRole": null,
    "MarkedAsAnswerDate": null
  },
  {
    "Id": "1417548",
    "ThreadId": "631112",
    "Html": "\r\n<div>\r\n<p><span style=\"font-size:11.0pt; font-family:\">Thanks. I will give this new version a try next week.\r\n</span></p>\r\n<p><span style=\"font-size:11.0pt; font-family:\"><br>\r\nThanks. </span></p>\r\n</div>\r\n",
    "PostedDate": "2015-04-24T13:31:11.533-07:00",
    "UserRole": null,
    "MarkedAsAnswerDate": null
  },
  {
    "Id": "1422796",
    "ThreadId": "631112",
    "Html": "Getting an issue with the 2.1.4:\r<br />\n<br />\n<br />\nCREATE DATABASE permission denied in database 'master'.\r<br />\nAn attempt to attach an auto-named database for file E:\\TicketDesk2.1.4\\App_Data\\TicketDesk.mdf failed. A database with the same name exists, or specified file cannot be opened, or it is located on UNC share. \r<br />\n  Description: An unhandled exception occurred during the execution of the current web request. Please review the stack trace for more information about the error and where it originated in the code. \r<br />\n<br />\n Exception Details: System.Data.SqlClient.SqlException: CREATE DATABASE permission denied in database 'master'.\r<br />\nAn attempt to attach an auto-named database for file E:\\TicketDesk2.1.4\\App_Data\\TicketDesk.mdf failed. A database with the same name exists, or specified file cannot be opened, or it is located on UNC share.\r<br />\n<br />\nSource Error: \r<br />\n<br />\n<br />\n An unhandled exception was generated during the execution of the current web request. Information regarding the origin and location of the exception can be identified using the exception stack trace below.<br />\n\r<br />\nStack Trace: \r<br />\n<br />\n<br />\nI modified the connection string in the web.config file to this: \r<br />\n  &lt;connectionStrings&gt;<br />\n<pre><code>&lt;clear /&gt;\n&lt;add name=&quot;TicketDeskSecurityConnectionString&quot; connectionString=&quot;Data Source=sonapp\\SONSQL;AttachDbFilename=|DataDirectory|\\TicketDesk.mdf;Integrated Security=True&quot; providerName=&quot;System.Data.SqlClient&quot; /&gt;\n&lt;add name=&quot;TicketDeskEntities&quot; connectionString=&quot;metadata=res://*/Models.TicketDeskEntities.csdl|res://*/Models.TicketDeskEntities.ssdl|res://*/Models.TicketDeskEntities.msl;provider=System.Data.SqlClient;provider connection string=&amp;quot;Data Source=sonapp\\SONSQL;AttachDbFilename=|DataDirectory|\\TicketDesk.mdf;Integrated Security=True;Connect Timeout=30;MultipleActiveResultSets=True&amp;quot;&quot; providerName=&quot;System.Data.EntityClient&quot; /&gt;\n&lt;add name=&quot;ElmahLog&quot; connectionString=&quot;Data Source=sonapp\\SONSQL;AttachDbFilename=|DataDirectory|\\TicketDesk.mdf;Integrated Security=True&quot; providerName=&quot;System.Data.SqlClient&quot; /&gt;</code></pre>\n\n&lt;/connectionStrings&gt;<br />\n",
    "PostedDate": "2015-05-04T10:33:07.373-07:00",
    "UserRole": null,
    "MarkedAsAnswerDate": null
  },
  {
    "Id": "1422815",
    "ThreadId": "631112",
    "Html": "In your first post, you indicated you were using a full edition of SQL 2008. Full editions of SQL server do not support user instance databases (a.k.a file attached databases). In your connection strings though, you are using the AttachDbFilename parameter, which is for mounting user instance databases. You need to switch this to use the &quot;initial catalog&quot; or &quot;database&quot; parameter instead... this should look something like this:\r<br />\n<br />\nServer=myServerAddress;initial catalog=myDataBase;Trusted_Connection=True;MultipleActiveResultSets=true;<br />\n",
    "PostedDate": "2015-05-04T12:06:24.547-07:00",
    "UserRole": null,
    "MarkedAsAnswerDate": null
  },
  {
    "Id": "1422827",
    "ThreadId": "631112",
    "Html": "I am using SQL Express 2014. <br />\n",
    "PostedDate": "2015-05-04T13:12:22.017-07:00",
    "UserRole": null,
    "MarkedAsAnswerDate": null
  },
  {
    "Id": "1422837",
    "ThreadId": "631112",
    "Html": "SQL 2012 an 2014 Express also only support fixed databases... so the same advice holds -- use the initial catalog or database parameter instead of AttachDbFilename.\r<br />\n<br />\nSee, back in late 2011, the SQL support team apparently felt like they weren't getting enough calls. So the SQL 2012 team split SQL Express into two products. SQL Express would take fixed databases, while user instance databases would go to the new SQL Server 2012 LocalDB edition. SQL Server 2012 and 2014 only support user instance databases with the LocalDB edition.\r<br />\n<br />\nNot satisfied that they'd caused enough confusion, in late 2013 they decided to rename the upcoming 2014 version of LocalDB to &quot;SQL Express 2014 LocalDB&quot;... because, that makes it more clear. \r<br />\n<br />\nThe SQL 2012 LocalDB server and instance name was &quot;(localdb)/v11.0&quot;, but still not satisfied with causing chaos they decided that for SQL 2014 Express LocalDB they'd make the server and instance name &quot;(localdb)\\MSSQLLocalDB&quot; instead... cause, you know, just going with /v12.0 would have been predictable.\r<br />\n<br />\nEither way, your setup is seems geared to SQL Express 2014 of the NOT localdb variety... but even if it were localdb, you created the DB manually using scripts so it still isn't a user instance database. If you do want to go with a user instance DB, make sure it's LocalDB you have installed, and delete the fixed database you created. TicketDesk includes a database file in the app_data folder that is already configured for localdb (just update the connection string to use the correct server/instance name). <br />\n",
    "PostedDate": "2015-05-04T14:40:03.69-07:00",
    "UserRole": null,
    "MarkedAsAnswerDate": null
  }
]