[
  {
    "Id": "1292958",
    "ThreadId": "561998",
    "Html": "How can i edit About page i want to create my own about page can you please help me because i want to create and edit the page about so you have to told me how to edit the about page please<br />\n",
    "PostedDate": "2014-08-24T21:40:53.64-07:00",
    "UserRole": null,
    "MarkedAsAnswerDate": null
  },
  {
    "Id": "1293103",
    "ThreadId": "561998",
    "Html": "The about page is just a straight MVC view. You can edit the file to include content of your choice:  TicketDesk.Web.Client\\Views\\Home\\About.aspx<br />\n",
    "PostedDate": "2014-08-25T06:39:59.36-07:00",
    "UserRole": null,
    "MarkedAsAnswerDate": null
  },
  {
    "Id": "1293112",
    "ThreadId": "561998",
    "Html": "When i open the About.aspx it is showing like this\r<br />\n<br />\n&quot;This is a marker file generated by the precompilation tool, and should not be deleted!&quot;\r<br />\n<br />\n<br />\ni didn't understand what is it and how can i edit<br />\n",
    "PostedDate": "2014-08-25T07:00:23.653-07:00",
    "UserRole": null,
    "MarkedAsAnswerDate": null
  },
  {
    "Id": "1293136",
    "ThreadId": "561998",
    "Html": "Ah, I see. You are using the pre-compiled version. The pre-compiled version is exactly that, pre-compiled. All the content is compiled into the assemblies with the code. The view files are only there so IIS doesn't freak out when a browser asks for a file that it doesn't know about. \r<br />\n<br />\nIf you want to customize it, download the source version from source control. You can then make any changes you need and deploy your custom version to the web server.<br />\n\r<br />\nIf you prefer, you can download the source code, then use the publish wizard to create a pre-compiled release with the &quot;allow pre-compiled site to be updatable&quot; flag set (it's in the publish wizard's advanced settings). That flag creates a pre-compiled version of the site, but will leave the content in the views intact...  you can then edit any of the views directly on the server without having to re-compile and re-deploy.<br />\n",
    "PostedDate": "2014-08-25T08:10:20.537-07:00",
    "UserRole": null,
    "MarkedAsAnswerDate": null
  },
  {
    "Id": "1293139",
    "ThreadId": "561998",
    "Html": "can you provide direct download link for the source control version to download because i couldn't see any source control version in the downloads tab please....................and thank you for your beautiful helping nature<br />\n",
    "PostedDate": "2014-08-25T08:15:01.953-07:00",
    "UserRole": null,
    "MarkedAsAnswerDate": null
  },
  {
    "Id": "1293162",
    "ThreadId": "561998",
    "Html": "Yeah, go here and click the &quot;download&quot; link from the menu bar:\r<br />\n<br />\n<a href=\"https://ticketdesk.codeplex.com/SourceControl/latest#README.md\" rel=\"nofollow\">https://ticketdesk.codeplex.com/SourceControl/latest#README.md</a>\r<br />\n<br />\nRemember, when you unzip this on your machine, you only want the stuff in the folder called TicketDesk-2. The other folder are for other versions. TD1 is ancient, and TD3 is a very early alpha (and obsolete as well... I'm working on a new TD3 version, but it's not in source control yet).<br />\n",
    "PostedDate": "2014-08-25T09:11:42.9-07:00",
    "UserRole": null,
    "MarkedAsAnswerDate": null
  },
  {
    "Id": "1293427",
    "ThreadId": "561998",
    "Html": "\r\n<div dir=\"ltr\"><br>\r\nWhen i open the file of &quot;TicketDesk 3.sln&quot; with my Visual studio 2012 and i had already installed .NET 4.5 Version it showing the error of picture included .can you please tell me how to resolve this\r\n<br>\r\n<div>\r\n<hr id=\"stopSpelling\">\r\n</div>\r\n</div>\r\n",
    "PostedDate": "2014-08-26T00:49:30.12-07:00",
    "UserRole": null,
    "MarkedAsAnswerDate": null
  },
  {
    "Id": "1293517",
    "ThreadId": "561998",
    "Html": "The picture doesn't appear to be included.<br />\n",
    "PostedDate": "2014-08-26T06:06:23.467-07:00",
    "UserRole": null,
    "MarkedAsAnswerDate": null
  }
]