[
  {
    "Id": "1422560",
    "ThreadId": "636592",
    "Html": "Hello everybody,\r<br />\nafter having installed the product and configured SQL Server 12   using SQL scripts and configured the connection strings to address my sql server 12 I log successfully as admin and as soon as I click &quot;New Ticket&quot; or Ticket center&quot;\r<br />\n I see this error :\r<br />\n&lt;my namesapce&gt;Security.ExportAuthenticationModule\r<br />\n<br />\nAny help?\r<br />\nThanks<br />\n",
    "PostedDate": "2015-05-03T09:47:03.483-07:00",
    "UserRole": null,
    "MarkedAsAnswerDate": null
  },
  {
    "Id": "1422577",
    "ThreadId": "636592",
    "Html": "Double check the connection strings again. In particular, it looks like the Security connection string may not be right, or the security objects (from script #3) are missing from your database. Of course, without more information it is difficult to know for sure. See if the windows event logs have more useful info about the exception too.<br />\n",
    "PostedDate": "2015-05-03T12:46:12.223-07:00",
    "UserRole": null,
    "MarkedAsAnswerDate": null
  }
]