[
  {
    "Id": "214091",
    "ThreadId": "63019",
    "Html": "<p>I have downloaded the TicketDesk_1.2.2_Source files. Before deploying it to use, We want to&nbsp;change the skin of TicketDesk there are few skins available&nbsp;in the fckeditor/skins folder -</p>\r\n<p>It would be great help if any one can guide me through these questions-</p>\r\n<p>1. Can we&nbsp;change the skin for TicketDesk ?</p>\r\n<p>2. If we can, how can that be done ? Does it involve manually changing skin variable at each place or can be done at one go on the server side?</p>\r\n<p>Thank you -</p>\r\n<p>Kunal</p>\r\n<p>&nbsp;</p>",
    "PostedDate": "2009-07-20T19:07:24.193-07:00",
    "UserRole": null,
    "MarkedAsAnswerDate": null
  },
  {
    "Id": "214125",
    "ThreadId": "63019",
    "Html": "<p>TicketDesk really wasn't designed with much of a formal &quot;skinning&quot; concept in mind. It just isn't complicated enough to really need a fancy custom skinning architecture or anything. It uses the built-in asp.net concepts of themes and master pages instead. While not the best &quot;skinning&quot; technology on the planet, it is more than sufficient for the simple needs of TicektDesk.&nbsp;</p>\r\n<p>Changing the appearance of TicketDesk is mostly just a matter of editing the style sheet and replacing the images.&nbsp;You'll find that stuff under the /App_Themes folder.&nbsp;</p>\r\n<p>If you need a radical overhaul to the UI, then you can also modify the pages, master pages, and user controls as desired. There aren't very many UI files to the application and they aren't too terribly complex. With TicketDesk, I made sure to avoid doing anything too fancy that might limit the usefulness of the designers in Visual Studio and/or Visual Web Developer... so you should be able to use their WYSIWYG editors if you like without too much trouble. &nbsp;</p>\r\n<p>That skins stuff in the fckeditor folder is specific to just the rich text editor. If you just want to modify the behavior or appearance of the text editor itself you can read all about that in&nbsp;<a href=\"http://docs.fckeditor.net/\">their documentation</a>.</p>",
    "PostedDate": "2009-07-20T22:03:51.84-07:00",
    "UserRole": null,
    "MarkedAsAnswerDate": null
  },
  {
    "Id": "214354",
    "ThreadId": "63019",
    "Html": "<p>I have completely re-skinned TicketDesk.&nbsp; There are still a few CSS bugs to work out, but it's a complete overhaul.</p>\r\n<p>If you would like the CSS/images I used for this I would be happy to send them over to you.</p>",
    "PostedDate": "2009-07-21T07:52:17.84-07:00",
    "UserRole": null,
    "MarkedAsAnswerDate": null
  }
]