[
  {
    "Id": "926303",
    "ThreadId": "399265",
    "Html": "\r\n<p>i can not change text of menu:</p>\r\n<ul id=\"submenu\">\r\n<li><a href=\"http://localhost:2534/TicketCenter\">Unassigned Tickets</a> </li><li><a href=\"http://localhost:2534/TicketCenter/List/assignedtome\">Tickets Assigned To Me</a>\r\n</li><li><a href=\"http://localhost:2534/TicketCenter/List/mytickets\">All My Tickets</a>\r\n</li><li><a href=\"http://localhost:2534/TicketCenter/List/opentickets\">All Open Tickets</a>\r\n</li><li><a href=\"http://localhost:2534/TicketCenter/List/historytickets\">Ticket History</a>\r\n</li></ul>\r\n<p>where are they defined?</p>\r\n<p>&nbsp;</p>\r\n<p>i need change this text to french&nbsp;language&nbsp;!</p>\r\n<p>i translate all text of this program. but i can not found this menu text.</p>\r\n<p>please help me.</p>\r\n",
    "PostedDate": "2012-10-14T02:07:47.353-07:00",
    "UserRole": null,
    "MarkedAsAnswerDate": null
  },
  {
    "Id": "927626",
    "ThreadId": "399265",
    "Html": "<p>&nbsp;</p>\r\n<p>TicketDesk.Domain/Services/UserSettingsService.cs</p>\r\n<p>&nbsp;</p>\r\n<p>You'll need to remove any existing user profiles from the aspnet_profiles table after you've modified the code. The system will rebuild the lists next time the user logs in.</p>",
    "PostedDate": "2012-10-16T12:46:15.23-07:00",
    "UserRole": null,
    "MarkedAsAnswerDate": null
  }
]