[
  {
    "Id": "731191",
    "ThreadId": "287525",
    "Html": "\r\n<p>Hi everyone!</p>\r\n<p>I'm trying TicketDesk 2.0.&nbsp; I opened it in visual studio 2010. I'm using sql express 2008. I've opened the DB whithin visual studio (TicketDesk.mdf1) and I've changed some collums data to portuguese using the Update command. I've also registered some\r\n new users in TicketDesk local website for tests. It has worked. Then I closed visual studio. Now, when I open all I need for run TicketDesk locally, including Visual Studio, every change I've made dissapear. There is no user register, the tables are exactly\r\n as they were when I used TicketDesk for the first time.</p>\r\n<p>I'll appreciate if anyone can help me.</p>\r\n<p>Best wishes,<br>\r\nCibely</p>\r\n",
    "PostedDate": "2012-01-26T09:55:07.52-08:00",
    "UserRole": null,
    "MarkedAsAnswerDate": null
  }
]