[
  {
    "Id": "1427785",
    "ThreadId": "638845",
    "Html": "whether there will be an annex to the notice of the new ticket at sms?<br />\n",
    "PostedDate": "2015-05-27T06:17:11.99-07:00",
    "UserRole": null,
    "MarkedAsAnswerDate": null
  },
  {
    "Id": "1428042",
    "ThreadId": "638845",
    "Html": "TicketDesk 2.5 has a provider model for push notifications. You can add an SMS provider fairly easily. I will eventually add at least a Twilio SMS notification provider at some point (probably TD 2.7), but it will not be included in the 2.5 release unless someone in the community has time to code it up and do a pull request.<br />\n",
    "PostedDate": "2015-05-29T10:30:10.237-07:00",
    "UserRole": null,
    "MarkedAsAnswerDate": null
  }
]