[
  {
    "Id": "248518",
    "ThreadId": "72767",
    "Html": "<p>Dear users/creator,</p>\r\n<p>Since october 5th, i've got this strange problem:</p>\r\n<p id=ErrorTitle><span id=ErrorType>System.Net.Mail.SmtpFailedRecipientException</span><span id=ErrorTypeMessageSeparator>: </span><span id=ErrorMessage>Mailbox unavailable. The server response was: 5.7.1 Unable to relay for <a href=\"mailto:xxxx@domain.nl\">xxxx@domain.nl</a></span></p>\r\n<pre id=ErrorDetail>System.ApplicationException: Failure in Email Delivery Timer ---&gt; System.Net.Mail.SmtpFailedRecipientException: Mailbox unavailable. The server response was: 5.7.1 Unable to relay for xxxx@domain.nl<a href=\"mailto:s@atcb.nl\">\r\n</a>   at System.Net.Mail.SmtpTransport.SendMail(MailAddress sender, MailAddressCollection recipients, String deliveryNotify, SmtpFailedRecipientException&amp; exception)\r\n   at System.Net.Mail.SmtpClient.Send(MailMessage message)\r\n   at TicketDesk.Engine.NotificationService.DeliverTicketEventNotificationEmail(TicketDataDataContext ctx, TicketEventNotification note, List`1 consolidations) in C:\\Projects\\Personal\\VS2008\\TicketDesk\\TicketDesk\\Engine\\NotificationService.cs:line 351\r\n   --- End of inner exception stack trace ---\r\n</pre>\r\n<pre>I've checked the mail, this is a correct one, i've checked the AD all users are in and the role's are right, i've checked the IIS6 Virtual SMTP Server!</pre>\r\n<pre>Please, i need help AsAp!</pre>\r\n<pre>Thnx in advance,</pre>\r\n<pre>Greetings,</pre>\r\n<pre>Jaive.</pre>",
    "PostedDate": "2009-10-22T04:46:07.247-07:00",
    "UserRole": null,
    "MarkedAsAnswerDate": null
  },
  {
    "Id": "250403",
    "ThreadId": "72767",
    "Html": "<p>This is a pretty standard email error, not specific to TicketDesk.</p>\r\n<p>The email server that you have configured ticketdesk to use (via the web.config file's SMTP settings) is refusing to accept the emails. Typically there are a number of reasons, but usually it is because the email server is not setup to recognize the web server as a valid source for email delivery. How you solve this depends on what kind of email server you have. My suggestion would be to first check the settings in web.config and make sure they are appropriate for your environment, and if so then google for &quot;<span style=\"font-family:Consolas, 'Courier New', Courier, monospace;white-space:pre\">The server response was: 5.7.1 Unable to relay for&quot;. There will be a bazillion posts on the topic so just find the one that fits your specific situation and environment.</span></p>\r\n<p>&nbsp;</p>\r\n<p><span style=\"font-family:Consolas, 'Courier New', Courier, monospace;white-space:pre\"><br></span></p>",
    "PostedDate": "2009-10-27T16:00:50.727-07:00",
    "UserRole": null,
    "MarkedAsAnswerDate": null
  },
  {
    "Id": "260198",
    "ThreadId": "72767",
    "Html": "<p>I have the exact same issues,&nbsp; have been trying to get the email to work for over a week now.&nbsp; I've checked all settings in web.config:</p>\r\n<p>&lt;system.net&gt;<br>&nbsp;&nbsp;&lt;mailSettings&gt;<br>&nbsp;&nbsp;&nbsp;&lt;smtp deliveryMethod=&quot;Network&quot;&gt;<br>&nbsp;&nbsp;&nbsp;&nbsp;&lt;network host=&quot;mail.xxxxxxxxx.com&quot; port=&quot;25&quot; defaultCredentials=&quot;true&quot; userName=&quot;xxxxxx&quot; password=&quot;xxxxxxx&quot; /&gt; <br>&nbsp;&nbsp;&nbsp;&lt;/smtp&gt;<br>&nbsp;&nbsp;&lt;/mailSettings&gt;<br>&nbsp;&lt;/system.net&gt;</p>",
    "PostedDate": "2009-11-24T05:25:45.44-08:00",
    "UserRole": null,
    "MarkedAsAnswerDate": null
  }
]