[
  {
    "Id": "211175",
    "ThreadId": "62219",
    "Html": "<p>Ok, I have the application running as an asp.net 3.5 application inside my parent website on an IIS7/Vista test machine and it's all good.</p>\r\n<p>To do this I had to:</p>\r\n<ul>\r\n<li>Integrate the membership/roles/profile provider as per the documentation</li>\r\n<li>Point TicketDesk at a new SQL database I created for the tickets.</li>\r\n</ul>\r\n<p>My problem is, when I deploy this to live, which is to say I leave the membership database where it is and also the Ticket Desk database, I just put TicketDesk onto my live IIS install. I should say that I'm running this on Mosso, a Medium Trust clustered provider. TheElmah<span style=\"font-family:Arial,Helvetica,Geneva,SunSans-Regular,sans-serif\"> stuff must be writing to the DB because I can access that from my test machine IIS install of TicketDesk (!), which gives me the (bowlderized) trace below.</span></p>\r\n<p><span style=\"font-family:Arial,Helvetica,Geneva,SunSans-Regular,sans-serif\">Anyway, looks like I have a Medium Trust issue to work around here which is an IIS problem not a TicketDesk one particularly, but has anyone done this already? For sure TicketDesk can't need to do anything which requires higher trust, so it's just a question of finding which setting to change in the web.config.</span></p>\r\n<p><br><span style=\"font-family:Arial,Helvetica,Geneva,SunSans-Regular,sans-serif\">Phil</span></p>\r\n<p><span style=\"font-family:Arial,Helvetica,Geneva,SunSans-Regular,sans-serif\"><br></span></p>\r\n<pre id=ErrorDetail>System.Security.SecurityException: Request for ConfigurationPermission failed while attempting to access configuration section 'system.web/authentication'. To allow all callers to access the data for this section, set section attribute 'requirePermission' equal 'false' in the configuration file where this section is declared. ---&gt; System.Security.SecurityException: Request for the permission of type 'System.Configuration.ConfigurationPermission, System.Configuration, Version=2.0.0.0, Culture=neutral, PublicKeyToken=b03f5f7f11d50a3a' failed.<br>   at System.Security.CodeAccessSecurityEngine.Check(Object demand, StackCrawlMark&amp; stackMark, Boolean isPermSet)<br>   at System.Security.CodeAccessPermission.Demand()<br>   at System.Configuration.BaseConfigurationRecord.CheckPermissionAllowed(String configKey, Boolean requirePermission, Boolean isTrustedWithoutAptca)<br>The action that failed was:<br>Demand<br>The type of the first permission that failed was:<br>System.Configuration.ConfigurationPermission<br>The first permission that failed was:<br>&lt;IPermission<br>version=&quot;1&quot;<br>Unrestricted=&quot;true&quot;/&gt;<br><br>The demand was for:<br>&lt;IPermission<br>version=&quot;1&quot;<br>Unrestricted=&quot;true&quot;/&gt;<br><br>The granted set of the failing assembly was:<br>&lt;PermissionSet<br>version=&quot;1&quot;&gt;<br>&lt;IPermission<br>version=&quot;1&quot;<br>Read=&quot;TEMP;TMP;USERNAME;OS;COMPUTERNAME&quot;/&gt;<br>&lt;IPermission<br>version=&quot;1&quot;<br><br>[...]<br><br>The assembly or AppDomain that failed was:<br>TicketDesk, Version=1.0.0.0, Culture=neutral, PublicKeyToken=null<br>The method that caused the failure was:<br>Void Page_Load(System.Object, System.EventArgs)<br>The Zone of the assembly that failed was:<br>Intranet<br>The Url of the assembly that failed was:<br>[...]<br>   --- End of inner exception stack trace ---<br>   at System.Configuration.BaseConfigurationRecord.CheckPermissionAllowed(String configKey, Boolean requirePermission, Boolean isTrustedWithoutAptca)<br>   at System.Configuration.BaseConfigurationRecord.GetSectionRecursive(String configKey, Boolean getLkg, Boolean checkPermission, Boolean getRuntimeObject, Boolean requestIsHere, Object&amp; result, Object&amp; resultRuntimeObject)<br>   at System.Configuration.BaseConfigurationRecord.GetSection(String configKey, Boolean getLkg, Boolean checkPermission)<br>   at System.Configuration.BaseConfigurationRecord.GetSection(String configKey)<br>   at System.Web.HttpContext.GetSection(String sectionName)<br>   at System.Web.Configuration.HttpConfigurationSystem.GetSection(String sectionName)<br>   at System.Web.Configuration.HttpConfigurationSystem.System.Configuration.Internal.IInternalConfigSystem.GetSection(String configKey)<br>   at System.Configuration.ConfigurationManager.GetSection(String sectionName)<br>   at TicketDesk.TicketDeskMain.Page_Load(Object sender, EventArgs e) in C:\\Users\\stephenr\\Desktop\\TicketDesk\\TicketDesk\\TicketDeskMain.Master.cs:line 28<br>   at System.Web.Util.CalliHelper.EventArgFunctionCaller(IntPtr fp, Object o, Object t, EventArgs e)<br>   at System.Web.Util.CalliEventHandlerDelegateProxy.Callback(Object sender, EventArgs e)<br>   at System.Web.UI.Control.OnLoad(EventArgs e)<br>   at System.Web.UI.Control.LoadRecursive()<br>   at System.Web.UI.Control.LoadRecursive()<br>   at System.Web.UI.Page.ProcessRequestMain(Boolean includeStagesBeforeAsyncPoint, Boolean includeStagesAfterAsyncPoint)<br>   at System.Web.UI.Page.ProcessRequest(Boolean includeStagesBeforeAsyncPoint, Boolean includeStagesAfterAsyncPoint)<br>   at System.Web.UI.Page.ProcessRequest()<br>   at System.Web.UI.Page.ProcessRequestWithNoAssert(HttpContext context)<br>   at System.Web.UI.Page.ProcessRequest(HttpContext context)<br>   at ASP.ticketcenter2_aspx.ProcessRequest(HttpContext context) in c:\\Windows\\Microsoft.NET\\Framework\\v2.0.50727\\Temporary ASP.NET Files\\ticketdesk\\0363c5c6\\562a8f59\\App_Web_aa7jzk41.1.cs:line 0<br>   at System.Web.HttpApplication.CallHandlerExecutionStep.System.Web.HttpApplication.IExecutionStep.Execute()<br>   at System.Web.HttpApplication.ExecuteStep(IExecutionStep step, Boolean&amp; completedSynchronously)<br>The Zone of the assembly that failed was:<br>MyComputer<br></pre>\r\n<p>&nbsp;</p>",
    "PostedDate": "2009-07-12T04:55:00.043-07:00",
    "UserRole": null,
    "MarkedAsAnswerDate": null
  },
  {
    "Id": "211332",
    "ThreadId": "62219",
    "Html": "<p>Well I'm learning more than I'd like about asp.net I guess. I chased this down some more.</p>\r\n<p>I looked at all the stuff in the web.config, and stripped out everything I don't need, specifically all that which references stuff I already have in the &quot;parent&quot; <br>website (remember I'm running this as a web application within the parent web site). Then I tested it again on my test IIS7 machine, no problems there.<br>I loaded it onto the live (Medium Trust) site, and it barfs on:</p>\r\n<pre id=ErrorDetail>file://**/web/content/TicketDesk/bin/TicketDesk.DLL<br>   --- End of inner exception stack trace ---<br>   at System.Configuration.BaseConfigurationRecord.CheckPermissionAllowed(String configKey, Boolean requirePermission, Boolean isTrustedWithoutAptca)<br>   at System.Configuration.BaseConfigurationRecord.GetSectionRecursive(String configKey, Boolean getLkg, Boolean checkPermission, Boolean getRuntimeObject, Boolean requestIsHere, Object&amp; result, Object&amp; resultRuntimeObject)<br>   at System.Configuration.BaseConfigurationRecord.GetSection(String configKey, Boolean getLkg, Boolean checkPermission)<br>   at System.Configuration.BaseConfigurationRecord.GetSection(String configKey)<br><br>So that's the compiled DLL trying to pull some configuration data. I only have Visual Web Express so I can't muck with the source releas e (when I try, it barfs on me), so I'm not sure what this is. <br><br>On another tack I tried another approach... this was built with the old Ajax Control toolkit, the one with lots of separate files.<br>So I took that lot out, because my site already has the up to date (single DLL) version of the toolkit in it. Then I get a version clash on the AjaxControlToolkit, which I think<br>means that the TicketDesk.DLL was built with the old version, which of course makes sense.<br><br>So... not sure what to try next. I think I will have to try to make the source code version work on my Visual Web Developer Express, so I can rebuild it with the latest asp.net/ AjaxToolkit, and<br>then perhaps find out what's trying to read what configuration in the crash above. I know I can force &quot;medium trust&quot; on my test machine, which kind of helps, although I need your ELMAH for the <br>stack dumps, because the built-in yellow screens are rather less informative for security/ trust errros.<br></pre>",
    "PostedDate": "2009-07-13T01:01:32.65-07:00",
    "UserRole": null,
    "MarkedAsAnswerDate": null
  },
  {
    "Id": "211449",
    "ThreadId": "62219",
    "Html": "<p>The problem is that your application doesn't have permissions to read the &quot;<span style=\"color:#a31515;font-size:x-small\"><span style=\"color:#a31515;font-size:x-small\">system.web/authentication</span></span>&quot;part of web.config.</p>\r\n<p>TicketDesk reads this configuration setting to detemine if the app is running in an AD environment or not.</p>\r\n<p>There are a couple of options.</p>\r\n<ul>\r\n<li>You may simply be able to tell the application to run in full trust mode by explicitly declaring it in web.config. See this <a href=\"http://codebetter.com/blogs/jeffrey.palermo/archive/2005/07/05/128845.aspx\">article at CodeBetter </a>for more info. This assumes your host did not explicitly disallow overrides too, which they may have.<br>&nbsp; </li>\r\n<li>You can customize the code so it doesn't need to check this setting, but you'll have to make the change in several places. <br><br>All of those places have this line of code:<br><br>\r\n<div style=\"color:Black;background-color:White\">\r\n<pre>AuthenticationSection authenticationSection = (AuthenticationSection)ConfigurationManager.GetSection(<span style=\"color:#A31515\">&quot;system.web/authentication&quot;</span>);\r\n\r\n</pre>\r\n</div>\r\n<br>That line is also the one throwing the error. In the same block, there is usually a simple if or switch statement that checks properties of the authenticationSection. You can&nbsp;hard-code the if statement depending on what your environment uses then just remove the offending&nbsp;line. Just remember, you have to make that change in several places (search the text for &quot;<span style=\"color:#A31515\">system.web/authentication</span>&quot; to find them all)<br>&nbsp; </li>\r\n<li>Move to a less restrictive host that will allow you to use full trust, or negotiate with your host to setup a specific exception in your case.</li>\r\n</ul>\r\n<p>I've been pretty unhappy with this technique overall, and your issue adds just one more reason to dislike it. In the next version of TicketDesk I will likely change this mechanism so it doesn't have to read directly from config. The problem is, the only other technique I've found to detect what kind of security the app is using at runtime doesn't work outside of a user initiated request.... which means the notification system (which runs on timers) can't use them. I'll have to make my own work around.</p>\r\n<p>&nbsp;</p>\r\n<p>&nbsp;</p>",
    "PostedDate": "2009-07-13T12:34:40.063-07:00",
    "UserRole": null,
    "MarkedAsAnswerDate": null
  },
  {
    "Id": "211451",
    "ThreadId": "62219",
    "Html": "<p>Thanks... yes, I sussed that out and simply commented out all the bits where it tests the auth mode - I'm using forms, so I don't need the flexibility, and as you point out it's excluded by Medium Trust.</p>\r\n<p>Mosso/Rackspace use Medium Trust deliberately; ya can't switch it up that easily I'm afraid.</p>\r\n<p>Then it barfs on notificationService lines 356, 357... the generation of a second context for Elmah I think. I commented that out too. So that works with trust set to medium on my IIS7 test machine, and also on Mosso.</p>\r\n<p>I think you'll find more hosters go Medium Trust in future - it's a pain, but only with third-party software I've found. I've only done forms auth so I don't know a smart way to tell which you're using other than the obvious.</p>\r\n<p>It was somewhat more complicated than that:</p>\r\n<ul>\r\n<li> I had to hack out the old AjaxToolkit (which doesn't run on Medium...) and replace with the latest version. Alaso Elmah, although I'm not sure that was actually broken.</li>\r\n<li> I hacked pretty much everything out of the web.config (I'm running in an application so I don't need it)</li>\r\n<li>Got the authentication sections as above, thanks to Elmah because the yellow screens don't show it.</li>\r\n<li>Commented out that &quot;mock&quot; context stuff.</li>\r\n</ul>\r\n<p>Now it runs, although it's extremely slow. I will muck about with it a bit more, as I'm not sure what the slowness is and it may be easy to fix. It's not slow HTTP - either it's SQL or there's something in here with a delay in it.</p>\r\n<p>&nbsp;</p>\r\n<p>thanks</p>\r\n<p>&nbsp;</p>",
    "PostedDate": "2009-07-13T12:45:27.663-07:00",
    "UserRole": null,
    "MarkedAsAnswerDate": null
  }
]