[
  {
    "Id": "725238",
    "ThreadId": "286153",
    "Html": "\r\n<p>Hello,</p>\r\n<p>TicketDesk works when run from VS2010 but when a published the project on IIS7 server&nbsp;I get the\r\n<span lang=\"EN-US\" style=\"color:black; font-size:10pt\">following </span>error:</p>\r\n<p>System.Web.HttpException (0x80004005): Error executing child request for handler 'System.Web.Mvc.HttpHandlerUtil&#43;ServerExecuteHttpHandlerWrapper'. ---&gt; System.ArgumentException: The virtual path '/' maps to another application, which is not allowed.<br>\r\n&nbsp;&nbsp; at System.Web.CachedPathData.GetVirtualPathData(VirtualPath virtualPath, Boolean permitPathsOutsideApp)<br>\r\n&nbsp;&nbsp; at System.Web.HttpContext.GetFilePathData()<br>\r\n&nbsp;&nbsp; at System.Web.Configuration.HttpCapabilitiesBase.GetBrowserCapabilities(HttpRequest request)<br>\r\n&nbsp;&nbsp; at System.Web.HttpRequest.get_Browser()<br>\r\n&nbsp;&nbsp; at System.Web.UI.Page.SetIntrinsics(HttpContext context, Boolean allowAsync)<br>\r\n&nbsp;&nbsp; at System.Web.UI.Page.ProcessRequestWithNoAssert(HttpContext context)<br>\r\n&nbsp;&nbsp; at System.Web.UI.Page.ProcessRequest(HttpContext context)<br>\r\n&nbsp;&nbsp; at System.Web.Mvc.ViewPage.ProcessRequest(HttpContext context)<br>\r\n&nbsp;&nbsp; at System.Web.Mvc.ViewUserControl.ViewUserControlContainerPage.ProcessRequest(HttpContext context)<br>\r\n&nbsp;&nbsp; at System.Web.Mvc.HttpHandlerUtil.ServerExecuteHttpHandlerWrapper.&lt;&gt;c__DisplayClass4.&lt;Wrap&gt;b__3()<br>\r\n&nbsp;&nbsp; at System.Web.Mvc.HttpHandlerUtil.ServerExecuteHttpHandlerWrapper.Wrap[TResult](Func`1 func)<br>\r\n&nbsp;&nbsp; at System.Web.HttpServerUtility.ExecuteInternal(IHttpHandler handler, TextWriter writer, Boolean preserveForm, Boolean setPreviousPage, VirtualPath path, VirtualPath filePath, String physPath, Exception error, String queryStringOverride)<br>\r\n&nbsp;&nbsp; at System.Web.HttpServerUtility.ExecuteInternal(IHttpHandler handler, TextWriter writer, Boolean preserveForm, Boolean setPreviousPage, VirtualPath path, VirtualPath filePath, String physPath, Exception error, String queryStringOverride)<br>\r\n&nbsp;&nbsp; at System.Web.HttpServerUtility.Execute(IHttpHandler handler, TextWriter writer, Boolean preserveForm, Boolean setPreviousPage)<br>\r\n&nbsp;&nbsp; at System.Web.HttpServerUtilityWrapper.Execute(IHttpHandler handler, TextWriter writer, Boolean preserveForm)<br>\r\n&nbsp;&nbsp; at System.Web.Mvc.ViewPage.RenderView(ViewContext viewContext)<br>\r\n&nbsp;&nbsp; at System.Web.Mvc.ViewUserControl.RenderViewAndRestoreContentType(ViewPage containerPage, ViewContext viewContext)<br>\r\n&nbsp;&nbsp; at System.Web.Mvc.Html.RenderPartialExtensions.RenderPartial(HtmlHelper htmlHelper, String partialViewName, Object model, ViewDataDictionary viewData)<br>\r\n&nbsp;&nbsp; at TicketDesk.Web.Client.Areas.Admin.Controllers.EmailTemplateController.GenerateTicketNotificationEmailBody(TicketEventNotification notification, Int32 firstUnsentCommentId, String templateToRender) in D:\\MyVsProjects\\ticketdesk-source\\TicketDesk_8af231a1f1ce\\TicketDesk-2-branch\\TicketDesk.Web.Client\\Areas\\Admin\\Controllers\\EmailTemplateController.cs:line\r\n 213<br>\r\n&nbsp;&nbsp; at TicketDesk.Web.Client.Areas.Admin.Controllers.EmailTemplateController.GenerateTicketNotificationHtmlEmailBody(TicketEventNotification notification, Int32 firstUnsentCommentId) in D:\\MyVsProjects\\ticketdesk-source\\TicketDesk_8af231a1f1ce\\TicketDesk-2-branch\\TicketDesk.Web.Client\\Areas\\Admin\\Controllers\\EmailTemplateController.cs:line\r\n 179<br>\r\n&nbsp;&nbsp; at TicketDesk.Web.Client.MefManager.TicketNotificationHtmlEmailContent(TicketEventNotification notification, Int32 firstUnsentCommentId) in D:\\MyVsProjects\\ticketdesk-source\\TicketDesk_8af231a1f1ce\\TicketDesk-2-branch\\TicketDesk.Web.Client\\Mef\\MefManager.cs:line\r\n 72<br>\r\n&nbsp;&nbsp; at TicketDesk.Domain.Services.NotificationSendingService.GetHtmlBody(TicketEventNotification note, String notifyUser, Int32 minComment) in D:\\MyVsProjects\\ticketdesk-source\\TicketDesk_8af231a1f1ce\\TicketDesk-2-branch\\TicketDesk.Domain\\Services\\NotificationSendingService.cs:line\r\n 366<br>\r\n&nbsp;&nbsp; at TicketDesk.Domain.Services.NotificationSendingService.DeliverTicketEventNotificationEmail(TicketEventNotification note, List`1 consolidations) in D:\\MyVsProjects\\ticketdesk-source\\TicketDesk_8af231a1f1ce\\TicketDesk-2-branch\\TicketDesk.Domain\\Services\\NotificationSendingService.cs:line\r\n 289</p>\r\n<p><span lang=\"EN-US\" style=\"color:black; font-size:10pt\">Do you have any idea why this is happening?</span></p>\r\n<p>&nbsp;</p>\r\n",
    "PostedDate": "2012-01-14T09:21:13.373-08:00",
    "UserRole": null,
    "MarkedAsAnswerDate": null
  },
  {
    "Id": "726005",
    "ThreadId": "286153",
    "Html": "<p><label for=\"Site Root Url For Email\">Make sure you've set the \"<label for=\"Site Root Url For Email\">Site Root Url For Email\" setting to an appropriate value in administration =&gt;&nbsp;Change Application Settings</label></label></p>\r\n<p><label for=\"Site Root Url For Email\"><label for=\"Site Root Url For Email\"><br /></label>I can tell what is happening from the stack trace, but I'm not sure why or exactly where. I can tell you are most likely runnin in a virtual directory. When rendering the view that generates an EMAIL, the view subsystem is trying to map to a path that belongs to another IIS application. The problem is that some part of the email controller's attempt to render that view is causing the a subsystem to map a URL to a path outside the TicketDesk applicaiton. It's basically running into a security feature of asp.net that keeps one application from generating URLs that lead to content within a different application's hosted on the same server.&nbsp;</label></p>\r\n<p>&nbsp;</p>\r\n<p>I have not encountered this problem myself, but then again I also haven't run ticketdesk in a virtual directory often either. I'll see about getting time to do some testing on a virtual directory setup if the that admin setting isn't the issue. Just let me know.</p>\r\n<p>&nbsp;</p>",
    "PostedDate": "2012-01-16T13:34:53.217-08:00",
    "UserRole": null,
    "MarkedAsAnswerDate": null
  },
  {
    "Id": "726693",
    "ThreadId": "286153",
    "Html": "<p>&nbsp;</p>\r\n<p>I found that the error was caused by the following line:</p>\r\n<p><span style=\"font-size: 9.5pt;\" lang=\"EN-US\"><span style=\"color: blue;\">private</span> <span style=\"color: blue;\">string</span> GenerateTicketNotificationEmailBody(<span style=\"color: #2b91af;\">TicketEventNotification</span> notification, <span style=\"color: blue;\">int</span> firstUnsentCommentId, <span style=\"color: blue;\">string</span> templateToRender)</span></p>\r\n<p>{</p>\r\n<p>&hellip;&hellip;&hellip;&hellip;&hellip;&hellip;&hellip;.</p>\r\n<p><span style=\"color: blue; font-size: 9.5pt;\" lang=\"EN-US\">var</span><span style=\"font-size: 9.5pt;\" lang=\"EN-US\"> fakeContext = <span style=\"color: blue;\">new</span> <span style=\"color: #2b91af;\">HttpContext</span>(<span style=\"color: blue;\">new</span> <span style=\"color: #2b91af;\">HttpRequest</span>(<span style=\"color: #a31515;\">\"\"</span>, <span style=\"color: #a31515;\">\"http://WINSRV/TicketDesk\"</span>, <span style=\"color: #a31515;\">\"\"</span>), fakeResponse);</span></p>\r\n<p><span style=\"font-size: 9.5pt;\" lang=\"EN-US\">&nbsp;</span><span style=\"font-size: 9.5pt;\" lang=\"EN-US\">&hellip;&hellip;&hellip;&hellip;&hellip;&hellip;&hellip;&hellip;&hellip;&hellip;</span></p>\r\n<p>&nbsp;}</p>\r\n<p>When I changed the url from <span style=\"font-size: 9.5pt;\" lang=\"EN-US\">&bdquo;<span style=\"color: #a31515;\"><a href=\"http://anywherefake.com/\">http://anywherefake.com/</a>&rdquo; </span></span>to my &ldquo;http://server/applicationName&rdquo; it worked.</p>\r\n<p>&nbsp;</p>",
    "PostedDate": "2012-01-17T13:20:07.8-08:00",
    "UserRole": null,
    "MarkedAsAnswerDate": null
  },
  {
    "Id": "727281",
    "ThreadId": "286153",
    "Html": "\r\n<div>Seems like the best general purpose solution then would be to change it to where it maps a real(ish) path.\r\n<br>\r\n<br>\r\nThis is kicked off from a timer running on a background thread, so we can't easily build a valid real URL (no request object to use as a guide, and security doesn't usually allow you to query for the real network bindings from IIS). So the best solution is\r\n probably to just use the email root URL setting to build the fake context object up. I liked using a completely fake URL for the context object since it isn't actually used for any network I/O , but it seems the context object is tied to some aggressive back-end\r\n security. <br>\r\n<br>\r\n</div>\r\n<div>I've pushed a change to source where this will use the same value from the app settings, which should work even in virtual directory cases.\r\n<br>\r\n<br>\r\nAll it does is change that line to this:</div>\r\n<div>\r\n<pre style=\"font-family:Consolas; background-color:white\">\r\n<span style=\"color:blue\">var</span> fakeContext = <span style=\"color:blue\">new</span> <span style=\"color:rgb(43,145,175)\">HttpContext</span>(<span style=\"color:blue\">new</span> <span style=\"color:rgb(43,145,175)\">HttpRequest</span>(<span style=\"color:rgb(163,21,21)\">&quot;&quot;</span>, AppSettings.SiteRootUrlForEmail, <span style=\"color:rgb(163,21,21)\">&quot;&quot;</span>), fakeResponse);<span style=\"font-size:15px\">\r\n</span></pre>\r\n<br>\r\nI'd appreciate it if you could double check the fix, but it has passed live fire testing on my company's production servers.\r\n</div>\r\n<div><br>\r\n</div>\r\n<div>Thanks,</div>\r\n<br clear=\"all\">\r\nStephen M. Redd<br>\r\n<a href=\"mailto:redds@reddnet.net\">redds@reddnet.net</a><br>\r\n<a href=\"http://reddnet.net\">http://reddnet.net</a><br>\r\n<br>\r\n<br>\r\n<br>\r\n<div>On Tue, Jan 17, 2012 at 4:20 PM, gabihodoroaga <span dir=\"ltr\">&lt;<a href=\"mailto:notifications@codeplex.com\">notifications@codeplex.com</a>&gt;</span> wrote:<br>\r\n<blockquote style=\"margin:0 0 0 .8ex; border-left:1px #ccc solid; padding-left:1ex\">\r\nfakeContext </blockquote>\r\n</div>\r\n<br>\r\n",
    "PostedDate": "2012-01-18T14:11:13.653-08:00",
    "UserRole": null,
    "MarkedAsAnswerDate": null
  },
  {
    "Id": "1001255",
    "ThreadId": "286153",
    "Html": "Hello,\r<br />\n<br />\nI too have had this problem and have not been succesful with the new fix\r<br />\n<br />\nSystem.Web.HttpException (0x80004005): Error executing child request for handler 'System.Web.Mvc.HttpHandlerUtil+ServerExecuteHttpHandlerWrapper'. ---&gt; System.ArgumentException: The virtual path '/Our%20Support%20System/' maps to another application, which is not allowed.\r<br />\n   at System.Web.CachedPathData.GetVirtualPathData(VirtualPath virtualPath, Boolean permitPathsOutsideApp)\r<br />\n   at System.Web.HttpContext.GetFilePathData()\r<br />\n   at System.Web.Configuration.HttpCapabilitiesBase.GetBrowserCapabilities(HttpRequest request)\r<br />\n   at System.Web.HttpRequest.get_Browser()\r<br />\n   at System.Web.UI.Page.SetIntrinsics(HttpContext context, Boolean allowAsync)\r<br />\n   at System.Web.UI.Page.ProcessRequestWithNoAssert(HttpContext context)\r<br />\n   at System.Web.UI.Page.ProcessRequest(HttpContext context)\r<br />\n   at System.Web.Mvc.ViewPage.ProcessRequest(HttpContext context)\r<br />\n   at System.Web.Mvc.ViewUserControl.ViewUserControlContainerPage.ProcessRequest(HttpContext context)\r<br />\n   at System.Web.Mvc.HttpHandlerUtil.ServerExecuteHttpHandlerWrapper.&lt;&gt;c__DisplayClass4.&lt;Wrap&gt;b__3()\r<br />\n   at System.Web.Mvc.HttpHandlerUtil.ServerExecuteHttpHandlerWrapper.Wrap[TResult](Func<code>1 func)\r<br />   at System.Web.HttpServerUtility.ExecuteInternal(IHttpHandler handler, TextWriter writer, Boolean preserveForm, Boolean setPreviousPage, VirtualPath path, VirtualPath filePath, String physPath, Exception error, String queryStringOverride)\r<br />   at System.Web.HttpServerUtility.ExecuteInternal(IHttpHandler handler, TextWriter writer, Boolean preserveForm, Boolean setPreviousPage, VirtualPath path, VirtualPath filePath, String physPath, Exception error, String queryStringOverride)\r<br />   at System.Web.HttpServerUtility.Execute(IHttpHandler handler, TextWriter writer, Boolean preserveForm, Boolean setPreviousPage)\r<br />   at System.Web.HttpServerUtility.Execute(IHttpHandler handler, TextWriter writer, Boolean preserveForm)\r<br />   at System.Web.Mvc.ViewPage.RenderView(ViewContext viewContext)\r<br />   at System.Web.Mvc.ViewUserControl.RenderViewAndRestoreContentType(ViewPage containerPage, ViewContext viewContext)\r<br />   at MX.SupportSystem.Web.Client.Areas.Admin.Controllers.EmailTemplateController.GenerateTicketNotificationEmailBody(TicketEventNotification notification, Int32 firstUnsentCommentId, String templateToRender)\r<br />   at MX.SupportSystem.Domain.Services.NotificationSendingService.DeliverTicketEventNotificationEmail(TicketEventNotification note, List</code>1 consolidations)\r<br />\n<br />\nThanks<br />\n",
    "PostedDate": "2013-02-14T07:35:06.903-08:00",
    "UserRole": null,
    "MarkedAsAnswerDate": null
  },
  {
    "Id": "1001550",
    "ThreadId": "286153",
    "Html": "kev148, can you confirm that the appSetting in web.config for &quot;SiteRootUrlForEmail&quot; is correct for your production environment?<br />\n",
    "PostedDate": "2013-02-14T16:26:18.093-08:00",
    "UserRole": null,
    "MarkedAsAnswerDate": null
  },
  {
    "Id": "1001800",
    "ThreadId": "286153",
    "Html": "I though it was but on a fresh look it wasn't. However once i corrected that and the emails were sent i encountered a new issue. The generted path for the images used in the email was incorrect.\r<br />\n<br />\n<br />\nFor example with a &quot;SiteRootUrlForEmail&quot; of &quot;<a href=\"http://localhost/Ticketdesk&quot;  instead of  generating &quot;localhost/Ticketdesk/Content/someimage.jpeg\" rel=\"nofollow\">http://localhost/Ticketdesk\"  instead of  generating \"localhost/Ticketdesk/Content/someimage.jpeg</a>&quot; the html generated a path &quot;localhost/Ticketdesk/Ticketdesk/Content/someimage.jpeg&quot;\r<br />\n<br />\nThanks for replying to my first post so promptly.\r<br />\nKevin<br />\n",
    "PostedDate": "2013-02-15T05:55:00.997-08:00",
    "UserRole": null,
    "MarkedAsAnswerDate": null
  },
  {
    "Id": "1003616",
    "ThreadId": "286153",
    "Html": "OK, I have reviewed the reports here, as well as the code. I have been unable to reproduce problems sending emails, nor with the image path with the latest code. I have tested on IIS 7, and IIS Express 8 with root sites as well as virtual directories. \r<br />\n<br />\nI do want to clarify a few things.<br />\n<ul>\n<li>\nThe URLS for images require an application setting called &quot;Site Root Url For Email&quot;. This value is configured in the administration section ticketdesk in the Application Settings tool (~/ApplicationSettings). <br />\n</li>\n<li>\nThe value of this setting should include ONLY the protocol, host name, and port. You should not include the virtual directory. E.g. &quot;<a href=\"http://localhost&quot;, or &quot;http://localhost:2534&quot;, but __NOT__ &quot;http://localhost:2534/ticketdesk\" rel=\"nofollow\">http://localhost\", or \"http://localhost:2534\", but __NOT__ \"http://localhost:2534/ticketdesk</a>&quot;.  TicketDesk will figure out the virtual directory part of the paths for you.<br />\n</li>\n<li>\nTicketDesk doesn't notify the user that submitted or changed the ticket. This is an anti-noise mechanism designed to reduce the number of notifications users receive. TicketDesk doesn't notify you about changes you made yourself, and this includes the &quot;new ticket&quot; notification. <br />\n</li>\n<li>\nThe best way to test notifications is to setup two users accounts, one in helpdesk role, the other in ticketsubmitters. Create the ticket under one account, and then login as the other account and make changes. Check both email accounts to see notifications.<br />\n</li>\n</ul>\n",
    "PostedDate": "2013-02-19T12:07:21-08:00",
    "UserRole": null,
    "MarkedAsAnswerDate": null
  },
  {
    "Id": "1088755",
    "ThreadId": "286153",
    "Html": "I'm suffering from the same problem.\r<br />\nIf the &quot;Site Root Url For Email&quot; is set to &quot;<a href=\"http://correcthost:correctport&quot;, the email are NOT sent\" rel=\"nofollow\">http://correcthost:correctport\", the email are NOT sent</a>.\r<br />\nIf it is set to  &quot;<a href=\"http://correcthost:correctport/TicketDesk/&quot;, the email are SENT but all the link are broken (the becomes http://correcthost:correctport/TicketDesk//TicketDesk/etc\" rel=\"nofollow\">http://correcthost:correctport/TicketDesk/\", the email are SENT but all the link are broken (the becomes http://correcthost:correctport/TicketDesk//TicketDesk/etc</a>..).\r<br />\n<br />\nPlease note the even  &quot;<a href=\"http://correcthost:correctport/TicketDesk&quot; does NOT work\" rel=\"nofollow\">http://correcthost:correctport/TicketDesk\" does NOT work</a>.<br />\n",
    "PostedDate": "2013-09-05T07:03:01.107-07:00",
    "UserRole": null,
    "MarkedAsAnswerDate": null
  },
  {
    "Id": "1089814",
    "ThreadId": "286153",
    "Html": "This discussion has been copied to a work item. Click <a href=\"https://ticketdesk.codeplex.com/workitem/21430\" rel=\"nofollow\">here</a> to go to the work item and continue the discussion.<br />\n",
    "PostedDate": "2013-09-07T21:46:40.97-07:00",
    "UserRole": null,
    "MarkedAsAnswerDate": null
  },
  {
    "Id": "1089817",
    "ThreadId": "286153",
    "Html": "fixed in <a href=\"https://ticketdesk.codeplex.com/SourceControl/changeset/b42431fb4d9cd2f70ccc307f854845620eaef1ed\" rel=\"nofollow\">changeset b42431fb4d9c</a>, on master<br />\n",
    "PostedDate": "2013-09-07T21:59:01.143-07:00",
    "UserRole": null,
    "MarkedAsAnswerDate": null
  }
]