[
  {
    "Id": "1068676",
    "ThreadId": "450096",
    "Html": "The search functionality is working fine in my development machine, but after I publish it on the server &quot;GoDaddy&quot; its not working. Im getting this error :\r<br />\nSearched For: &quot;Your search terms were not understood, or there was an error executing the search&quot;\r<br />\nIm searching for &quot;Printer&quot; but its not coming results. \r<br />\n<br />\nI made sure that the folder TdSearchIndex is uploaded successfully. \r<br />\n<br />\nAny Idea? Please advice<br />\n",
    "PostedDate": "2013-07-15T14:33:34.973-07:00",
    "UserRole": null,
    "MarkedAsAnswerDate": null
  },
  {
    "Id": "1068686",
    "ThreadId": "450096",
    "Html": "Make sure ticketdesk can write to the TdSearchIndex folder, and that the folder is populated with content after the app starts up (may take a few minutes before ticketdesk runs and completes a re-build of the index.<br />\n",
    "PostedDate": "2013-07-15T14:56:31.513-07:00",
    "UserRole": null,
    "MarkedAsAnswerDate": null
  },
  {
    "Id": "1068704",
    "ThreadId": "450096",
    "Html": "Thanks Stephen, \r<br />\n<br />\nThis solved the issue.<br />\n",
    "PostedDate": "2013-07-15T15:22:04.273-07:00",
    "UserRole": null,
    "MarkedAsAnswerDate": null
  }
]