[
  {
    "Id": "1454547",
    "ThreadId": "648352",
    "Html": "hiI fannally got some time left to continue figuring out the ticket desk program, but when i opened the site and wanted to go to the \\tickets page, I got this error thrown at me:\r<br />\nAn unhandled exception was generated during the execution of the current web request. Information regarding the origin and location of the exception can be identified using the exception stack trace below.<br />\n\r<br />\nStack Trace: \r<br />\n<br />\n<br />\n<br />\n[NullReferenceException: Object reference not set to an instance of an object.]\r<br />\n   TicketDesk.Web.Client.Models.&lt;ListTicketsAsync&gt;d__13.MoveNext() +89\r<br />\n   System.Runtime.CompilerServices.TaskAwaiter.ThrowForNonSuccess(Task task) +144\r<br />\n   System.Runtime.CompilerServices.TaskAwaiter.HandleNonSuccessAndDebuggerNotification(Task task) +84\r<br />\n   System.Runtime.CompilerServices.TaskAwaiter<code>1.GetResult() +49\r<br />   TicketDesk.Web.Client.Models.&lt;GetViewModelAsync&gt;d__1.MoveNext() +1280\r<br />   System.Runtime.CompilerServices.TaskAwaiter.ThrowForNonSuccess(Task task) +144\r<br />   System.Runtime.CompilerServices.TaskAwaiter.HandleNonSuccessAndDebuggerNotification(Task task) +84\r<br />   TicketDesk.Web.Client.Controllers.&lt;Index&gt;d__6.MoveNext() +485\r<br />   System.Runtime.CompilerServices.TaskAwaiter.ThrowForNonSuccess(Task task) +144\r<br />   System.Runtime.CompilerServices.TaskAwaiter.HandleNonSuccessAndDebuggerNotification(Task task) +84\r<br />   System.Web.Mvc.Async.TaskAsyncActionDescriptor.EndExecute(IAsyncResult asyncResult) +143\r<br />   System.Web.Mvc.Async.&lt;&gt;c__DisplayClass37.&lt;BeginInvokeAsynchronousActionMethod&gt;b__36(IAsyncResult asyncResult) +23\r<br />   System.Web.Mvc.Async.AsyncInvocationWithFilters.&lt;InvokeActionMethodFilterAsynchronouslyRecursive&gt;b__3d() +112\r<br />   System.Web.Mvc.Async.&lt;&gt;c__DisplayClass46.&lt;InvokeActionMethodFilterAsynchronouslyRecursive&gt;b__3f() +452\r<br />   System.Web.Mvc.Async.&lt;&gt;c__DisplayClass33.&lt;BeginInvokeActionMethodWithFilters&gt;b__32(IAsyncResult asyncResult) +15\r<br />   System.Web.Mvc.Async.&lt;&gt;c__DisplayClass2b.&lt;BeginInvokeAction&gt;b__1c() +37\r<br />   System.Web.Mvc.Async.&lt;&gt;c__DisplayClass21.&lt;BeginInvokeAction&gt;b__1e(IAsyncResult asyncResult) +241\r<br />   System.Web.Mvc.Controller.&lt;BeginExecuteCore&gt;b__1d(IAsyncResult asyncResult, ExecuteCoreState innerState) +29\r<br />   System.Web.Mvc.Async.WrappedAsyncVoid</code>1.CallEndDelegate(IAsyncResult asyncResult) +111\r<br />\n   System.Web.Mvc.Controller.EndExecuteCore(IAsyncResult asyncResult) +74\r<br />\n   System.Web.Mvc.Async.WrappedAsyncVoid<code>1.CallEndDelegate(IAsyncResult asyncResult) +19\r<br />   System.Web.Mvc.MvcHandler.&lt;BeginProcessRequest&gt;b__5(IAsyncResult asyncResult, ProcessRequestState innerState) +51\r<br />   System.Web.Mvc.Async.WrappedAsyncVoid</code>1.CallEndDelegate(IAsyncResult asyncResult) +111\r<br />\n   System.Web.CallHandlerExecutionStep.OnAsyncHandlerCompletion(IAsyncResult ar) +282\r<br />\n<br />\n \r<br />\nI can still create tickets and so, just can't see the ticketcentre...\r<br />\nany idea what might be wrong?<br />\n",
    "PostedDate": "2015-12-04T02:37:44.623-08:00",
    "UserRole": null,
    "MarkedAsAnswerDate": null
  },
  {
    "Id": "1454659",
    "ThreadId": "648352",
    "Html": "This particular stack trace isn't as helpful as some. It looks like this happening in the part of the code where the controller is trying to build up the view model --likely things that can cause issues there would be some form of data corruption; probably in the user settings.  Can you create or login with a different user account and see if the problem happens there as well?<br />\n",
    "PostedDate": "2015-12-04T15:57:26.76-08:00",
    "UserRole": null,
    "MarkedAsAnswerDate": null
  },
  {
    "Id": "1454929",
    "ThreadId": "648352",
    "Html": "Hi StephenRedd, \r<br />\n<br />\n it only seems to be with this partcular (admin) user. \r<br />\ncould this be set straight, or do I need to give up this user and make a new one?<br />\n",
    "PostedDate": "2015-12-07T05:17:11.407-08:00",
    "UserRole": null,
    "MarkedAsAnswerDate": null
  },
  {
    "Id": "1454941",
    "ThreadId": "648352",
    "Html": "You can delete this user from the DB manually, or delete the whole DB and let ticketdesk make you a new one. The problem is likely something about the user's settings, but I don't know what... nor how it would have gotten corrupted... which is a bit concerning. <br />\n",
    "PostedDate": "2015-12-07T06:35:58.66-08:00",
    "UserRole": null,
    "MarkedAsAnswerDate": null
  },
  {
    "Id": "1454942",
    "ThreadId": "648352",
    "Html": "if it might help, I can get you a backup of the DB, or any other kind of logging af available...<br />\n",
    "PostedDate": "2015-12-07T06:40:26.633-08:00",
    "UserRole": null,
    "MarkedAsAnswerDate": null
  },
  {
    "Id": "1455032",
    "ThreadId": "648352",
    "Html": "If you could toss a backup of the DB on a cloud file service, I'd be more than happy to take a look. If I can figure out what data is corrupt, maybe I can audit the code to see if I can figure out how it got that way in the first place. <br />\n",
    "PostedDate": "2015-12-07T20:27:56.733-08:00",
    "UserRole": null,
    "MarkedAsAnswerDate": null
  },
  {
    "Id": "1455515",
    "ThreadId": "648352",
    "Html": "Peter, codeplex is reporting that my private messages to you are not being delivered. Can you contact me directly at <a href=\"mailto:redds@reddnet.net,\" rel=\"nofollow\">redds@reddnet.net,</a> and I'll resend.  Thanks!<br />\n",
    "PostedDate": "2015-12-10T16:49:10.277-08:00",
    "UserRole": null,
    "MarkedAsAnswerDate": null
  }
]