[
  {
    "Id": "225359",
    "ThreadId": "66336",
    "Html": "<p>After setting up a fresh database with the ASP.NET Membership tables, I ran the NewInstallSQL script. After I was unable to log in with the two default accounts mentioned in the documentation, I tried creating a new account. This threw the error &quot;The role 'HelpDesk' was not found&quot;. Looking at the install script, I found these are not included.</p>\r\n<p>Did I miss a step?</p>",
    "PostedDate": "2009-08-19T03:58:42.36-07:00",
    "UserRole": null,
    "MarkedAsAnswerDate": null
  },
  {
    "Id": "225559",
    "ThreadId": "66336",
    "Html": "<p>TicketDesk's default configuration uses the two databases included in the app_data folder. These databases are pre-configured and already have the two stock users and roles setup. You don't have to configure anything to use TicketDesk as long as you have SQL Express installed.&nbsp;</p>\r\n<p>The create scripts are for manually creating your own database (or databases). Use the aspnet_regsql utility to create the SQL security objects. &nbsp;Run the contents of NewInstallSQL.txt to create the TicketDesk objects. You can use one database, or split the ticketdesk and security to different databases (like the default configuration does). But aspnet_regsql doesn't automatically create users and roles for you. You&nbsp;have to manually create any users and roles. The easiest way to do that is to update the web.config file connection strings and provider settings then use the &quot;Web Site Administration Tool&quot; to configure the users (in Visual Studio: select &quot;Project&quot; from the menu then &quot;ASP.NET Configuration&quot;. More info: <a href=\"http://msdn.microsoft.com/en-us/library/yy40ytx0.aspx\">http://msdn.microsoft.com/en-us/library/yy40ytx0.aspx</a>).&nbsp;</p>\r\n<p>If you use different role names than the default ones, update the appSettings in web.config with the names of the roles you want to use. &nbsp;</p>\r\n<p>&nbsp;</p>\r\n<p>&nbsp;</p>\r\n<p>&nbsp;</p>\r\n<p>&nbsp;</p>\r\n<p>&nbsp;</p>",
    "PostedDate": "2009-08-19T12:01:34.84-07:00",
    "UserRole": null,
    "MarkedAsAnswerDate": null
  }
]