[
  {
    "Id": "188996",
    "ThreadId": "55968",
    "Html": "<p>&nbsp;If on a page. And I make a comment. during testing I open a ticket. Make a comment, take ownership make a comment.&nbsp; The comment does NOT take after submitting.</p>\r\n<p>&nbsp;I have to close the page and log back into the system.&nbsp; Seems like a timeout issue. In my test environment I didnt mess with any timeout settings and left all the IIS settings set to default.</p>",
    "PostedDate": "2009-05-11T12:11:12.563-07:00",
    "UserRole": null,
    "MarkedAsAnswerDate": null
  },
  {
    "Id": "189892",
    "ThreadId": "55968",
    "Html": "<p>Are you using Internet Explorer 8 by chance?&nbsp;</p>",
    "PostedDate": "2009-05-13T11:56:19.987-07:00",
    "UserRole": null,
    "MarkedAsAnswerDate": null
  },
  {
    "Id": "228939",
    "ThreadId": "55968",
    "Html": "<p>Has anyone found a fix for this, i have the issues as suggested by jpochedl only in IE8, i've tried forcing compatability mode but still have the same.</p>",
    "PostedDate": "2009-08-29T04:32:39.34-07:00",
    "UserRole": null,
    "MarkedAsAnswerDate": null
  },
  {
    "Id": "229000",
    "ThreadId": "55968",
    "Html": "<p>I've heard similar reports from some of my own users on IE8, but the reports are not consistent. One of my help-desk staffers can reproduce this very reliably, but I have never been able to cause the problem on my own system. Other users report the same infrequently. &nbsp;</p>\r\n<p>There are also some problems with allowing users to paste HTML in ticket comments or details. Sometimes the contents of pasted HTML will breaks the page, horribly maim the layout, or cause the notifications to fail.</p>\r\n<p>To address these kinds of issues, the current source has been modified to use the markitUp! editor that uses the popular markdown syntax instead of HTML. I'm currently testing this out, and you can download the latest source if you want to try it out yourself. If I get good results from the new editor with my IE8 users, I'll be packaging this up as a formal release (TicketDesk 1.2.3) later this week.</p>\r\n<p>&nbsp;</p>",
    "PostedDate": "2009-08-29T11:37:29.043-07:00",
    "UserRole": null,
    "MarkedAsAnswerDate": null
  }
]