[
  {
    "Id": "191320",
    "ThreadId": "56611",
    "Html": "<p>Hello friends,</p>\r\n<p>&nbsp;</p>\r\n<p>Needed some advice with you..&nbsp; i downloaded the source code and was trying to add 2 extra fields to the TicketComments database table and modify the</p>\r\n<p>source code accordingly to save data in those 2 fields.&nbsp; as i am new to LINQ and VS 2008, can anyone give me some guidance?..&nbsp; i've been trying for some days now.</p>\r\n<p>&nbsp;</p>\r\n<p>MMany thanks for any help.</p>\r\n<p>&nbsp;</p>\r\n<p>Kind Regards,</p>\r\n<p>Zaheer</p>",
    "PostedDate": "2009-05-17T23:40:04.47-07:00",
    "UserRole": null,
    "MarkedAsAnswerDate": null
  }
]