[
  {
    "Id": "1243487",
    "ThreadId": "544818",
    "Html": "I think I must have missed something obvious or I'm misunderstanding something because I have just downloaded the compiled 2.1.1 version in zip format and tried installing it as per the instructions on here.\r<br />\nI have unzipped and moved the files to the webroot on my local machine (64 bit)\r<br />\nSet up the application in IIS with its own app pool\r<br />\n<br />\nHowever, when I browse to the directory I am getting the error message:<br />\n<pre><code>HTTP Error 403.14 - Forbidden</code></pre>\n\nwith the most likely cause being:<br />\n<pre><code>A default document is not configured for the requested URL, and directory browsing is not enabled on the server</code></pre>\n\nThe thing that is confusing me is that there is no global.asax in the downloaded zip which might explain the 'no default document'.\r<br />\n<br />\nWhat have I missed? <br />\n",
    "PostedDate": "2014-05-09T07:01:06.053-07:00",
    "UserRole": null,
    "MarkedAsAnswerDate": null
  },
  {
    "Id": "1243564",
    "ThreadId": "544818",
    "Html": "This is a pure IIS configuration issue. The global.asax file is not required, nor would its absence be the cause of this problem. Unfortunately, there are a large number of other potential causes. \r<br />\n<br />\nLet's start with the basics. \r<br />\n<br />\nWhen you installed IIS, did you explicitly tell it to install the asp.net components? This isn't installed by default on some versions of windows. You can re-run the add remove features wizard in control panel to make sure. \r<br />\n<br />\nHave you tried creating a new web site in IIS (in a different location) and putting the application there? The root website that IIS installs by default has a very specialized configuration, and doesn't make the best deployment location for a new application.\r<br />\n<br />\nHave you checked the default documents list for this web site in IIS to make sure default.aspx is listed, and is first in the list?<br />\n",
    "PostedDate": "2014-05-09T09:45:14.957-07:00",
    "UserRole": null,
    "MarkedAsAnswerDate": null
  },
  {
    "Id": "1244264",
    "ThreadId": "544818",
    "Html": "I had already installed asp.net using the 'add features' method in Windows.<br />\n\r<br />\nYour suggestion about the default document led me to try browsing directly to default.aspx and got this error message<br />\n<pre><code>Handler &quot;PageHandlerFactory-Integrated&quot; has a bad module &quot;ManagedPipelineHandler&quot; in its module list</code></pre>\n\nA search on StackOverflow for this error message turned up this solution <a href=\"http://stackoverflow.com/questions/6846544/how-to-fix-handler-pagehandlerfactory-integrated-has-a-bad-module-managedpip\" rel=\"nofollow\">http://stackoverflow.com/questions/6846544/how-to-fix-handler-pagehandlerfactory-integrated-has-a-bad-module-managedpip</a>\r<br />\n<br />\nI ran the following command from the accepted solution<br />\n<pre><code>%windir%\\Microsoft.NET\\Framework64\\v4.0.30319\\aspnet_regiis.exe -i</code></pre>\n\nand I no longer get the original error message.  (I now get a different error concerning establishing a connection to SQL Server, but that's a different issue)<br />\n",
    "PostedDate": "2014-05-12T02:13:13.743-07:00",
    "UserRole": null,
    "MarkedAsAnswerDate": null
  },
  {
    "Id": "1244295",
    "ThreadId": "544818",
    "Html": "I should also like to add the other steps I took in order to get the compiled solution working in the hope it might help someone else.\r<br />\n<br />\nAs mentioned above the next error I encountered is outlined here <a href=\"http://blogs.msdn.com/b/sqlexpress/archive/2011/12/09/using-localdb-with-full-iis-part-1-user-profile.aspx\" rel=\"nofollow\">http://blogs.msdn.com/b/sqlexpress/archive/2011/12/09/using-localdb-with-full-iis-part-1-user-profile.aspx</a>\r<br />\nwhich I solved by editing the applicationHost.config file which is usually located in C:\\Windows\\System32\\inetsrv\\config.   Note that I set up an application pool in IIS specifically for TicketDesk.<br />\n<pre><code>&lt;add name=&quot;TicketDesk&quot; autoStart=&quot;true&quot; enable32BitAppOnWin64=&quot;true&quot; managedRuntimeVersion=&quot;v4.0&quot; &gt;\n           &lt;processModel identityType=&quot;ApplicationPoolIdentity&quot; loadUserProfile=&quot;true&quot; setProfileEnvironment=&quot;true&quot; /&gt;\n&lt;/add&gt;</code></pre>\n\nDon't forget to stop/start the application pool.\r<br />\n<br />\nThe next error concerned the database files in TicketDesk/App_Data.  Full control permission needs to be given on both TicketDesk.mdf and TicketDesk_log.ldf to the IIS_IUSRS group on the machine.\r<br />\n<br />\nAfter all this I was then able to run the application<br />\n",
    "PostedDate": "2014-05-12T03:53:16.793-07:00",
    "UserRole": null,
    "MarkedAsAnswerDate": null
  }
]