[
  {
    "Id": "1334884",
    "ThreadId": "575845",
    "Html": "I know this has been asked, but some pieces are missing from the various answers.  So, I'm hoping to get help with details and all the steps included.<br />\n<br />\nI took the existing db and moved it to the db server.  I copied the ADWeb.config file and made it the web.config file and adjusted it accordingly.<br />\n<br />\nEnvironment: Windows server 2008 R2 IIS 7.5 with Windows authentication setup.  SQL Serve 2008 R2 has the db.<br />\nWeb site:  ticketdesk.domain.local is function and gets to the home page.  When clicking on &quot;new ticket&quot;, I do get a login screen as well.<br />\n<br />\nTicketDesk 2.1<br />\n<br />\nMy AD setup domain: domain.local<br />\nAD user I am using: domain.local\\users\\administrator<br />\nAD user password: Password123<br />\n<br />\nI have a OU under domain.local called TicketDesk.  In there I have 3 security groups called admin, staff, and submit.  That AD admin user is added to all 3 groups.  I have the 3 roles link as well.<br />\n<br />\nActual config section from web.config:<br />\n  &lt;appSettings&gt;<br />\n<pre><code>&lt;add key=&quot;ActiveDirectoryDomain&quot; value=&quot;domain.local&quot;/&gt;\n&lt;add key=&quot;ActiveDirectoryUser&quot; value=&quot;domain.local\\users\\administrator&quot;/&gt;\n&lt;add key=&quot;ActiveDirectoryUserPassword&quot; value=&quot;Password123&quot;/&gt;\n\n&lt;add key=&quot;TicketSubmittersRoleName&quot; value=&quot;domain.local\\ticketdesk\\submit&quot;/&gt;\n&lt;add key=&quot;HelpDeskStaffRoleName&quot; value=&quot;domain.local\\ticketdesk\\staff&quot;/&gt;\n&lt;add key=&quot;AdministrativeRoleName&quot; value=&quot;domain.local\\ticketdesk\\admin&quot;/&gt;\n\n&lt;add key=&quot;SecurityMode&quot; value=&quot;AD&quot; /&gt;\n&lt;add key=&quot;ClientValidationEnabled&quot; value=&quot;false&quot; /&gt;\n&lt;add key=&quot;UnobtrusiveJavaScriptEnabled&quot; value=&quot;false&quot; /&gt;</code></pre>\n\n&lt;/appSettings&gt;<br />\n<br />\nNo matter what I do or how long I wait for the first &quot;trip&quot; to the site, the AD User tables never get set in the DB.  I know the DB is at least reading correctly because I manually changed some settings in the DB and the site adjusted.<br />\n<br />\nWhat am I missing?<br />\n",
    "PostedDate": "2014-12-19T06:38:13.72-08:00",
    "UserRole": null,
    "MarkedAsAnswerDate": null
  },
  {
    "Id": "1334893",
    "ThreadId": "575845",
    "Html": "Found it ... confusing in the instructions .... I will change the default domain name to make it stand out a little better.\r<br />\n<br />\nYou do not need to specify the actual OU location for the roles ... just the name of them.\r<br />\n<br />\n&lt;appSettings&gt;<br />\n<pre><code>&lt;add key=&quot;ActiveDirectoryDomain&quot; value=&quot;mysite.local&quot;/&gt;\n&lt;add key=&quot;ActiveDirectoryUser&quot; value=&quot;mysite\\Administrator&quot;/&gt;\n&lt;add key=&quot;ActiveDirectoryUserPassword&quot; value=&quot;Password123&quot;/&gt;\n\n&lt;add key=&quot;TicketSubmittersRoleName&quot; value=&quot;mysite\\Submit&quot;/&gt;\n&lt;add key=&quot;HelpDeskStaffRoleName&quot; value=&quot;mysite\\Staff&quot;/&gt;\n&lt;add key=&quot;AdministrativeRoleName&quot; value=&quot;mysite\\Admin&quot;/&gt;\n\n&lt;add key=&quot;SecurityMode&quot; value=&quot;AD&quot; /&gt;\n&lt;add key=&quot;ClientValidationEnabled&quot; value=&quot;false&quot; /&gt;\n&lt;add key=&quot;UnobtrusiveJavaScriptEnabled&quot; value=&quot;false&quot; /&gt;</code></pre>\n\n&lt;/appSettings&gt;<br />\n",
    "PostedDate": "2014-12-19T07:16:50.717-08:00",
    "UserRole": null,
    "MarkedAsAnswerDate": null
  },
  {
    "Id": "1334906",
    "ThreadId": "575845",
    "Html": "Ok - not so fast ... I have things setup and working now - except the actual login part.  I see the AD table is populated now and I can enter an appropriate user in the login box.  But, now it gives an error of &quot;Value: Null&quot; ...\r<br />\n<br />\nOh - and I did have to add the OU in the role fields:\r<br />\n&lt;add key=&quot;TicketSubmittersRoleName&quot; value=&quot;mysite\\TicketDesk\\Submit&quot;/&gt;\r<br />\n&lt;add key=&quot;HelpDeskStaffRoleName&quot; value=&quot;mysite\\TicketDesk\\Staff&quot;/&gt;\r<br />\n&lt;add key=&quot;AdministrativeRoleName&quot; value=&quot;mysite\\TicketDesk\\Admin&quot;/&gt;\r<br />\n<br />\nNow what?\r<br />\n<br />\n<br />\nServer Error in '/' Application.\r<br />\nValue cannot be null.\r<br />\nParameter name: value\r<br />\nDescription: An unhandled exception occurred during the execution of the current web request. Please review the stack trace for more information about the error and where it originated in the code.\r<br />\n<br />\nException Details: System.ArgumentNullException: Value cannot be null.\r<br />\nParameter name: value\r<br />\n<br />\nSource Error:\r<br />\n<br />\nAn unhandled exception was generated during the execution of the current web request. Information regarding the origin and location of the exception can be identified using the exception stack trace below.\r<br />\n<br />\nStack Trace:\r<br />\n<br />\n<br />\n[ArgumentNullException: Value cannot be null.\r<br />\nParameter name: value]\r<br />\n   System.Runtime.Caching.MemoryCacheEntry..ctor(String key, Object value, DateTimeOffset absExp, TimeSpan slidingExp, CacheItemPriority priority, Collection<code>1 dependencies, CacheEntryRemovedCallback removedCallback, MemoryCache cache) +89042\r<br />   System.Runtime.Caching.MemoryCache.AddOrGetExistingInternal(String key, Object value, CacheItemPolicy policy) +771\r<br />   System.Runtime.Caching.ObjectCache.Add(String key, Object value, CacheItemPolicy policy, String regionName) +25\r<br />   TicketDesk.Domain.Services.AdSecurityCacheService.SetCache(ObjectCache cache, String key, Object value, CacheItemPolicy policy) +49\r<br />   TicketDesk.Domain.Services.AdSecurityCacheService.GetRoleMembers(String groupName) +491\r<br />   TicketDesk.Domain.Repositories.AdSecurityRepository.IsUserInRoleName(String userName, String roleName) +61\r<br />   TicketDesk.Domain.Services.UserSettingsService.VerifyDefaultTicketCenterLists(UserDisplayPreferences preferences) +341\r<br />   TicketDesk.Domain.Services.UserSettingsService.GetDisplayPreferences() +43\r<br />   TicketDesk.Web.Client.Controllers.TicketCenterController.List(Nullable</code>1 page, String listName) +89\r<br />\n   lambda_method(Closure , ControllerBase , Object[] ) +173\r<br />\n   System.Web.Mvc.ReflectedActionDescriptor.Execute(ControllerContext controllerContext, IDictionary<code>2 parameters) +274\r<br />   System.Web.Mvc.ControllerActionInvoker.InvokeActionMethod(ControllerContext controllerContext, ActionDescriptor actionDescriptor, IDictionary</code>2 parameters) +39\r<br />\n   System.Web.Mvc.Async.&lt;&gt;c__DisplayClass39.&lt;BeginInvokeActionMethodWithFilters&gt;b__33() +120\r<br />\n   System.Web.Mvc.Async.&lt;&gt;c__DisplayClass4f.&lt;InvokeActionMethodFilterAsynchronously&gt;b__49() +452\r<br />\n   System.Web.Mvc.Async.&lt;&gt;c__DisplayClass4f.&lt;InvokeActionMethodFilterAsynchronously&gt;b__49() +452\r<br />\n   System.Web.Mvc.Async.&lt;&gt;c__DisplayClass37.&lt;BeginInvokeActionMethodWithFilters&gt;b__36(IAsyncResult asyncResult) +15\r<br />\n   System.Web.Mvc.Async.&lt;&gt;c__DisplayClass2a.&lt;BeginInvokeAction&gt;b__20() +33\r<br />\n   System.Web.Mvc.Async.&lt;&gt;c__DisplayClass25.&lt;BeginInvokeAction&gt;b__22(IAsyncResult asyncResult) +240\r<br />\n   System.Web.Mvc.&lt;&gt;c__DisplayClass1d.&lt;BeginExecuteCore&gt;b__18(IAsyncResult asyncResult) +28\r<br />\n   System.Web.Mvc.Async.&lt;&gt;c__DisplayClass4.&lt;MakeVoidDelegate&gt;b__3(IAsyncResult ar) +15\r<br />\n   System.Web.Mvc.Controller.EndExecuteCore(IAsyncResult asyncResult) +53\r<br />\n   System.Web.Mvc.Async.&lt;&gt;c__DisplayClass4.&lt;MakeVoidDelegate&gt;b__3(IAsyncResult ar) +15\r<br />\n   System.Web.Mvc.&lt;&gt;c__DisplayClass8.&lt;BeginProcessRequest&gt;b__3(IAsyncResult asyncResult) +42\r<br />\n   System.Web.Mvc.Async.&lt;&gt;c__DisplayClass4.&lt;MakeVoidDelegate&gt;b__3(IAsyncResult ar) +15\r<br />\n   System.Web.CallHandlerExecutionStep.System.Web.HttpApplication.IExecutionStep.Execute() +606\r<br />\n   System.Web.HttpApplication.ExecuteStep(IExecutionStep step, Boolean&amp; completedSynchronously) +288<br />\n",
    "PostedDate": "2014-12-19T07:42:00.673-08:00",
    "UserRole": null,
    "MarkedAsAnswerDate": null
  },
  {
    "Id": "1334952",
    "ThreadId": "575845",
    "Html": "First, let me start by pointing out that AD is a very customizable data store. It is also exceedingly difficult to write generic code that can successfully query AD in every possible configuration without having extensive foreknowledge of what those custom structures look like. This is one of the biggest drawbacks to LDAP, and probably the most frustrating as well. This is also why so few pre-packaged software systems integrate with AD directly. It is also the reason that future versions of TicketDesk, starting with TD 2.5, will no longer support direct integration with AD. Instead, you will need an intermediary like ADFS or IdentityServer... which solve this problem by normalizing query and result formats, while providing the means to let admins map between their particular internal AD structure, and the standardized formats used externally.\r<br />\n<br />\nI can not guarantee that TicketDesk can correctly query AD correctly in all possible configurations. TicketDesk can usually query most default AD environments --ones that do not use custom OUs, for example. It might be able to query some AD setups that deviate from the standard defaults, but I didn't put much testing into that since there is almost an infinite number of possible issues to account for.\r<br />\n<br />\nIn order to test if TicketDesk works with the specific configuration you describe, you would have to debug and test against an AD server setup the way you describe (be it your production AD, or a test AD setup similarly. If TD can't query it using the code as it is now, then you could probably customize the security repository to correctly account for the custom OUs, but, those customization would only work for environments very similar to your own, and would break in other configurations. \r<br />\n<br />\nI would recommend that you start by seeing if you can get it working with top-level user groups that are not part of a custom OU. That would prove that it works. Then, if you really wanted to handle custom OUs you could experiment with settings to see if you can get that to work, and if not you could then dive into the code to see why not.\r<br />\n<br />\nSecond, I want to clarify that the purpose of querying AD and caching some of the data locally in the SQL database has nothing to do with login or permission checks. The actual security stuff is done through the standard asp.net windows security providers, and doesn't make any use of the AD data cached in the SQL database. The cached AD data is used only to provide valid email addresses for each user, and to build the dropdown lists for selecting a user (filters in ticketcenter, and owner/assignTo fields in the ticket editor). This is information that you cannot obtain from the standard security providers that ship with asp.net... the only way to get it is to query AD directly... again, this is the main reason most systems don't attempt AD integration.\r<br />\n<br />\nTo be honest, I wish I hadn't ever done it myself. It's nice that TD can integrate with AD, but it probably wasn't worth the sheer number of hours I've spent beating my head against AD's insanely obtuse design... that that was just to get it working with &quot;most&quot; standard AD setups.<br />\n",
    "PostedDate": "2014-12-19T09:42:38.18-08:00",
    "UserRole": null,
    "MarkedAsAnswerDate": null
  },
  {
    "Id": "1334954",
    "ThreadId": "575845",
    "Html": "Thank you Stephen - I completely understand.<br />\n<br />\n&quot;I would recommend that you start by seeing if you can get it working with top-level user groups that are not part of a custom OU. That would prove that it works. Then, if you really wanted to handle custom OUs you could experiment with settings to see if you can get that to work, and if not you could then dive into the code to see why not. &quot;<br />\n<ul>\n<li>you mean put the security groups at the root of the domain or at least in the default &quot;Users&quot; OU?</li>\n</ul>\n",
    "PostedDate": "2014-12-19T09:44:10.683-08:00",
    "UserRole": null,
    "MarkedAsAnswerDate": null
  },
  {
    "Id": "1334960",
    "ThreadId": "575845",
    "Html": "Yup, that's exactly right.<br />\n",
    "PostedDate": "2014-12-19T10:01:44.97-08:00",
    "UserRole": null,
    "MarkedAsAnswerDate": null
  },
  {
    "Id": "1334966",
    "ThreadId": "575845",
    "Html": "Ok - getting closer ... I can actually get a login prompt for my AD user.  I can log in and get to the ticketcenter, etc.  Now, when I click on &quot;Administration&quot;, it asks me for another login and no matter what I put, I can't get in.<br />\n",
    "PostedDate": "2014-12-19T10:25:25.493-08:00",
    "UserRole": null,
    "MarkedAsAnswerDate": null
  },
  {
    "Id": "1335065",
    "ThreadId": "575845",
    "Html": "In web.config, find the section below system.web called &lt;location path=&quot;Admin&quot;&gt;. Make sure the authorization settings there are correct for your configuration.<br />\n",
    "PostedDate": "2014-12-19T21:27:48.87-08:00",
    "UserRole": null,
    "MarkedAsAnswerDate": null
  },
  {
    "Id": "1335484",
    "ThreadId": "575845",
    "Html": "Right now the setting looks like this:\r<br />\n&lt;allow roles=&quot;domain\\ticketdeskadmin&quot; /&gt;\r<br />\n<br />\nIn the actual userroles table, the roles are:\r<br />\nAdministrators, Helpdesk, TicketSubmitters\r<br />\n<br />\nI've never set roles for AD before so I've never had to include the &quot;domain&quot; part.  Normally, I would set this as:\r<br />\n&lt;allow roles=&quot;Administrators&quot; /&gt;\r<br />\n<br />\nWhat should it be set like?<br />\n",
    "PostedDate": "2014-12-22T05:02:41.75-08:00",
    "UserRole": null,
    "MarkedAsAnswerDate": null
  },
  {
    "Id": "1335490",
    "ThreadId": "575845",
    "Html": "Aaaaahhhhhhhhhaaaaaaa - got it!\r<br />\n<br />\nThe local admin roles section needs to be set to the same security group setting that is set for the ad administrativerole name like so:\r<br />\nfrom app setting:\r<br />\n&lt;add key=&quot;AdministrativeRoleName&quot; value=&quot;mysite\\Admin&quot;/&gt;\r<br />\n<br />\n<br />\nupdate the roles section to:\r<br />\n&lt;allow roles=&quot;mysite\\Admin&quot; /&gt; \r<br />\n<br />\nMight want to update the documentation on this part to include the role setting.<br />\n",
    "PostedDate": "2014-12-22T05:21:11.48-08:00",
    "UserRole": null,
    "MarkedAsAnswerDate": null
  }
]