[
  {
    "Id": "1306205",
    "ThreadId": "567842",
    "Html": "Hi,\r<br />\nThe email notification service doesn't work. Is this due to migration of code to VS 2012 ?<br />\n",
    "PostedDate": "2014-09-19T00:06:53.327-07:00",
    "UserRole": null,
    "MarkedAsAnswerDate": null
  },
  {
    "Id": "1306409",
    "ThreadId": "567842",
    "Html": "In the broad sense, email notification services do work. There are no known code issues with the latest release, or latest source version. Historically, many people have had difficulty configuring email services in their specific server and network environments, but these are case-by-case issues. Email environments can be quite complex and tricky in general, but assuming you configure ticketdesk correctly for your environment, it should have no difficulty sending notifications.\r<br />\n<br />\nWhat specific problems are you having?<br />\n",
    "PostedDate": "2014-09-19T09:30:39.157-07:00",
    "UserRole": null,
    "MarkedAsAnswerDate": null
  }
]