[
  {
    "Id": "605808",
    "ThreadId": "255981",
    "Html": "\r\n<p>Hi <span style=\"font-size:9pt\">Stephen,</span></p>\r\n<p><span style=\"font-size:9pt\">after long time again I need your help.</span></p>\r\n<p><span style=\"font-size:9pt\">I dont know anything about jquery. In preview button click I got an error in function&nbsp;&quot;renderPreview&quot; in jquery.markitup.js. Error is on line &quot;</span><span style=\"color:#0000ff; font-size:x-small\"><span style=\"color:#0000ff; font-size:x-small\"><span style=\"color:#0000ff; font-size:x-small\">return\r\n</span></span></span><span style=\"font-size:x-small\">phtml;&quot; . </span></p>\r\n<p><span style=\"font-size:x-small\">Error is Microsoft JScript runtime error: 'phtml' is undefined</span></p>\r\n<p><span style=\"font-size:x-small\">I debug the code but I cant understand also.</span></p>\r\n<p><span style=\"font-size:x-small\">how to solve this issue</span></p>\r\n<p><span style=\"font-size:x-small\">bye</span></p>\r\n<p><span style=\"font-size:x-small\">&nbsp;</span></p>\r\n<p><span style=\"font-size:x-small\">&nbsp;</span></p>\r\n<p><span style=\"font-size:9pt\">&nbsp;</span></p>\r\n<p><span style=\"font-size:9pt\">&nbsp;</span></p>\r\n<p><span style=\"font-size:9pt\">&nbsp;</span></p>\r\n<p><span style=\"font-size:9pt\">&nbsp;</span></p>\r\n<p><span style=\"font-size:9pt\">&nbsp;</span></p>\r\n",
    "PostedDate": "2011-05-02T05:20:22.15-07:00",
    "UserRole": null,
    "MarkedAsAnswerDate": null
  },
  {
    "Id": "605940",
    "ThreadId": "255981",
    "Html": "<p>There could be a problem with the ajax function that the preview is calling.&nbsp;Try checking the ELMAH logs on the server-side, or debug through the server-side controller code.&nbsp;There isn't enough information for me to offer any real help beyond those suggestions.</p>",
    "PostedDate": "2011-05-02T09:13:20.223-07:00",
    "UserRole": null,
    "MarkedAsAnswerDate": null
  }
]