[
  {
    "Id": "1264465",
    "ThreadId": "551162",
    "Html": "We have installed the compiled version of ticketdesk on a 2008R2 VM in Azure.  It's using IIS 7.5, we have created a vanilla website and separate application pool with .Net4.  We have also installed SQL Express 2008 R2 with SQLEXPRESS as the instance.  We are able to launch the website both locally on the server, and publicly over DNS (on port 80) but when we try login with the admin account we receive the error \r<br />\n&quot;Login was unsuccessful. Please correct the errors and try again. •The user name or password provided is incorrect&quot;.<br />\n\r<br />\nWe swapped the SQLWeb.config to use as our web.config since it contains the SQLEXPRESS instance in the connection strings.  Our connection strings are the default ones as shown below:\r<br />\n<br />\nelmahlog \r<br />\nData Source=.\\SQLExpress;AttachDbFilename=|DataDirectory|\\TicketDesk.mdf;Integrated Security=True;User Instance=True\r<br />\n<br />\nTicketDeskEntities\r<br />\nmetadata=res://<em>/Models.TicketDeskEntities.csdl|res://</em>/Models.TicketDeskEntities.ssdl|res://*/Models.TicketDeskEntities.msl;provider=System.Data.SqlClient;provider\r<br />\n<br />\nTicketDeskSecurityConnectionString\r<br />\nDataSource=.\\SQLExpress;AttachDbFilename=|DataDirectory|\\TicketDeskSecurity.mdf;Integrated Security=True;User Instance=True\r<br />\n<br />\nWe verified case sensitivity for the instance name in the web.config matches the instance created by SQL Express 2008 R2. \r<br />\nWe are using the original database files in app_data, but we did also try swapping them with the ones in the SQLExpress2005FileDatabase folder which did not seem to make a difference.\r<br />\nTicketDesk.mdf\r<br />\nTicketDesk_log.idf\r<br />\n<br />\nThe following two files have also been generated in the app_data directory. \r<br />\nTICKETDESKSECURITY.mdf\r<br />\nTicketDeskSecurity_log.ldf\r<br />\n<br />\nThe timestamp on all of these files in the app_data folder updates when we recycle the application pool, but we cannot login with any of the 3 default accounts in the ticketdesk.mdf file.  They all result in the  same error &quot;Login was unsuccessful. Please correct the errors and try again. •The user name or password provided is incorrect&quot;.\r<br />\n<br />\nIn the IIS log it records the following but nothing else.\r<br />\n2014-07-10 14:56:20 10.4.2.10 GET /Account/LogOn - 80 - (IP removed) Mozilla/5.0+(Windows+NT+6.1;+WOW64;+Trident/7.0;+rv:11.0)+like+Gecko 200 0 0 109\r<br />\n2014-07-10 14:56:27 10.4.2.10 POST /Account/LogOn - 80 - (IP removed) Mozilla/5.0+(Windows+NT+6.1;+WOW64;+Trident/7.0;+rv:11.0)+like+Gecko 200 0 0 625\r<br />\n<br />\nIt was our understanding that there should be no additional configurations needed once the site was up, the app pool created and set to .net 4, the files copied over to the site root we should be able to login.  We can browse the main page, get to the login page, but cannot get any further.  New user registration fails also.  Any assistance or ideas would be greatly appreciated.  \r<br />\n",
    "PostedDate": "2014-07-10T08:22:33.683-07:00",
    "UserRole": null,
    "MarkedAsAnswerDate": null
  },
  {
    "Id": "1264492",
    "ThreadId": "551162",
    "Html": "The TicketDesk.mdf that ships in the app_data folder with TicketDesk is setup with both the ticketdesk and the security objects both... a single database configuration. The main web.config is setup to use this same database for all three connection strings. \r<br />\n<br />\nThe SQLWeb.config is a reference config showing a split-database setup, separate security and ticketdesk databases. \r<br />\n<br />\nIn your case, the application is creating a new security database using the settings in the security connection string. Like any new SqlMembership database, it will not have any pre-defined users. \r<br />\n<br />\nAll you need to do to use the security objects in the main database instead is to make sure you point all three of your connection strings to the same database, specifically TicketDeskSecurityConnectionString \r<br />\nDataSource=.\\SQLExpress;AttachDbFilename=|DataDirectory|\\TicketDesk.mdf;Integrated Security=True;User Instance=True \r<br />\n<br />\nYou can remove the ticketdesksecurity.mdf and ldf, as they will not be needed if you are using the single database configuration.\r<br />\n<br />\nAlternately, you can leave the setup you have now, and just run the  3_SecurityDefaultUsers.sql script against the TicketDeskSecurity database to create the default users for the new security database. <br />\n",
    "PostedDate": "2014-07-10T09:38:23.69-07:00",
    "UserRole": null,
    "MarkedAsAnswerDate": null
  },
  {
    "Id": "1264518",
    "ThreadId": "551162",
    "Html": "\r\n<div>\r\n<p><span style=\"font-size:11.0pt; font-family:\">Thanks for the reply, I set all of the connection strings to the configuration you mentioned, but now I am seeing a permission error when the page tries to load. The app pool is running as the network service\r\n account which has full access to the directory with the database. What other permission would be needed to access the database? This is occurring when I load it on the server directly.\r\n</span></p>\r\n<p><span style=\"font-size:11.0pt; font-family:\"></span></p>\r\n<p><span style=\"font-size:11.0pt; font-family:\"></span></p>\r\n<p style=\"\"><span style=\"font-size:18.0pt; font-family:\">Server Error in '/' Application.</span></p>\r\n<div align=\"center\" style=\"text-align:center\"><span style=\"font-size:18.0pt; font-family:\">\r\n<hr size=\"1\" width=\"100%\" noshade=\"\" align=\"center\" style=\"color:silver\">\r\n</span></div>\r\n<p style=\"\"><i><span style=\"font-size:14.0pt; font-family:\">CREATE DATABASE permission denied in database 'master'.<br>\r\nAn attempt to attach an auto-named database for file V:\\sites\\ticketdesk.streamdynamics.net\\App_Data\\TicketDesk.mdf failed. A database with the same name exists, or specified file cannot be opened, or it is located on UNC share.</span></i><span style=\"font-size:14.0pt; font-family:\">\r\n</span></p>\r\n<p style=\"margin-bottom:12.0pt\"><b><span style=\"font-size:8.5pt; font-family:\">Description:\r\n</span></b><span style=\"font-size:8.5pt; font-family:\">An unhandled exception occurred during the execution of the current web request. Please review the stack trace for more information about the error and where it originated in the code.\r\n<br>\r\n<br>\r\n</span><b><span style=\"font-size:8.5pt; font-family:\">Exception Details: </span></b><span style=\"font-size:8.5pt; font-family:\">System.Data.SqlClient.SqlException: CREATE DATABASE permission denied in database 'master'.<br>\r\nAn attempt to attach an auto-named database for file V:\\sites\\ticketdesk.streamdynamics.net\\App_Data\\TicketDesk.mdf failed. A database with the same name exists, or specified file cannot be opened, or it is located on UNC share.<br>\r\n<br>\r\n</span><b><span style=\"font-size:8.5pt; font-family:\">Source Error:</span></b><span style=\"font-size:8.5pt; font-family:\">\r\n</span></p>\r\n<table border=\"0\" cellpadding=\"0\" width=\"100%\" style=\"width:100.0%; background:#FFFFCC\">\r\n<tbody>\r\n<tr>\r\n<td style=\"padding:.75pt .75pt .75pt .75pt\">\r\n<p><span style=\"font-size:10.0pt; font-family:\">An unhandled exception was generated during the execution of the current web request. Information regarding the origin and location of the exception can be identified using the exception stack trace below.</span><span style=\"font-size:8.5pt; font-family:\">\r\n</span></p>\r\n</td>\r\n</tr>\r\n</tbody>\r\n</table>\r\n<p style=\"margin-bottom:12.0pt\"><span style=\"font-size:8.5pt; font-family:\"><br>\r\n</span><b><span style=\"font-size:8.5pt; font-family:\">Stack Trace:</span></b><span style=\"font-size:8.5pt; font-family:\">\r\n</span></p>\r\n<table border=\"0\" cellpadding=\"0\" width=\"100%\" style=\"width:100.0%; background:#FFFFCC\">\r\n<tbody>\r\n<tr>\r\n<td style=\"padding:.75pt .75pt .75pt .75pt\">\r\n<p style=\"line-height:14.0pt\"><span style=\"font-size:11.0pt; font-family:Consolas; color:black\"></span></p>\r\n<p style=\"line-height:14.0pt\"><span style=\"font-size:11.0pt; font-family:Consolas; color:black\">[SqlException (0x80131904): CREATE DATABASE permission denied in database 'master'.</span></p>\r\n<p style=\"line-height:14.0pt\"><span style=\"font-size:11.0pt; font-family:Consolas; color:black\">An attempt to attach an auto-named database for file V:\\sites\\ticketdesk.streamdynamics.net\\App_Data\\TicketDesk.mdf failed. A database with the same name exists,\r\n or specified file cannot be opened, or it is located on UNC share.]</span></p>\r\n<p style=\"line-height:14.0pt\"><span style=\"font-size:11.0pt; font-family:Consolas; color:black\">System.Data.SqlClient.SqlInternalConnection.OnError(SqlException exception, Boolean breakConnection, Action`1 wrapCloseInAction) &#43;6749670</span></p>\r\n<p style=\"line-height:14.0pt\"><span style=\"font-size:11.0pt; font-family:Consolas; color:black\">System.Data.SqlClient.TdsParser.ThrowExceptionAndWarning(TdsParserStateObject stateObj, Boolean callerHasConnectionLock, Boolean asyncClose) &#43;815</span></p>\r\n<p style=\"line-height:14.0pt\"><span style=\"font-size:11.0pt; font-family:Consolas; color:black\">System.Data.SqlClient.TdsParser.TryRun(RunBehavior runBehavior, SqlCommand cmdHandler, SqlDataReader dataStream, BulkCopySimpleResultSet bulkCopyHandler, TdsParserStateObject\r\n stateObj, Boolean& dataReady) &#43;4515</span></p>\r\n<p style=\"line-height:14.0pt\"><span style=\"font-size:11.0pt; font-family:Consolas; color:black\">System.Data.SqlClient.TdsParser.Run(RunBehavior runBehavior, SqlCommand cmdHandler, SqlDataReader dataStream, BulkCopySimpleResultSet bulkCopyHandler, TdsParserStateObject\r\n stateObj) &#43;84</span></p>\r\n<p style=\"line-height:14.0pt\"><span style=\"font-size:11.0pt; font-family:Consolas; color:black\">System.Data.SqlClient.SqlInternalConnectionTds.CompleteLogin(Boolean enlistOK) &#43;53</span></p>\r\n<p style=\"line-height:14.0pt\"><span style=\"font-size:11.0pt; font-family:Consolas; color:black\">System.Data.SqlClient.SqlInternalConnectionTds.AttemptOneLogin(ServerInfo serverInfo, String newPassword, SecureString newSecurePassword, Boolean ignoreSniOpenTimeout,\r\n TimeoutTimer timeout, Boolean withFailover) &#43;368</span></p>\r\n<p style=\"line-height:14.0pt\"><span style=\"font-size:11.0pt; font-family:Consolas; color:black\">System.Data.SqlClient.SqlInternalConnectionTds.LoginNoFailover(ServerInfo serverInfo, String newPassword, SecureString newSecurePassword, Boolean redirectedUserInstance,\r\n SqlConnectionString connectionOptions, SqlCredential credential, TimeoutTimer timeout) &#43;6777754</span></p>\r\n<p style=\"line-height:14.0pt\"><span style=\"font-size:11.0pt; font-family:Consolas; color:black\">System.Data.SqlClient.SqlInternalConnectionTds.OpenLoginEnlist(TimeoutTimer timeout, SqlConnectionString connectionOptions, SqlCredential credential, String newPassword,\r\n SecureString newSecurePassword, Boolean redirectedUserInstance) &#43;6778255</span></p>\r\n<p style=\"line-height:14.0pt\"><span style=\"font-size:11.0pt; font-family:Consolas; color:black\">System.Data.SqlClient.SqlInternalConnectionTds..ctor(DbConnectionPoolIdentity identity, SqlConnectionString connectionOptions, SqlCredential credential, Object providerInfo,\r\n String newPassword, SecureString newSecurePassword, Boolean redirectedUserInstance, SqlConnectionString userConnectionOptions, SessionData reconnectSessionData) &#43;878</span></p>\r\n<p style=\"line-height:14.0pt\"><span style=\"font-size:11.0pt; font-family:Consolas; color:black\">System.Data.SqlClient.SqlConnectionFactory.CreateConnection(DbConnectionOptions options, DbConnectionPoolKey poolKey, Object poolGroupProviderInfo, DbConnectionPool\r\n pool, DbConnection owningConnection, DbConnectionOptions userOptions) &#43;1162</span></p>\r\n<p style=\"line-height:14.0pt\"><span style=\"font-size:11.0pt; font-family:Consolas; color:black\">System.Data.ProviderBase.DbConnectionFactory.CreatePooledConnection(DbConnectionPool pool, DbConnection owningObject, DbConnectionOptions options, DbConnectionPoolKey\r\n poolKey, DbConnectionOptions userOptions) &#43;72</span></p>\r\n<p style=\"line-height:14.0pt\"><span style=\"font-size:11.0pt; font-family:Consolas; color:black\">System.Data.ProviderBase.DbConnectionPool.CreateObject(DbConnection owningObject, DbConnectionOptions userOptions, DbConnectionInternal oldConnection) &#43;6781425</span></p>\r\n<p style=\"line-height:14.0pt\"><span style=\"font-size:11.0pt; font-family:Consolas; color:black\">System.Data.ProviderBase.DbConnectionPool.UserCreateRequest(DbConnection owningObject, DbConnectionOptions userOptions, DbConnectionInternal oldConnection) &#43;103</span></p>\r\n<p style=\"line-height:14.0pt\"><span style=\"font-size:11.0pt; font-family:Consolas; color:black\">System.Data.ProviderBase.DbConnectionPool.TryGetConnection(DbConnection owningObject, UInt32 waitForMultipleObjectsTimeout, Boolean allowCreate, Boolean onlyOneCheckConnection,\r\n DbConnectionOptions userOptions, DbConnectionInternal& connection) &#43;2105</span></p>\r\n<p style=\"line-height:14.0pt\"><span style=\"font-size:11.0pt; font-family:Consolas; color:black\">System.Data.ProviderBase.DbConnectionPool.TryGetConnection(DbConnection owningObject, TaskCompletionSource`1 retry, DbConnectionOptions userOptions, DbConnectionInternal&\r\n connection) &#43;116</span></p>\r\n<p style=\"line-height:14.0pt\"><span style=\"font-size:11.0pt; font-family:Consolas; color:black\">System.Data.ProviderBase.DbConnectionFactory.TryGetConnection(DbConnection owningConnection, TaskCompletionSource`1 retry, DbConnectionOptions userOptions, DbConnectionInternal\r\n oldConnection, DbConnectionInternal& connection) &#43;1089</span></p>\r\n<p style=\"line-height:14.0pt\"><span style=\"font-size:11.0pt; font-family:Consolas; color:black\">System.Data.ProviderBase.DbConnectionInternal.TryOpenConnectionInternal(DbConnection outerConnection, DbConnectionFactory connectionFactory, TaskCompletionSource`1\r\n retry, DbConnectionOptions userOptions) &#43;6785863</span></p>\r\n<p style=\"line-height:14.0pt\"><span style=\"font-size:11.0pt; font-family:Consolas; color:black\">System.Data.SqlClient.SqlConnection.TryOpenInner(TaskCompletionSource`1 retry) &#43;233</span></p>\r\n<p style=\"line-height:14.0pt\"><span style=\"font-size:11.0pt; font-family:Consolas; color:black\">System.Data.SqlClient.SqlConnection.TryOpen(TaskCompletionSource`1 retry) &#43;278</span></p>\r\n<p style=\"line-height:14.0pt\"><span style=\"font-size:11.0pt; font-family:Consolas; color:black\">System.Data.SqlClient.SqlConnection.Open() &#43;239</span></p>\r\n<p style=\"line-height:14.0pt\"><span style=\"font-size:11.0pt; font-family:Consolas; color:black\">System.Data.EntityClient.EntityConnection.OpenStoreConnectionIf(Boolean openCondition, DbConnection storeConnectionToOpen, DbConnection originalConnection, String\r\n exceptionCode, String attemptedOperation, Boolean& closeStoreConnectionOnFailure) &#43;102</span></p>\r\n<p style=\"line-height:14.0pt\"><span style=\"font-size:11.0pt; font-family:Consolas; color:black\"></span></p>\r\n<p style=\"line-height:14.0pt\"><span style=\"font-size:11.0pt; font-family:Consolas; color:black\">[EntityException: The underlying provider failed on Open.]</span></p>\r\n<p style=\"line-height:14.0pt\"><span style=\"font-size:11.0pt; font-family:Consolas; color:black\">System.Data.EntityClient.EntityConnection.OpenStoreConnectionIf(Boolean openCondition, DbConnection storeConnectionToOpen, DbConnection originalConnection, String\r\n exceptionCode, String attemptedOperation, Boolean& closeStoreConnectionOnFailure) &#43;11430407</span></p>\r\n<p style=\"line-height:14.0pt\"><span style=\"font-size:11.0pt; font-family:Consolas; color:black\">System.Data.EntityClient.EntityConnection.Open() &#43;142</span></p>\r\n<p style=\"line-height:14.0pt\"><span style=\"font-size:11.0pt; font-family:Consolas; color:black\">System.Data.Objects.ObjectContext.EnsureConnection() &#43;97</span></p>\r\n<p style=\"line-height:14.0pt\"><span style=\"font-size:11.0pt; font-family:Consolas; color:black\">System.Data.Objects.ObjectQuery`1.GetResults(Nullable`1 forMergeOption) &#43;66</span></p>\r\n<p style=\"line-height:14.0pt\"><span style=\"font-size:11.0pt; font-family:Consolas; color:black\">System.Data.Objects.ObjectQuery`1.System.Collections.Generic.IEnumerable&lt;T&gt;.GetEnumerator() &#43;51</span></p>\r\n<p style=\"line-height:14.0pt\"><span style=\"font-size:11.0pt; font-family:Consolas; color:black\">System.Linq.Enumerable.SingleOrDefault(IEnumerable`1 source, Func`2 predicate) &#43;108</span></p>\r\n<p style=\"line-height:14.0pt\"><span style=\"font-size:11.0pt; font-family:Consolas; color:black\">TicketDesk.Domain.Services.ApplicationSettingsService.GetSettingValue(String settingName) &#43;176</span></p>\r\n<p style=\"line-height:14.0pt\"><span style=\"font-size:11.0pt; font-family:Consolas; color:black\">TicketDesk.Domain.Services.ApplicationSettingsService.get_HideHomePage() &#43;22</span></p>\r\n<p style=\"line-height:14.0pt\"><span style=\"font-size:11.0pt; font-family:Consolas; color:black\">TicketDesk.Web.Client.MvcApplication.Application_Start() &#43;160</span></p>\r\n<p style=\"line-height:14.0pt\"><span style=\"font-size:11.0pt; font-family:Consolas; color:black\"></span></p>\r\n<p style=\"line-height:14.0pt\"><span style=\"font-size:11.0pt; font-family:Consolas; color:black\">[HttpException (0x80004005): The underlying provider failed on Open.]</span></p>\r\n<p style=\"line-height:14.0pt\"><span style=\"font-size:11.0pt; font-family:Consolas; color:black\">System.Web.HttpApplicationFactory.EnsureAppStartCalledForIntegratedMode(HttpContext context, HttpApplication app) &#43;12951237</span></p>\r\n<p style=\"line-height:14.0pt\"><span style=\"font-size:11.0pt; font-family:Consolas; color:black\">System.Web.HttpApplication.RegisterEventSubscriptionsWithIIS(IntPtr appContext, HttpContext context, MethodInfo[] handlers) &#43;175</span></p>\r\n<p style=\"line-height:14.0pt\"><span style=\"font-size:11.0pt; font-family:Consolas; color:black\">System.Web.HttpApplication.InitSpecial(HttpApplicationState state, MethodInfo[] handlers, IntPtr appContext, HttpContext context) &#43;304</span></p>\r\n<p style=\"line-height:14.0pt\"><span style=\"font-size:11.0pt; font-family:Consolas; color:black\">System.Web.HttpApplicationFactory.GetSpecialApplicationInstance(IntPtr appContext, HttpContext context) &#43;404</span></p>\r\n<p style=\"line-height:14.0pt\"><span style=\"font-size:11.0pt; font-family:Consolas; color:black\">System.Web.Hosting.PipelineRuntime.InitializeApplication(IntPtr appContext) &#43;475</span></p>\r\n<p style=\"line-height:14.0pt\"><span style=\"font-size:11.0pt; font-family:Consolas; color:black\"></span></p>\r\n<p style=\"line-height:14.0pt\"><span style=\"font-size:11.0pt; font-family:Consolas; color:black\">[HttpException (0x80004005): The underlying provider failed on Open.]</span></p>\r\n<p style=\"line-height:14.0pt\"><span style=\"font-size:11.0pt; font-family:Consolas; color:black\">System.Web.HttpRuntime.FirstRequestInit(HttpContext context) &#43;12968244</span></p>\r\n<p style=\"line-height:14.0pt\"><span style=\"font-size:11.0pt; font-family:Consolas; color:black\">System.Web.HttpRuntime.EnsureFirstRequestInit(HttpContext context) &#43;159</span></p>\r\n<p style=\"line-height:14.0pt\"><span style=\"font-size:11.0pt; font-family:Consolas; color:black\">System.Web.HttpRuntime.ProcessRequestNotificationPrivate(IIS7WorkerRequest wr, HttpContext context) &#43;12807949</span></p>\r\n</td>\r\n</tr>\r\n</tbody>\r\n</table>\r\n<p><span style=\"font-size:11.0pt; font-family:\"></span></p>\r\n<p><span style=\"font-size:11.0pt; font-family:\"></span></p>\r\n<div>\r\n<div style=\"border:none; border-top:solid #E1E1E1 1.0pt; padding:3.0pt 0in 0in 0in\">\r\n<p><b><span style=\"font-size:11.0pt; font-family:\"></span></b></p>\r\n</div>\r\n</div>\r\n</div>\r\n",
    "PostedDate": "2014-07-10T10:30:08.767-07:00",
    "UserRole": null,
    "MarkedAsAnswerDate": null
  },
  {
    "Id": "1264580",
    "ThreadId": "551162",
    "Html": "Those errors can be rough if you aren't used to managing SQL's user-instance database.  It probably isn't a permissions issue though... TD was able to create a database for the security objects earlier, so file level ACLs are probably good.\r<br />\n<br />\nWithout access to the environment, I'll give you to most thorough and heavy-handed set of things to do to clear it up. If you know where the problem is, you can usually fix this kind of error very simply and quickly, but when in doubt reach for the hammer.\r<br />\n<br />\nTypically this kind of thing happens in SQLExpress when an application has attached a database, then another application comes along and tries to attach a database with the same name. \r<br />\n<br />\nFirst thing to do is shut down IIS and the SQLExpress windows services both. This will usually detach all user-instance databases, but not always.  If you've been running Visual Studio locally on that server, also shut it down and make sure it's webdev server or IISExpress instances have been shut down.\r<br />\n<br />\nYou can restart the whole server if that isn't too much trouble.\r<br />\n<br />\nOptional - physically delete all databases from the app_data folder of your IIS ticketdesk application. Copy in a fresh version from the download package.\r<br />\n<br />\nBefore you restart the application though, go into whatever SQL management tool you have, and make sure all instances of ticketdesk related databases have been removed. If any remain attached then manually delete them, or detach them.\r<br />\n<br />\nThen restart ticketdesk.<br />\n",
    "PostedDate": "2014-07-10T12:51:20.097-07:00",
    "UserRole": null,
    "MarkedAsAnswerDate": null
  },
  {
    "Id": "1264892",
    "ThreadId": "551162",
    "Html": "\r\n<div>\r\n<p><span style=\"font-size:11.0pt; font-family:\">We ended up removing 2008 Express R2 and installed 2012 LocalDB and we have it working now after changing the load user profile setting in the app pool from false to true. Thanks for the assistance.\r\n</span></p>\r\n<p><span style=\"font-size:11.0pt; font-family:\"></span></p>\r\n<div>\r\n<div style=\"border:none; border-top:solid #E1E1E1 1.0pt; padding:3.0pt 0in 0in 0in\">\r\n<p><b><span style=\"font-size:11.0pt; font-family:\"></span></b></p>\r\n</div>\r\n</div>\r\n</div>\r\n",
    "PostedDate": "2014-07-11T10:06:07.653-07:00",
    "UserRole": null,
    "MarkedAsAnswerDate": null
  }
]