[
  {
    "Id": "1433505",
    "ThreadId": "641065",
    "Html": "Hi,<br />\ngreat work and tnx for sharing.<br />\nI have the system up and running (with SQL 2012 named instance) but I didn't find any documentation on how to configure the system (mail, user,etc.etc.).<br />\nIs there a privileged account for configuration purpose? Or an hidden Web Page?<br />\nI have no idea on how to configure the whole system.<br />\nIf I register a new user, the user cannot access the ticket system or create a new ticket...the system ask for a new registration. (the same for the online demo)<br />\nRegards.<br />\n<br />\nRed.<br />\n",
    "PostedDate": "2015-07-08T01:08:59.713-07:00",
    "UserRole": null,
    "MarkedAsAnswerDate": null
  },
  {
    "Id": "1433553",
    "ThreadId": "641065",
    "Html": "Heh, you didn't read the message that came up after you created/upgraded database in the first-run-setup. No worries, no one reads that so you are in good company.\r<br />\n<br />\nLogin as <a href=\"mailto:admin@example.com\" rel=\"nofollow\">admin@example.com</a> with password 123456\r<br />\n<br />\nOnce logged in, you will see a setting menu which will give you access to application and push notification settings.\r<br />\n<br />\nI'll be modifying the setup to require the user to specify the default admin account. I should have done that before the beta-release, or left the info about the default accounts on the home-page message. <a href=\"https://github.com/NullDesk/TicketDesk/issues/82\" rel=\"nofollow\">See issue #82</a>.\r<br />\n<br />\nSorry about that.<br />\n",
    "PostedDate": "2015-07-08T05:18:22.73-07:00",
    "UserRole": null,
    "MarkedAsAnswerDate": null
  },
  {
    "Id": "1433554",
    "ThreadId": "641065",
    "Html": "I also updated the download/release notes, here and on github.<br />\n",
    "PostedDate": "2015-07-08T05:18:59.967-07:00",
    "UserRole": null,
    "MarkedAsAnswerDate": null
  },
  {
    "Id": "1443726",
    "ThreadId": "641065",
    "Html": "Thank u so much...sorry, my fault.\r<br />\nRegards.\r<br />\n<br />\nRed.<br />\n",
    "PostedDate": "2015-09-09T04:44:31.95-07:00",
    "UserRole": null,
    "MarkedAsAnswerDate": null
  },
  {
    "Id": "1449876",
    "ThreadId": "641065",
    "Html": "Hi Red, how did you manage to restore the database as V11.0?\r<br />\nMy SQL2012 express doesn't  allow the . in V11.0\r<br />\n<br />\nany hints?<br />\n",
    "PostedDate": "2015-10-27T13:46:39.487-07:00",
    "UserRole": null,
    "MarkedAsAnswerDate": null
  },
  {
    "Id": "1450024",
    "ThreadId": "641065",
    "Html": "v11.0 is only valid for SQL Server LocalDB edition. Starting with SQL 2012 split express into two versions; regular and localdb edition. Developer tools usually use the localdb edition, which is how the project is configured out of the box. If you are going to connect to a regular SQL Express instance, you will need to change the connection string to one that works with fixed databases, not file based databases. \r<br />\n<br />\nYou can real all about how this in great detail on the <a href=\"https://github.com/NullDesk/TicketDesk/wiki/SQL-Server-Setup-and-Configuration\" rel=\"nofollow\">GitHub wiki here</a>. There you will find info on connection strings, the different versions of SQL server, etc.<br />\n",
    "PostedDate": "2015-10-28T07:04:36.323-07:00",
    "UserRole": null,
    "MarkedAsAnswerDate": null
  }
]