[
  {
    "Id": "671898",
    "ThreadId": "272606",
    "Html": "\r\n<p>Stephen</p>\r\n<p>When I have an email generated back to the user the ticketid link is 'http://localserver/&#65279;&#65279;&#65279;ViewTicket.aspx?id=134'</p>\r\n<p>I would like to change it to '&#65279;<a href=\"http://mywebserver/mywebsite/\">http://mywebserver/mywebsite/</a>&#65279;ViewTicket.aspx?134'</p>\r\n<p>Any quick directions on where the code is located.</p>\r\n",
    "PostedDate": "2011-09-14T13:06:50.073-07:00",
    "UserRole": null,
    "MarkedAsAnswerDate": null
  },
  {
    "Id": "671945",
    "ThreadId": "272606",
    "Html": "<p>You just need to set a value for the root URL to use in your emails. There is a setting for this in the web.config for ticketdesk 1.x, or in the application settings admin page in ticketdesk 2.x. The setting you need to set is called \"WebRootUrlForEmailLinks\" in TD 1, and&nbsp;\"SiteRootUrlForEmail\" in TD 2.</p>",
    "PostedDate": "2011-09-14T14:29:57.467-07:00",
    "UserRole": null,
    "MarkedAsAnswerDate": null
  },
  {
    "Id": "673853",
    "ThreadId": "272606",
    "Html": "<p>Fixed, thanks!</p>\r\n<p>&nbsp;</p>",
    "PostedDate": "2011-09-19T13:20:36.283-07:00",
    "UserRole": null,
    "MarkedAsAnswerDate": null
  }
]