[
  {
    "Id": "1318500",
    "ThreadId": "571128",
    "Html": "I want to add new field in registration page as customer name.  Is it possible to add new field? If it is yes? How can i add?\r<br />\n<br />\n<br />\nThanks in advance.\r<br />\n<br />\n<br />\nRegards,\r<br />\nNaresh P.<br />\n",
    "PostedDate": "2014-11-02T21:53:07.82-08:00",
    "UserRole": null,
    "MarkedAsAnswerDate": null
  },
  {
    "Id": "1318664",
    "ThreadId": "571128",
    "Html": "Please <a href=\"https://ticketdesk.codeplex.com/discussions/571050\" rel=\"nofollow\">see post 571050</a> for an answer<br />\n",
    "PostedDate": "2014-11-03T09:16:32.033-08:00",
    "UserRole": null,
    "MarkedAsAnswerDate": null
  }
]