[
  {
    "Id": "271261",
    "ThreadId": "79219",
    "Html": "<p>We've been using Ticketdesk now for several months and things have been working great.&nbsp; About a month ago something weird has started happening.&nbsp; I thought it was just me, but it's happening to the other technicians responding to tickets as well (but not all).&nbsp; When I go to resolve or close a ticket, it requires input.&nbsp; So&nbsp;I type something in and&nbsp;hit&nbsp;the submit button for my action, it does a quick refresh and says that the reason is required and the text box resets.&nbsp; If I keep trying to resolve or close, IE eventually crashes and restores the tab.&nbsp; What's weird is, it will then work.&nbsp; This is an intermittant issue and I've been unable to determine any pattern to it.&nbsp; I'm using IE8, but others also have IE7.&nbsp; Any ideas?&nbsp; I believe I'm running the latest version of TicketDesk.</p>",
    "PostedDate": "2009-12-28T13:52:10.127-08:00",
    "UserRole": null,
    "MarkedAsAnswerDate": null
  },
  {
    "Id": "271270",
    "ThreadId": "79219",
    "Html": "﻿\r\n<div>Please try Firefox and you will most likely see the \r\nproblem go away..  Ticket desk can be incorporated into IE8 however with \r\nalot of tweaking.  In the long run it just isn't worth it because firefox \r\nalthough not defacto standard is still a better browser.  If you found \r\nyourself using ticket desk you more than likely found yourself using it because \r\nit fits the bill and does it well.  Same with Firefox vs IE.  (IMO) \r\nThey both do the job.  Just one does it better.  ( IMO )</div>\r\n<blockquote dir=ltr style=\"padding-right:0px;padding-left:5px;margin-left:5px;border-left:#000000 2px solid;margin-right:0px\">\r\n  <div style=\"font:10pt arial\">----- Original Message ----- </div>\r\n  <div style=\"background:#e4e4e4;font:10pt arial;font-color:black\"><b>From:</b> \r\n  [email removed] </div>\r\n  <div style=\"font:10pt arial\"><b>To:</b> [email removed] </div>\r\n  <div style=\"font:10pt arial\"><b>Sent:</b> Monday, December 28, 2009 4:52 \r\n  PM</div>\r\n  <div style=\"font:10pt arial\"><b>Subject:</b> Weird issue responding to \r\n  tickets [TicketDesk:79219]</div>\r\n  <div><br></div>\r\n  \r\n\r\n  <p>From: mrchen911</p>\r\n  <div id=ThreadNotificationPostBody>\r\n  <p>We've been using Ticketdesk now for several months and things have been \r\n  working great.  About a month ago something weird has started \r\n  happening.  I thought it was just me, but it's happening to the other \r\n  technicians responding to tickets as well (but not all).  When I go to \r\n  resolve or close a ticket, it requires input.  So I type something \r\n  in and hit the submit button for my action, it does a quick refresh \r\n  and says that the reason is required and the text box resets.  If I keep \r\n  trying to resolve or close, IE eventually crashes and restores the tab.  \r\n  What's weird is, it will then work.  This is an intermittant issue and \r\n  I've been unable to determine any pattern to it.  I'm using IE8, but \r\n  others also have IE7.  Any ideas?  I believe I'm running the latest \r\n  version of TicketDesk.</p></div>\r\n  </blockquote>",
    "PostedDate": "2009-12-28T14:47:38.987-08:00",
    "UserRole": null,
    "MarkedAsAnswerDate": null
  },
  {
    "Id": "271280",
    "ThreadId": "79219",
    "Html": "<p>I've seen this issue before, but it isn't common in all environments. Generally there will be an error during one of the ajax postbacks to the server. These aren't visible in the browser, but they leave the page in an&nbsp;inconsistent&nbsp;state. If you check the ELMAH error logs it may be catching these errors though, which can help you narrow down what is going wrong. But not all ajax errors get thrown to ELMAH. Also, there could be javascript errors on the client that cause a similar set of behaviors. These you can catch by telling IE to notify you of all script errors. Either way though, there isn't much help I can give without knowing what specifically is causing the problem in your situation.</p>\r\n<p>For TicketDesk 2.0 I have abandoned the Ajax Control Toolkit, which seems to be the primary source for this kind of problem (among the many other problems I've had with it).&nbsp;</p>",
    "PostedDate": "2009-12-28T16:27:44.203-08:00",
    "UserRole": null,
    "MarkedAsAnswerDate": null
  }
]