[
  {
    "Id": "447731",
    "ThreadId": "213943",
    "Html": "<p>I'm not posting this (or my other issues) to the issue tracker since I'm not sure I'm not causing my on issues. I've gotten my logon and TicketDesk DB access issues ironed out, but now I get this error, <strong>Incorrect syntax near ','</strong>,&nbsp;when it tries to navigate to the TicketCenter2.aspx after logon, or any page that lists the auth user's tickets. Looks like a query's missing a value, but i ran&nbsp;SQL trace and can't seem to pinpoint the failed query right before the error is thrown and Elmah response appears. ,</p>\r\n<p>Wondering if this has something to do with my using our existing membership provider instead of the one included in TicketDesk?</p>\r\n<p>Any ideas on this? thanks!</p>",
    "PostedDate": "2010-05-26T09:31:10.71-07:00",
    "UserRole": null,
    "MarkedAsAnswerDate": null
  },
  {
    "Id": "447741",
    "ThreadId": "213943",
    "Html": "<p>The easiest way to find out is to switch it over to a fresh database for the security providers and see if it still fails, or just use the stock data file and configuration and see. There aren't many places where a comma in the actual data should be able to cause that kind of error.</p>\r\n<p>I'd appreciate it if you could include a detailed error output for me. The presence of that error may indicate the presence of a SQL injection vulnerability in the code.</p>\r\n<p>Likely possible data fields that might result in that error would be: membership entries with commas in the comment column, user name column, or email column. Role entries with a rolename that includes a comma could be another possible source. Then there could be some malformed entries in the profile data. &nbsp; &nbsp;&nbsp;</p>",
    "PostedDate": "2010-05-26T09:48:36.79-07:00",
    "UserRole": null,
    "MarkedAsAnswerDate": null
  },
  {
    "Id": "447772",
    "ThreadId": "213943",
    "Html": "<p>[SqlException (0x80131904): Incorrect syntax near ','.]<br>&nbsp;&nbsp; System.Data.SqlClient.SqlConnection.OnError(SqlException exception, Boolean breakConnection) +1953274<br>&nbsp;&nbsp; System.Data.SqlClient.SqlInternalConnection.OnError(SqlException exception, Boolean breakConnection) +4849707<br>&nbsp;&nbsp; System.Data.SqlClient.TdsParser.ThrowExceptionAndWarning(TdsParserStateObject stateObj) +194<br>&nbsp;&nbsp; System.Data.SqlClient.TdsParser.Run(RunBehavior runBehavior, SqlCommand cmdHandler, SqlDataReader dataStream, BulkCopySimpleResultSet bulkCopyHandler, TdsParserStateObject stateObj) +2392<br>&nbsp;&nbsp; System.Data.SqlClient.SqlCommand.FinishExecuteReader(SqlDataReader ds, RunBehavior runBehavior, String resetOptionsString) +204<br>&nbsp;&nbsp; System.Data.SqlClient.SqlCommand.RunExecuteReaderTds(CommandBehavior cmdBehavior, RunBehavior runBehavior, Boolean returnStream, Boolean async) +954<br>&nbsp;&nbsp; System.Data.SqlClient.SqlCommand.RunExecuteReader(CommandBehavior cmdBehavior, RunBehavior runBehavior, Boolean returnStream, String method, DbAsyncResult result) +162<br>&nbsp;&nbsp; System.Data.SqlClient.SqlCommand.InternalExecuteNonQuery(DbAsyncResult result, String methodName, Boolean sendToPipe) +175<br>&nbsp;&nbsp; System.Data.SqlClient.SqlCommand.ExecuteNonQuery() +137<br>&nbsp;&nbsp; Microsoft.SqlTableProfileProvider.SetPropertyValues(SettingsContext context, SettingsPropertyValueCollection collection) +3773<br>&nbsp;&nbsp; System.Configuration.SettingsBase.SaveCore() +375<br>&nbsp;&nbsp; System.Configuration.SettingsBase.Save() +93<br>&nbsp;&nbsp; System.Web.Profile.ProfileBase.SaveWithAssert() +31<br>&nbsp;&nbsp; System.Web.Profile.ProfileBase.Save() +63<br>&nbsp;&nbsp; System.Web.Profile.ProfileModule.OnLeave(Object source, EventArgs eventArgs) +8776412<br>&nbsp;&nbsp; System.Web.SyncEventExecutionStep.System.Web.HttpApplication.IExecutionStep.Execute() +68<br>&nbsp;&nbsp; System.Web.HttpApplication.ExecuteStep(IExecutionStep step, Boolean&amp; completedSynchronously) +75</p>",
    "PostedDate": "2010-05-26T11:00:40.183-07:00",
    "UserRole": null,
    "MarkedAsAnswerDate": null
  },
  {
    "Id": "447780",
    "ThreadId": "213943",
    "Html": "<p>Thanks for that info; I now suspect that it may be due to our use of a custom profile provider; I'm following up on that..</p>\r\n<p>&nbsp;</p>\r\n<p>&nbsp;</p>",
    "PostedDate": "2010-05-26T11:15:46.467-07:00",
    "UserRole": null,
    "MarkedAsAnswerDate": null
  },
  {
    "Id": "447781",
    "ThreadId": "213943",
    "Html": "<p>well, the problem is clearly with the user's profile. First of all, check web.config and make sure the properties in the profile element are defined correctly (compare them to the stock ticketdesk config files to be sure).</p>\r\n<p>Odds are the problem is directly within the profile data for the currently logged in user. I avoided any cross-reading of other people's profile data when I wrote ticketdesk; due to performance issues with the provider...</p>\r\n<p>Once you are sure the web.config defines the profile properties correctly, you whip out the user's aspnet_profile table record completely. TicketDesk will re-generate the default profile record for that user automagically.... though it has no control over what the other application might have stored there.&nbsp;</p>\r\n<p>If you have some odd conflict with the profile data between multiple applications, you can change the application name in ticketdesk's web.config file for just the profile provider (not the membership and roles providers). This will cause ticketdesk to maintain a&nbsp;separate&nbsp;set of profile records for the users without interacting with the other application's profile records at all. The MS security provider DB schema allows this kind of mixed-application domain stuff quite well.&nbsp;</p>",
    "PostedDate": "2010-05-26T11:16:27.923-07:00",
    "UserRole": null,
    "MarkedAsAnswerDate": null
  },
  {
    "Id": "447824",
    "ThreadId": "213943",
    "Html": "<p>Thanx I'll try these; really appreciate the help! Great app and would really like to be able to use it with our site; cheers!</p>",
    "PostedDate": "2010-05-26T12:55:55.037-07:00",
    "UserRole": null,
    "MarkedAsAnswerDate": null
  }
]