[
  {
    "Id": "1444819",
    "ThreadId": "645091",
    "Html": "Hi,\r<br />\n<br />\nI want to modify the solution to assign tickets to a group (billing etc) instead of a person. A user then can login in and pick a ticket from a specific group.\r<br />\n<br />\nHi-level. How to achieve this?\r<br />\n<br />\nThanks\r<br />\n<br />\nKris<br />\n",
    "PostedDate": "2015-09-17T11:02:05.273-07:00",
    "UserRole": null,
    "MarkedAsAnswerDate": null
  },
  {
    "Id": "1444875",
    "ThreadId": "645091",
    "Html": "In general, most issue trackers avoid assignment to groups rather than individuals. There are good reasons for that, the two biggest being that 1) it becomes unclear who is responsible for any issue and 2) the UI behaviors and permissible actions become counter-intuitive or complex. Instead, most issue trackers require issues to belong to specific individuals, they are the issue's responsible party. <br />\n\r<br />\nOn the technical end, it is very complex to handle non-user assignments. For example, who should get notifications? If your groups have only a few people, it's fine to notify the whole group when a group assigned ticket is updated; but what happens when the group has 10 people, 50, 500, 5000? Next thing you know, your system is on every anti-spam blacklist in the world. And that's just the complexities of one small area (notifications). When you consider all the activities, permission checks, workflows, business behaviors, etc. it can become a total nightmare very fast. \r<br />\n<br />\nBut the main point is that it is difficult to design an issue tracker with group assignments in a way that remains useful for a broad range of organizations. \r<br />\n<br />\nFor your particular case, as you describe it, you can probably achieve what you want without messing with how tickets are actually assigned. I see three ways you might potentially do that, depending on your specific needs:\r<br />\n<br />\nA) Use the Ticket Type or Category field as a group/departmental indicator. This is ideal if you don't need a hard separation between departments, just an easy way for users to filter / sort tickets in the ticket center to find the issues that fall into their area of responsibility. \r<br />\n<br />\nB) Use the new projects feature to create separate group/departmental projects. This option creates a more formal and strict separation between tickets that belong to each group (project), but again lets you assign specific individuals to the tickets with each group. Currently all users have access to all projects, but once the new identity system in in place (TD 2.6) projects will allow administrators to control which users have access to which project.\r<br />\n<br />\nC) The option I like least, but which might be a great option in some environments, would be to just use shared logins. If you are assigning tickets to &quot;groups&quot;, and all members of the group act as generic and interchangeable representatives of that group, then why not just have a &quot;billing&quot; user account and let all the people in billing support login as that same user. For notifications, you can just create a group email address for the shared login, and then handle routing emails to individual members of the group entirely within on email server. \r<br />\n<br />\nCode Option:\r<br />\n<br />\nIf you really did want to implement a traditional security group type system though, you would have to do a number of adjustments to the stock code, but overall it shouldn't be too technically difficult to change the system to use roles instead of users; but I haven't cataloged all the side-effects that such a change might produce; and how to solve those side-effects would depend on your particular organizational requirements. \r<br />\n<br />\nAt a minimum though, you would need to beef up the admin tools so you can define custom roles and assign users to them. The business domain code doesn't enforce any particular rules for what IDs are placed into the assignto and owner fields in the database; but you would need to adjust the UI to deal with the fact that some or all of those IDs map to roles instead of users.  This includes changing select lists for those fields, and the display name in ticket center, emails, and ticket viewer UIs.            <br />\n\r<br />\nIf you intended to keep the notifications system, you would need to modify it to split ticket change notifications to multiple user notifications when a group assigned ticket changes. This could get hairy, but then again you might just want to disable email notifications instead rather than spam the crap out of the whole group all the time.\r<br />\n<br />\nAs long as you made sure your users belonged to at least one of the built-in roles, in addition to your custom roles, that might be all the changes you need.      \r<br />\n",
    "PostedDate": "2015-09-17T18:05:20.543-07:00",
    "UserRole": null,
    "MarkedAsAnswerDate": "2015-10-07T12:40:37-07:00"
  },
  {
    "Id": "1492661",
    "ThreadId": "645091",
    "Html": "I am in need of the feature described above in section B.  Did TD2.6 ever get released?<br />\n",
    "PostedDate": "2017-02-14T11:11:01.057-08:00",
    "UserRole": null,
    "MarkedAsAnswerDate": null
  }
]