[
  {
    "Id": "208071",
    "ThreadId": "61336",
    "Html": "<p>Where do you populate the initial ListView Settings. I am getting the following error on line 70 of the ListViewSettingsEditor.ascx.cs file...</p>\r\n<p>&quot;Sequence contains more than one matching element&quot;</p>\r\n<p>I think that it is caused, because looking at the settings for the unassigned list, there are two FilterColumns for CurrentStatus.</p>\r\n<p><span style=\"font-size:xx-small\">\r\n<p>&gt;? listSettings.FilterColumns[0]</p>\r\n<p>{TicketDesk.Engine.ListView.ListViewFilterColumn}</p>\r\n<p>_columnName: &quot;CurrentStatus&quot;</p>\r\n<p>_columnValue: &quot;closed&quot;</p>\r\n<p>_equalityComparison: false</p>\r\n<p>ColumnName: &quot;CurrentStatus&quot;</p>\r\n<p>ColumnValue: &quot;closed&quot;</p>\r\n<p>EqualityComparison: false</p>\r\n<p>\r\n<hr>\r\n</p>\r\n<p><span style=\"font-size:xx-small\">\r\n<p>&gt;? listSettings.FilterColumns[1]</p>\r\n<p>{TicketDesk.Engine.ListView.ListViewFilterColumn}</p>\r\n<p>_columnName: &quot;CurrentStatus&quot;</p>\r\n<p>_columnValue: &quot;resolved&quot;</p>\r\n<p>_equalityComparison: false</p>\r\n<p>ColumnName: &quot;CurrentStatus&quot;</p>\r\n<p>ColumnValue: &quot;resolved&quot;</p>\r\n<p>EqualityComparison: false</p>\r\n<p>&nbsp;</p>\r\n<p>There is also a 3rd Setting for AssignedTo = null. Everywhere I look, I cannot see where these default settings are made. Any help would be appreciated.</p>\r\n<p>&nbsp;</p>\r\n<p>THanks!</p>\r\n<p>&nbsp;</p>\r\n</span></p>\r\n</span></p>",
    "PostedDate": "2009-07-02T11:16:00.26-07:00",
    "UserRole": null,
    "MarkedAsAnswerDate": null
  },
  {
    "Id": "208073",
    "ThreadId": "61336",
    "Html": "<p>Sorry...here is the line that's throwing the error...</p>\r\n<p>\r\n<p><span style=\"font-size:x-small;color:#2b91af\"><span style=\"font-size:x-small;color:#2b91af\">&lt;font size=&quot;2&quot; color=&quot;#2b91af&quot;&gt;&lt;font size=&quot;2&quot; color=&quot;#2b91af&quot;&gt;\r\n<p>ListViewFilterColumn</p>\r\n&lt;/font&gt;&lt;/font&gt;</span>&lt;font size=&quot;2&quot; color=&quot;#2b91af&quot;&gt;\r\n<p>&nbsp;</p>\r\n&lt;/font&gt;</span>\r\n<p><span style=\"font-size:x-small\">fColumn = listSettings.FilterColumns.SingleOrDefault(fc =&gt; fc.ColumnName == </span><span style=\"font-size:x-small;color:#a31515\"><span style=\"font-size:x-small;color:#a31515\">&quot;CurrentStatus&quot;</span></span><span style=\"font-size:x-small\">);</span></p>\r\n</p>\r\n</p>",
    "PostedDate": "2009-07-02T11:17:20.197-07:00",
    "UserRole": null,
    "MarkedAsAnswerDate": null
  },
  {
    "Id": "211450",
    "ThreadId": "61336",
    "Html": "<p>In the security database, you can fix this by removing all records from the aspnet_profiles table. The app will re-generate the default views automatically next time the users access the system.</p>",
    "PostedDate": "2009-07-13T12:36:17.397-07:00",
    "UserRole": null,
    "MarkedAsAnswerDate": null
  }
]