[
  {
    "Id": "162495",
    "ThreadId": "48669",
    "Html": "When using ticket search, it would appear that any closed tickets will not be returned in the results unless the user performing the query owns the tickets. This is the case for both staff and submitters regardless of what is set in the combo boxes. It would be desirable if all the history could be searched by all users, as is with all open tickets.<br>\r\n<br>\r\nRegards\r\n",
    "PostedDate": "2009-02-26T13:52:10.877-08:00",
    "UserRole": null,
    "MarkedAsAnswerDate": null
  },
  {
    "Id": "162568",
    "ThreadId": "48669",
    "Html": "This discussion has been copied to a work item. Click <a href=\"http://ticketdesk.codeplex.com/WorkItem/View.aspx?WorkItemId=12704\">here</a> to go to the work item and continue the discussion.",
    "PostedDate": "2009-02-26T18:40:11.74-08:00",
    "UserRole": null,
    "MarkedAsAnswerDate": null
  }
]