[
  {
    "Id": "1454096",
    "ThreadId": "648202",
    "Html": "I have never installed a web application before. \r<br />\nGive me step by step instructions for installing TicketDesk on IIS 7 and SQLEXPRESS 2014?<br />\n",
    "PostedDate": "2015-12-01T01:41:45.617-08:00",
    "UserRole": null,
    "MarkedAsAnswerDate": null
  },
  {
    "Id": "1454548",
    "ThreadId": "648202",
    "Html": "follow these instructions BY THE LETTER:\r<br />\n<br />\n<a href=\"https://github.com/NullDesk/TicketDesk/wiki/Windows-Server-and-IIS-Configuration\" rel=\"nofollow\">https://github.com/NullDesk/TicketDesk/wiki/Windows-Server-and-IIS-Configuration</a>\r<br />\nand \r<br />\n<a href=\"https://github.com/NullDesk/TicketDesk/wiki/Quick-Setup-Instructions\" rel=\"nofollow\">https://github.com/NullDesk/TicketDesk/wiki/Quick-Setup-Instructions</a>\r<br />\n<br />\n<br />\n<br />\nwhen you're struggeling with teh config file, here's what made it work for me:<br />\n<pre><code>  &lt;!--add name=&quot;TicketDesk&quot; connectionString=&quot;data source=(LocalDb)\\v11.0;Integrated Security=SSPI;AttachDBFilename=|DataDirectory|TicketDesk.mdf&quot; providerName=&quot;System.Data.SqlClient&quot; /--&gt;\n  &lt;add name=&quot;TicketDesk&quot; connectionString=&quot;data source=srv-data\\test;database=Ticketdesk;user id=TicketDeskUser;password=TicketDeskUserPwd;&quot; providerName=&quot;System.Data.SqlClient&quot;/&gt;\n</code></pre>\n\nmy instance is called 'srv-test\\elaut' (sql 2008)\r<br />\nand I created the user ticketdeskuser with password ticketdeskuserpwd\r<br />\n<br />\n<br />\nhope this helps you, it worked for me...<br />\n",
    "PostedDate": "2015-12-04T02:45:43.377-08:00",
    "UserRole": null,
    "MarkedAsAnswerDate": null
  }
]