[
  {
    "Id": "159846",
    "ThreadId": "47921",
    "Html": "Hi<br>\r\nIm struggling to get my feedreader set up. <br>\r\nIf the adrress of the site is <a href=\"http://mysite/ticketdesk\">http://mysite/ticketdesk</a><br>\r\nWhat the address i would use for the feedreader?<br>\r\nMany thanks<br>\r\n Colin Williams\r\n",
    "PostedDate": "2009-02-19T11:49:25.78-08:00",
    "UserRole": null,
    "MarkedAsAnswerDate": null
  },
  {
    "Id": "159861",
    "ThreadId": "47921",
    "Html": "<span style=\"color:rgb(48, 51, 45);font-family:'segoe ui';font-size:13px\"><div>It would depend on what content you wanted to display in the feed. The feed accepts query string parameters to filter the feed contents.</div><div><br></div><div>The basic URL for ALL tickets would be simply:</div><div><br></div>http://mysite/ticketdesk<span style=\"color:rgb(0, 0, 0);font-family:'times new roman';font-size:16px\">/Services/Rss.svc/createfeed/</span></span><div><br></div><div>If you just wanted tickets that were assigned to you then you'd use:</div><div><br></div><div><span style=\"color:rgb(48, 51, 45);font-family:'segoe ui';font-size:13px\">http://mysite/ticketdesk<span style=\"color:rgb(0, 0, 0);font-family:'times new roman';font-size:16px\">/Services/Rss.svc/createfeed/</span></span>?assigned=<span style=\"color:rgb(48, 51, 45);font-family:'segoe ui';font-size:13px\">ColinWilliams</span><br></div><div><span style=\"color:rgb(48, 51, 45);font-family:'segoe ui';font-size:13px\"><br></span></div><div><span style=\"color:rgb(48, 51, 45);font-family:'segoe ui';font-size:13px\">If you wanted tickets that were owned by you then:</span></div><div><span style=\"color:rgb(48, 51, 45);font-family:'segoe ui';font-size:13px\"><br></span></div><div><span style=\"color:rgb(48, 51, 45);font-family:'segoe ui';font-size:13px\"><span style=\"color:rgb(0, 0, 0);font-family:'times new roman';font-size:16px\"><span style=\"color:rgb(48, 51, 45);font-family:'segoe ui';font-size:13px\">http://mysite/ticketdesk<span style=\"color:rgb(0, 0, 0);font-family:'times new roman';font-size:16px\">/Services/Rss.svc/createfeed/</span></span>?</span>owner=ColinWilliams<br></span></div><div><span style=\"color:rgb(48, 51, 45);font-family:'segoe ui';font-size:13px\"><br></span></div><div><span style=\"color:rgb(48, 51, 45);font-family:'segoe ui';font-size:13px\">And you can combine queries, for example to see only active tickets assigned to you with the hardware category:</span></div><div><span style=\"color:rgb(48, 51, 45);font-family:'segoe ui';font-size:13px\"><br></span></div><div><span style=\"color:rgb(48, 51, 45);font-family:'segoe ui';font-size:13px\">http://mysite/ticketdesk<span style=\"color:rgb(0, 0, 0);font-family:'times new roman';font-size:16px\">/Services/Rss.svc/createfeed/</span>?assigned=ColinWilliams&amp;status=Active&amp;category=Hardware<br></span></div>",
    "PostedDate": "2009-02-19T12:21:26.64-08:00",
    "UserRole": null,
    "MarkedAsAnswerDate": null
  },
  {
    "Id": "159871",
    "ThreadId": "47921",
    "Html": "Thanks Stephen<br>\r\nNow works great.<br>\r\n",
    "PostedDate": "2009-02-19T12:57:43.403-08:00",
    "UserRole": null,
    "MarkedAsAnswerDate": null
  }
]