[
  {
    "Id": "1452927",
    "ThreadId": "647772",
    "Html": "HI when i go to the ticketdesk in internetexplorer, i get missing images of buttons and text missing in some buttons.\r<br />\nwhen i use chrome, everything seems ok...\r<br />\n<br />\n<a href=\"http://we.tl/aFhA7LcvdV\" rel=\"nofollow\">click here for screenshot</a>\r<br />\n<br />\nprobably something silly, but can't put my finger on it..;<br />\n",
    "PostedDate": "2015-11-18T02:46:19.587-08:00",
    "UserRole": null,
    "MarkedAsAnswerDate": null
  },
  {
    "Id": "1452973",
    "ThreadId": "647772",
    "Html": "Are there any javascript errors in the developer console on your client? Also, do you get the same results when you visit the demo site at <a href=\"https://ticketdesk2.azurewebsites.net/\" rel=\"nofollow\">https://ticketdesk2.azurewebsites.net/</a>\r<br />\n<br />\nThis isn't an issue on the versions of IE I've tested with, but the behavior seems odd. In your screen shot for example, the menus are collapsed as if the display were small, but from the look of it, that window shouldn't be displaying in collapsed mode at all.... not that collapsed mode should have image issues either; but still. Could be a missing file or javascript error? <br />\n",
    "PostedDate": "2015-11-18T06:43:24.08-08:00",
    "UserRole": null,
    "MarkedAsAnswerDate": null
  },
  {
    "Id": "1452975",
    "ThreadId": "647772",
    "Html": "when i visit the demo site, i get this message, while in Chrome it works...\r<br />\n<br />\n<br />\nServer Error in '/' Application.\r<br />\n<br />\nUserId not found. \r<br />\n  Description: An unhandled exception occurred during the execution of the current web request. Please review the stack trace for more information about the error and where it originated in the code. \r<br />\n<br />\n Exception Details: System.InvalidOperationException: UserId not found.\r<br />\n<br />\nSource Error: \r<br />\n The source code that generated this unhandled exception can only be shown when compiled in debug mode. To enable this, please follow one of the below steps, then request the URL:<br />\n<ol>\n<li>\nAdd a &quot;Debug=true&quot; directive at the top of the file that generated the error. Example:<br />\n</li>\n</ol>\n&lt;%@ Page Language=&quot;C#&quot; Debug=&quot;true&quot; %&gt;\r<br />\n<br />\nor:\r<br />\n<br />\n2) Add the following section to the configuration file of your application:\r<br />\n<br />\n&lt;configuration&gt;<br />\n<pre><code>&lt;system.web&gt;\n    &lt;compilation debug=&quot;true&quot;/&gt;\n&lt;/system.web&gt;</code></pre>\n\n&lt;/configuration&gt;\r<br />\n<br />\n Note that this second technique will cause all files within a given application to be compiled in debug mode. The first technique will cause only that particular file to be compiled in debug mode.\r<br />\n<br />\nImportant: Running applications in debug mode does incur a memory/performance overhead. You should make sure that an application has debugging disabled before deploying into production scenario.<br />\n\r<br />\nStack Trace: \r<br />\n<br />\n<br />\n<br />\n[InvalidOperationException: UserId not found.]\r<br />\n   Microsoft.AspNet.Identity.&lt;IsInRoleAsync&gt;d__b2.MoveNext() +627\r<br />\n   System.Runtime.CompilerServices.TaskAwaiter.ThrowForNonSuccess(Task task) +99\r<br />\n   System.Runtime.CompilerServices.TaskAwaiter.HandleNonSuccessAndDebuggerNotification(Task task) +58\r<br />\n   Microsoft.AspNet.Identity.AsyncHelper.RunSync(Func<code>1 func) +174\r<br />   Microsoft.AspNet.Identity.UserManagerExtensions.IsInRole(UserManager</code>2 manager, TKey userId, String role) +114\r<br />\n   TicketDesk.Web.Identity.TicketDeskUserManager.IsTdHelpDeskUser(String userId) +16\r<br />\n   TicketDesk.Domain.TdDomainSecurityProviderBase.get_IsTdHelpDeskUser() +40\r<br />\n   TicketDesk.Domain.&lt;GetSettingsForUserAsync&gt;d__6.MoveNext() +309\r<br />\n   System.Runtime.CompilerServices.TaskAwaiter.ThrowForNonSuccess(Task task) +99\r<br />\n   System.Runtime.CompilerServices.TaskAwaiter.HandleNonSuccessAndDebuggerNotification(Task task) +58\r<br />\n   TicketDesk.Domain.Model.&lt;GetUserSelectedProjectIdAsync&gt;d__0.MoveNext() +218\r<br />\n   System.Runtime.CompilerServices.TaskAwaiter.ThrowForNonSuccess(Task task) +99\r<br />\n   System.Runtime.CompilerServices.TaskAwaiter.HandleNonSuccessAndDebuggerNotification(Task task) +58\r<br />\n   TicketDesk.Domain.AsyncHelper.RunSync(Func<code>1 func) +81\r<br />   TicketDesk.Web.Client.Controllers.NavigationController.ProjectMenu() +245\r<br />   lambda_method(Closure , ControllerBase , Object[] ) +62\r<br />   System.Web.Mvc.ActionMethodDispatcher.Execute(ControllerBase controller, Object[] parameters) +14\r<br />   System.Web.Mvc.ReflectedActionDescriptor.Execute(ControllerContext controllerContext, IDictionary</code>2 parameters) +157\r<br />\n   System.Web.Mvc.ControllerActionInvoker.InvokeActionMethod(ControllerContext controllerContext, ActionDescriptor actionDescriptor, IDictionary<code>2 parameters) +27\r<br />   System.Web.Mvc.Async.AsyncControllerActionInvoker.&lt;BeginInvokeSynchronousActionMethod&gt;b__39(IAsyncResult asyncResult, ActionInvocation innerInvokeState) +22\r<br />   System.Web.Mvc.Async.WrappedAsyncResult</code>2.CallEndDelegate(IAsyncResult asyncResult) +29\r<br />\n   System.Web.Mvc.Async.WrappedAsyncResultBase<code>1.End() +49\r<br />   System.Web.Mvc.Async.AsyncControllerActionInvoker.EndInvokeActionMethod(IAsyncResult asyncResult) +49\r<br />   System.Web.Mvc.Async.AsyncInvocationWithFilters.&lt;InvokeActionMethodFilterAsynchronouslyRecursive&gt;b__3d() +50\r<br />   System.Web.Mvc.Async.&lt;&gt;c__DisplayClass46.&lt;InvokeActionMethodFilterAsynchronouslyRecursive&gt;b__3f() +225\r<br />   System.Web.Mvc.Async.&lt;&gt;c__DisplayClass46.&lt;InvokeActionMethodFilterAsynchronouslyRecursive&gt;b__3f() +225\r<br />   System.Web.Mvc.Async.&lt;&gt;c__DisplayClass33.&lt;BeginInvokeActionMethodWithFilters&gt;b__32(IAsyncResult asyncResult) +10\r<br />   System.Web.Mvc.Async.WrappedAsyncResult</code>1.CallEndDelegate(IAsyncResult asyncResult) +10\r<br />\n   System.Web.Mvc.Async.WrappedAsyncResultBase<code>1.End() +49\r<br />   System.Web.Mvc.Async.AsyncControllerActionInvoker.EndInvokeActionMethodWithFilters(IAsyncResult asyncResult) +49\r<br />   System.Web.Mvc.Async.&lt;&gt;c__DisplayClass2b.&lt;BeginInvokeAction&gt;b__1c() +26\r<br />   System.Web.Mvc.Async.&lt;&gt;c__DisplayClass21.&lt;BeginInvokeAction&gt;b__1e(IAsyncResult asyncResult) +100\r<br />   System.Web.Mvc.Async.WrappedAsyncResult</code>1.CallEndDelegate(IAsyncResult asyncResult) +10\r<br />\n   System.Web.Mvc.Async.WrappedAsyncResultBase<code>1.End() +49\r<br />   System.Web.Mvc.Async.AsyncControllerActionInvoker.EndInvokeAction(IAsyncResult asyncResult) +44\r<br />   System.Web.Mvc.Controller.&lt;BeginExecuteCore&gt;b__1d(IAsyncResult asyncResult, ExecuteCoreState innerState) +13\r<br />   System.Web.Mvc.Async.WrappedAsyncVoid</code>1.CallEndDelegate(IAsyncResult asyncResult) +29\r<br />\n   System.Web.Mvc.Async.WrappedAsyncResultBase<code>1.End() +49\r<br />   System.Web.Mvc.Controller.EndExecuteCore(IAsyncResult asyncResult) +38\r<br />   System.Web.Mvc.Controller.&lt;BeginExecute&gt;b__15(IAsyncResult asyncResult, Controller controller) +12\r<br />   System.Web.Mvc.Async.WrappedAsyncVoid</code>1.CallEndDelegate(IAsyncResult asyncResult) +22\r<br />\n   System.Web.Mvc.Async.WrappedAsyncResultBase<code>1.End() +49\r<br />   System.Web.Mvc.Controller.EndExecute(IAsyncResult asyncResult) +28\r<br />   System.Web.Mvc.Controller.System.Web.Mvc.Async.IAsyncController.EndExecute(IAsyncResult asyncResult) +10\r<br />   System.Web.Mvc.MvcHandler.&lt;BeginProcessRequest&gt;b__5(IAsyncResult asyncResult, ProcessRequestState innerState) +21\r<br />   System.Web.Mvc.Async.WrappedAsyncVoid</code>1.CallEndDelegate(IAsyncResult asyncResult) +29\r<br />\n   System.Web.Mvc.Async.WrappedAsyncResultBase<code>1.End() +49\r<br />   System.Web.Mvc.MvcHandler.EndProcessRequest(IAsyncResult asyncResult) +28\r<br />   System.Web.Mvc.MvcHandler.System.Web.IHttpAsyncHandler.EndProcessRequest(IAsyncResult result) +9\r<br />   System.Web.Mvc.&lt;&gt;c__DisplayClassa.&lt;EndProcessRequest&gt;b__9() +22\r<br />   System.Web.Mvc.&lt;&gt;c__DisplayClass4.&lt;Wrap&gt;b__3() +10\r<br />   System.Web.Mvc.ServerExecuteHttpHandlerWrapper.Wrap(Func</code>1 func) +27\r<br />\n   System.Web.Mvc.ServerExecuteHttpHandlerWrapper.Wrap(Action action) +64\r<br />\n   System.Web.Mvc.ServerExecuteHttpHandlerAsyncWrapper.EndProcessRequest(IAsyncResult result) +71\r<br />\n   System.Web.HttpServerUtility.ExecuteInternal(IHttpHandler handler, TextWriter writer, Boolean preserveForm, Boolean setPreviousPage, VirtualPath path, VirtualPath filePath, String physPath, Exception error, String queryStringOverride) +1438\r<br />\n<br />\n[HttpException (0x80004005): Error executing child request for handler 'System.Web.Mvc.HttpHandlerUtil+ServerExecuteHttpHandlerAsyncWrapper'.]\r<br />\n   System.Web.HttpServerUtility.ExecuteInternal(IHttpHandler handler, TextWriter writer, Boolean preserveForm, Boolean setPreviousPage, VirtualPath path, VirtualPath filePath, String physPath, Exception error, String queryStringOverride) +4422917\r<br />\n   System.Web.HttpServerUtility.Execute(IHttpHandler handler, TextWriter writer, Boolean preserveForm, Boolean setPreviousPage) +77\r<br />\n   System.Web.HttpServerUtility.Execute(IHttpHandler handler, TextWriter writer, Boolean preserveForm) +29\r<br />\n   System.Web.HttpServerUtilityWrapper.Execute(IHttpHandler handler, TextWriter writer, Boolean preserveForm) +24\r<br />\n   System.Web.Mvc.Html.ChildActionExtensions.ActionHelper(HtmlHelper htmlHelper, String actionName, String controllerName, RouteValueDictionary routeValues, TextWriter textWriter) +463\r<br />\n   System.Web.Mvc.Html.ChildActionExtensions.RenderAction(HtmlHelper htmlHelper, String actionName, String controllerName) +35\r<br />\n   ASP._Page_Views_Shared__Layout_cshtml.Execute() +11840\r<br />\n   System.Web.WebPages.WebPageBase.ExecutePageHierarchy() +197\r<br />\n   System.Web.Mvc.WebViewPage.ExecutePageHierarchy() +105\r<br />\n   System.Web.WebPages.WebPageBase.ExecutePageHierarchy(WebPageContext pageContext, TextWriter writer, WebPageRenderingBase startPage) +90\r<br />\n   System.Web.WebPages.&lt;&gt;c__DisplayClass3.&lt;RenderPageCore&gt;b__2(TextWriter writer) +232\r<br />\n   System.Web.WebPages.HelperResult.WriteTo(TextWriter writer) +10\r<br />\n   System.Web.WebPages.WebPageBase.Write(HelperResult result) +80\r<br />\n   System.Web.WebPages.WebPageBase.RenderSurrounding(String partialViewName, Action<code>1 body) +63\r<br />   System.Web.WebPages.WebPageBase.PopContext() +237\r<br />   System.Web.WebPages.WebPageBase.ExecutePageHierarchy(WebPageContext pageContext, TextWriter writer, WebPageRenderingBase startPage) +98\r<br />   System.Web.Mvc.RazorView.RenderView(ViewContext viewContext, TextWriter writer, Object instance) +256\r<br />   System.Web.Mvc.BuildManagerCompiledView.Render(ViewContext viewContext, TextWriter writer) +107\r<br />   System.Web.Mvc.ViewResultBase.ExecuteResult(ControllerContext context) +292\r<br />   System.Web.Mvc.ControllerActionInvoker.InvokeActionResult(ControllerContext controllerContext, ActionResult actionResult) +13\r<br />   System.Web.Mvc.ControllerActionInvoker.InvokeActionResultFilterRecursive(IList</code>1 filters, Int32 filterIndex, ResultExecutingContext preContext, ControllerContext controllerContext, ActionResult actionResult) +56\r<br />\n   System.Web.Mvc.ControllerActionInvoker.InvokeActionResultFilterRecursive(IList<code>1 filters, Int32 filterIndex, ResultExecutingContext preContext, ControllerContext controllerContext, ActionResult actionResult) +420\r<br />   System.Web.Mvc.ControllerActionInvoker.InvokeActionResultFilterRecursive(IList</code>1 filters, Int32 filterIndex, ResultExecutingContext preContext, ControllerContext controllerContext, ActionResult actionResult) +420\r<br />\n   System.Web.Mvc.ControllerActionInvoker.InvokeActionResultWithFilters(ControllerContext controllerContext, IList<code>1 filters, ActionResult actionResult) +52\r<br />   System.Web.Mvc.Async.&lt;&gt;c__DisplayClass2b.&lt;BeginInvokeAction&gt;b__1c() +173\r<br />   System.Web.Mvc.Async.&lt;&gt;c__DisplayClass21.&lt;BeginInvokeAction&gt;b__1e(IAsyncResult asyncResult) +100\r<br />   System.Web.Mvc.Async.WrappedAsyncResult</code>1.CallEndDelegate(IAsyncResult asyncResult) +10\r<br />\n   System.Web.Mvc.Async.WrappedAsyncResultBase`1.End() +49\r<br />\n ...<br />\n",
    "PostedDate": "2015-11-18T06:47:30.027-08:00",
    "UserRole": null,
    "MarkedAsAnswerDate": null
  },
  {
    "Id": "1452977",
    "ThreadId": "647772",
    "Html": "Clear your cookies. TicketDesk demo resets periodically, and the user you were logged in with doesn't exist anymore. I'll see if I can reproduce this locally and fix it so this doesn't continue to be a problem.<br />\n",
    "PostedDate": "2015-11-18T06:54:25.613-08:00",
    "UserRole": null,
    "MarkedAsAnswerDate": null
  },
  {
    "Id": "1452979",
    "ThreadId": "647772",
    "Html": "ok, clearing the cookis worked for the demo site.\r<br />\nbut here (inhouse) on any internet explorer I have the same missing texts as in the picture.\r<br />\nI can't find any error in teh development addon in internetexplorer...\r<br />\nbut probably i'm not looking in the right place.\r<br />\ncould you point me in the right direction?<br />\n",
    "PostedDate": "2015-11-18T07:04:35.91-08:00",
    "UserRole": null,
    "MarkedAsAnswerDate": null
  },
  {
    "Id": "1452983",
    "ThreadId": "647772",
    "Html": "Did you see the same missing images on the demo site? \r<br />\n \r<br />\nSeems like an odd problem. If it were happening in chrome, I'd suspect server configuration. The only other thing I noticed in the screenshot though that your URL is unusual, just a machine name. Do you get similar results if you use the machine's fully qualified URL? <br />\n",
    "PostedDate": "2015-11-18T07:25:36.563-08:00",
    "UserRole": null,
    "MarkedAsAnswerDate": null
  },
  {
    "Id": "1453143",
    "ThreadId": "647772",
    "Html": "demo site worked fine.\r<br />\nfqurl works alos fine.\r<br />\nso we'll work with that....\r<br />\nan other question, \r<br />\nis there a way an administrator can reset the pasword of a user?<br />\n",
    "PostedDate": "2015-11-19T04:45:19.94-08:00",
    "UserRole": null,
    "MarkedAsAnswerDate": null
  },
  {
    "Id": "1453166",
    "ThreadId": "647772",
    "Html": "I'll see if I can figure out what's going on with the IE and non-standard urls, but it'll be a low priority issue. \r<br />\n<br />\nPassword reset and admin will be addressed with <a href=\"https://github.com/NullDesk/TicketDesk/issues/59\" rel=\"nofollow\">issue 59</a><br />\n",
    "PostedDate": "2015-11-19T06:50:34.423-08:00",
    "UserRole": null,
    "MarkedAsAnswerDate": null
  }
]