[
  {
    "Id": "619456",
    "ThreadId": "259297",
    "Html": "\r\n<p>My connection strings are:</p>\r\n<p>&nbsp; &lt;add name=&quot;TicketDeskSecurityConnectionString&quot; connectionString=&quot;Data Source=sql;Initial Catalog=TicketDesk;Integrated Security=True;User Instance=True&quot; providerName=&quot;System.Data.SqlClient&quot; /&gt;&nbsp; &nbsp; &lt;add name=&quot;TicketDeskEntities&quot; connectionString=&quot;metadata=res://*/Models.TicketDeskEntities.csdl|res://*/Models.TicketDeskEntities.ssdl|res://*/Models.TicketDeskEntities.msl;provider=System.Data.SqlClient;provider\r\n connection string=&amp;quot;Data Source=sql;Initial Catalog=TicketDesk;Integrated Security=True;Connect Timeout=30;User Instance=True;MultipleActiveResultSets=True&amp;quot;&quot; providerName=&quot;System.Data.EntityClient&quot; /&gt;&nbsp; &nbsp; &lt;add name=&quot;ElmahLog&quot;\r\n connectionString=&quot;Data Source=sql;Initial Catalog=TicketDesk;Integrated Security=True;User Instance=True&quot; providerName=&quot;System.Data.SqlClient&quot;/&gt;</p>\r\n<p>&nbsp;</p>\r\n<p>I get&nbsp;The underlying provider failed on Open.</p>\r\n",
    "PostedDate": "2011-05-27T10:34:00.37-07:00",
    "UserRole": null,
    "MarkedAsAnswerDate": null
  }
]