[
  {
    "Id": "545828",
    "ThreadId": "240937",
    "Html": "\r\n<p>I've just checked in source for TD version 2.0.2.</p>\r\n<p>This is not a packaged release .</p>\r\n<p><strong>Self-Upgrading Database:</strong></p>\r\n<p style=\"padding-left:30px\">This update adds support for a self-upgrading database. When you deploy a new version of TD 2.x, it will contain the code necessary to upgrade itself from version 2.0.0 to whatever the current database version happens to be. This\r\n means that you can deploy newer version of TD 2 without needing to manually run any scripts.</p>\r\n<p style=\"padding-left:30px\">NOTE: The self-upgrade feature does NOT upgrade from TD 1.x databases. You have to have already upgraded the database to at least version 2.0.0 first!</p>\r\n<p><strong>Hide Home Page:</strong></p>\r\n<p style=\"padding-left:30px\">This update also adds the ability to turn off the application's home page (the Index action of the Home controller). Until the dashboard feature is implemented in TD 2.1, the home page really just contains some static text. Most\r\n admins will want to turn it off and just have users directed to the ticketcenter instead.&nbsp;</p>\r\n<p style=\"padding-left:30px\">NOTE: If you toggle the hide home page option to true, you must restart the IIS application before the new routes will take effect.</p>\r\n<p><strong>Other:</strong></p>\r\n<p style=\"padding-left:30px\">This update also has some other minor tweaks:</p>\r\n<ul style=\"padding-left:60px\">\r\n<li>Total record count added to pager in TicketCenter </li><li>Main Menu highlights current section </li><li>Slight change to unassigned image flag in TicketViewer. </li></ul>\r\n",
    "PostedDate": "2011-01-07T22:33:20.757-08:00",
    "UserRole": null,
    "MarkedAsAnswerDate": null
  },
  {
    "Id": "550058",
    "ThreadId": "240937",
    "Html": "\r\n<p>In Progress:</p>\r\n<p>One thing I'm doing right now, before staring in on TD 2.1, is evaluating the MVC 3 release and the related stuff like EF Code-First and SQL CE 4.</p>\r\n<p>If you've looked at the source for TD 2.0, you've probably noticed that the front-end code is a bit of a mess. It works well, but I didn't take the time to do my normal job of tidying it up much. I also haven't done the work necessary to implement ViewModels\r\n in the front-end (something that would REALLY clean up the code a lot). &nbsp;</p>\r\n<p>The reason for the mess was that I was waiting on MVC 3's Razor view engine to drop in final form. I plan to switch over to a more formal design with ViewModels in the front-end code at the same time that I migrate the views over to Razor.&nbsp;</p>\r\n<p>I'm also intrigued by the new EF Code-First stuff. You'll notice that TicketDesk lacks unit test projects... that's because I gave up on unit testing due to the insanity of trying to test EF 4's data context when using a model generated by the schema. I\r\n was also unwilling to invest in the horribly insane patterns suggested for use with POCO and EF 4 (the repository &#43; unit-of-work &#43; kitchen-sink &#43; seriously-are-you-kidding thing). While I don't need code-first to drive the database, I am highly interested\r\n in the&nbsp;simplification that&nbsp;the code-first features and usage patterns bring to the overall architecture. I'm also thrilled to finally see some convergence between Data Annotations and EF.&nbsp;</p>\r\n<p>Another area I'll be looking at if the preview of MEF 2. MEF is neat, and I like some of it's features, but by the time I finally worked around the limitations of MEF 1, I'd lost some of the features of MEF that I'd hoped to use. MEF 2 is in the works now,\r\n but it seems like most of it might be aimed at Silverlight again. If they haven't done some significant improvements that help with using it in asp..net MVC though, I'll probably abandon it in favor of ninject or one of the other popular IoCs.</p>\r\n<p>Anyway... I'll be playing with the new tech a for a bit before I get back to active development on the official TD 2 branch. Once I've had a chance to really get my feet wet with the new stuff, I'll let you know what I plan to do with it all in regards to\r\n TicketDesk (I'm also evaluating the new stack for use in other projects of mine).&nbsp;&nbsp; &nbsp; &nbsp;&nbsp;</p>\r\n",
    "PostedDate": "2011-01-16T01:41:40.567-08:00",
    "UserRole": null,
    "MarkedAsAnswerDate": null
  }
]