[
  {
    "Id": "1075312",
    "ThreadId": "452028",
    "Html": "The source repository here on codeplex has been converted to git. \r<br />\n<br />\nWhile I personally prefer mercurial over git, codeplex has not been putting much effort into mercurial support lately; which probably has a lot to do with Microsoft's recent infatuation with git. \r<br />\n<br />\nSince the codeplex project now uses git, I have combined the TicketDesk 3 code base into the repo along with TicketDesk 1 and TicketDesk 2. \r<br />\n<br />\nI still plan to use github as the primary remote for TicketDesk 3 development, but I keep commits synced between codeplex and github from here out. \r<br />\n<br />\nDevelopers can choose either github or codeplex if they want to fork or contribute pull requests. Best of both worlds.<br />\n",
    "PostedDate": "2013-07-31T14:42:53.207-07:00",
    "UserRole": null,
    "MarkedAsAnswerDate": null
  }
]