[
  {
    "Id": "1447353",
    "ThreadId": "645886",
    "Html": "Using version 2.1<br />\nMy email notifications are failing. I have the same settings in the web config file for another test application and they work there but the ticketdesk notifications fail.<br />\n<pre><code>    &lt;mailSettings&gt;\n        &lt;smtp deliveryMethod=&quot;Network&quot;  from=&quot;cao.riskmgmt@lacity.org&quot;&gt;\n\n            &lt;network host=&quot;smtp.sendgrid.net&quot; port=&quot;587&quot; userName=&quot;Track4LATest&quot; password=&quot;somepassword&quot; /&gt;\n        &lt;/smtp&gt;\n    &lt;/mailSettings&gt;\n</code></pre>\n\nAny suggestions how fix or debug?<br />\n",
    "PostedDate": "2015-10-06T14:00:43.177-07:00",
    "UserRole": null,
    "MarkedAsAnswerDate": null
  },
  {
    "Id": "1447496",
    "ThreadId": "645886",
    "Html": "This configuration looks ok to me. \r<br />\n<br />\nIt is difficult to suggest fixes without knowing the cause of the failure. Check the ELMAH application logs and see if any exceptions are being thrown. You can also look in the database table directly and see what's happening in the notifications tables. If you can, try the settings on a local developer machine against the source code and step through it in the debugger, or attach a debugger to the server if that's an option in your case.\r<br />\n<br />\nThis could be something outside TicketDesk completely, like a firewall or IIS configuration issue.<br />\n",
    "PostedDate": "2015-10-07T09:17:52.267-07:00",
    "UserRole": null,
    "MarkedAsAnswerDate": null
  },
  {
    "Id": "1447502",
    "ThreadId": "645886",
    "Html": "I'm not sure how to debug the timer that fires but did add the same sendmail code used to send notification to a view's code and walked through the process with the emails being successfully sent so the configuration is correct. I suspect it may be  permissions based for the user used to run the timer.<br />\nWatched the notification tries  in SQL increment to 5 then the status is set to 'failed'<br />\nI'll look for the ELMAH logs to see if there are any errors there.<br />\nAlso, I'm not sure how to debug the timer. What process do I attach to?<br />\n",
    "PostedDate": "2015-10-07T10:51:17.02-07:00",
    "UserRole": null,
    "MarkedAsAnswerDate": null
  },
  {
    "Id": "1447503",
    "ThreadId": "645886",
    "Html": "No errors in the ELMAH logs<br />\n",
    "PostedDate": "2015-10-07T10:59:50.31-07:00",
    "UserRole": null,
    "MarkedAsAnswerDate": null
  },
  {
    "Id": "1447566",
    "ThreadId": "645886",
    "Html": "It would be the same process as those that handle the user requests... you just have to put a breakpoint inside the function being run on the timer. The timer doesn't run on a different process, nor in a different security context --it runs under the IIS application pool's user principal.\r<br />\n<br />\nIf the database shows the count incrementing, then the actual timer process is fine... and it is likely that it isn't throwing an actual code exception, it's just as likely that the mail client is simply reporting an unsuccessful result.<br />\n",
    "PostedDate": "2015-10-07T19:17:10.03-07:00",
    "UserRole": null,
    "MarkedAsAnswerDate": null
  },
  {
    "Id": "1447567",
    "ThreadId": "645886",
    "Html": "Hey, try setting the enableSsl=&quot;true&quot; property in web.config. <br />\n",
    "PostedDate": "2015-10-07T20:06:12.89-07:00",
    "UserRole": null,
    "MarkedAsAnswerDate": null
  },
  {
    "Id": "1447673",
    "ThreadId": "645886",
    "Html": "I need to fix the project<br />\n",
    "PostedDate": "2015-10-08T10:15:21.183-07:00",
    "UserRole": null,
    "MarkedAsAnswerDate": null
  }
]