[
  {
    "Id": "598965",
    "ThreadId": "254315",
    "Html": "\r\n<p>Hi,</p>\r\n<p>I am facing an issue with ticketdesk 1.2 version. When I am uploading a file as an attachment of size more than 500kb it throws me exception. I have changed the web.config to max size as</p>\r\n<p></p>\r\n<p><span style=\"font-family:Consolas; color:#0000ff; font-size:x-small\"><span style=\"font-family:Consolas; color:#0000ff; font-size:x-small\"><span style=\"font-family:Consolas; color:#0000ff; font-size:x-small\"><span style=\"font-family:Consolas; color:#0000ff; font-size:x-small\"><span style=\"font-family:Consolas; color:#0000ff; font-size:x-small\"><span style=\"font-family:Consolas; color:#0000ff; font-size:x-small\"><span style=\"font-family:Consolas; color:#0000ff; font-size:x-small\"><font face=\"Consolas\" size=\"2\" color=\"#0000ff\"></p>\r\n<p><span style=\"font-family:Consolas; color:#a31515; font-size:x-small\"><span style=\"font-family:Consolas; color:#a31515; font-size:x-small\"><span style=\"font-family:Consolas; color:#a31515; font-size:x-small\">httpRuntime</span></span></span><span style=\"font-family:Consolas; color:#0000ff; font-size:x-small\"><span style=\"font-family:Consolas; color:#0000ff; font-size:x-small\"><span style=\"font-family:Consolas; color:#0000ff; font-size:x-small\">\r\n</span></span></span><span style=\"font-family:Consolas; color:#ff0000; font-size:x-small\"><span style=\"font-family:Consolas; color:#ff0000; font-size:x-small\"><span style=\"font-family:Consolas; color:#ff0000; font-size:x-small\">maxRequestLength</span></span></span><span style=\"font-family:Consolas; color:#0000ff; font-size:x-small\"><span style=\"font-family:Consolas; color:#0000ff; font-size:x-small\"><span style=\"font-family:Consolas; color:#0000ff; font-size:x-small\">=</span></span></span><span style=\"font-family:Consolas; font-size:x-small\"><span style=\"font-family:Consolas; font-size:x-small\">&quot;</span></span><span style=\"font-family:Consolas; color:#0000ff; font-size:x-small\"><span style=\"font-family:Consolas; color:#0000ff; font-size:x-small\"><span style=\"font-family:Consolas; color:#0000ff; font-size:x-small\">2097151</span></span></span><span style=\"font-family:Consolas; font-size:x-small\"><span style=\"font-family:Consolas; font-size:x-small\">&quot;</span></span><span style=\"font-family:Consolas; color:#0000ff; font-size:x-small\"><span style=\"font-family:Consolas; color:#0000ff; font-size:x-small\"><span style=\"font-family:Consolas; color:#0000ff; font-size:x-small\">\r\n</span></span></span><span style=\"font-family:Consolas; color:#ff0000; font-size:x-small\"><span style=\"font-family:Consolas; color:#ff0000; font-size:x-small\"><span style=\"font-family:Consolas; color:#ff0000; font-size:x-small\">executionTimeout</span></span></span><span style=\"font-family:Consolas; color:#0000ff; font-size:x-small\"><span style=\"font-family:Consolas; color:#0000ff; font-size:x-small\"><span style=\"font-family:Consolas; color:#0000ff; font-size:x-small\">=</span></span></span><span style=\"font-family:Consolas; font-size:x-small\"><span style=\"font-family:Consolas; font-size:x-small\">&quot;</span></span><span style=\"font-family:Consolas; color:#0000ff; font-size:x-small\"><span style=\"font-family:Consolas; color:#0000ff; font-size:x-small\"><span style=\"font-family:Consolas; color:#0000ff; font-size:x-small\">1500</span></span></span><span style=\"font-family:Consolas; font-size:x-small\"><span style=\"font-family:Consolas; font-size:x-small\">&quot;</span></span></p>\r\n&nbsp;</font></span></span></span><span style=\"font-family:Consolas; color:#0000ff; font-size:x-small\"><span style=\"font-family:Consolas; color:#0000ff; font-size:x-small\"></span></span></span></span></span></span><span style=\"font-family:Consolas; color:#0000ff; font-size:x-small\"></span>\r\n<p></p>\r\n<p></p>\r\n<p>However it is not helping me out. I am using IIS 7.</p>\r\n<p>&nbsp;</p>\r\n<p>Thanks</p>\r\n<p>Naeem</p>\r\n",
    "PostedDate": "2011-04-18T03:24:28.93-07:00",
    "UserRole": null,
    "MarkedAsAnswerDate": null
  },
  {
    "Id": "599297",
    "ThreadId": "254315",
    "Html": "<p>On IIS 7 you also need to set the request length in the system.webServer section. Keep in mind that the units are not the same between this and the httpRuntime settings; so you might want to check the documentation. &nbsp;maxallowedcontentlength is in bytes, where httpRuntime is in&nbsp;kilobytes.</p>\r\n<p>&nbsp;</p>\r\n<p>\r\n<div style=\"color: black; background-color: white;\">\r\n<pre> <span style=\"color: blue;\">&lt;</span><span style=\"color: #a31515;\">system.webServer</span><span style=\"color: blue;\">&gt;</span>\r\n    ...\r\n    <span style=\"color: blue;\">&lt;</span><span style=\"color: #a31515;\">security</span><span style=\"color: blue;\">&gt;</span>\r\n      <span style=\"color: blue;\">&lt;</span><span style=\"color: #a31515;\">requestFiltering</span><span style=\"color: blue;\">&gt;</span>\r\n        <span style=\"color: blue;\">&lt;</span><span style=\"color: #a31515;\">requestLimits</span> <span style=\"color: red;\">maxAllowedContentLength</span><span style=\"color: blue;\">=</span><span style=\"color: black;\">\"</span><span style=\"color: blue;\">256000000</span><span style=\"color: black;\">\"</span><span style=\"color: blue;\">/&gt;</span>\r\n      <span style=\"color: blue;\">&lt;/</span><span style=\"color: #a31515;\">requestFiltering</span><span style=\"color: blue;\">&gt;</span>\r\n    <span style=\"color: blue;\">&lt;/</span><span style=\"color: #a31515;\">security</span><span style=\"color: blue;\">&gt;</span>\r\n    ...\r\n <span style=\"color: blue;\">&lt;/</span><span style=\"color: #a31515;\">system.webServer</span><span style=\"color: blue;\">&gt;</span>\r\n</pre>\r\n</div>\r\n</p>",
    "PostedDate": "2011-04-18T11:53:31.36-07:00",
    "UserRole": null,
    "MarkedAsAnswerDate": null
  }
]