[
  {
    "Id": "191151",
    "ThreadId": "56566",
    "Html": "<p>Hi all. I have downloaded the project files and have installed with sql server 2005. I would first like to say what a good job you have done this&nbsp;is a really good simple uncluttered&nbsp;help desk issue tracking system.</p>\r\n<p>Some simple extra features i think it would benefit from would be: to have sub categories ie under software &gt; you could have application name if you have more than one application managed for customers or just software problem type ie email, orders, .....</p>\r\n<p>Also i think it would be good if when your an admin user you can edit all others users details, unlock, lock their accounts etc</p>\r\n<p>If the above have been done, requested or you feel are nonsense then please reply as such, thanks.</p>",
    "PostedDate": "2009-05-17T01:21:35.327-07:00",
    "UserRole": null,
    "MarkedAsAnswerDate": null
  },
  {
    "Id": "191359",
    "ThreadId": "56566",
    "Html": "<p>You can do something very similar to what you are asking about without sub-categories. You can create a category for each of your software applciations, but prefix each category with &quot;-- &quot;. Then you can order the list using the admin tool so the new categories are directly under their parent in the list. This generates a drop down list that might look like this:</p>\r\n<p>Hardware<br>-- keyboard<br>-- monitor<br>-- printer<br>Software<br>-- windows<br>-- email<br>-- browser<br>Network/Services<br>-- network card<br>-- server</p>\r\n<p>&nbsp;</p>\r\n<p>I will caution you not to over-categorize. This becomes unmanagable fast, becomes hard to administer and keep up to date, and complicates the process of creating tickets for you users. If you end up with a category called &quot;other&quot;, &quot;unknown&quot;, or something similar then you are certainly over-categorizing things.&nbsp;</p>\r\n<p>It isn't true sub-categories, but stilll presents a list that gives the options you are interested in. For more information about why sub-categories are not included in TicketDesk see the previous discussin about this here: &nbsp;</p>\r\n<p><a href=\"http://ticketdesk.codeplex.com/Thread/View.aspx?ThreadId=55631\">http://ticketdesk.codeplex.com/Thread/View.aspx?ThreadId=55631</a></p>\r\n<p>&nbsp;</p>\r\n<p>&nbsp;</p>\r\n<p>&nbsp;</p>",
    "PostedDate": "2009-05-18T01:25:46.203-07:00",
    "UserRole": null,
    "MarkedAsAnswerDate": null
  },
  {
    "Id": "191372",
    "ThreadId": "56566",
    "Html": "<p>thanks for your reply. I agree about making categories to complicated, and will try it as you said.</p>\r\n<p>I still think being able to edit all users details from the admin login would be a good addition if not already done in a patch.</p>\r\n<p>Also when creating a new ticket as an admin or ticket desk it might be a good idea to be able to relove/ complete&nbsp;it at the same time ie if a request comes in by email and you sort it you still have to log it so on creating the ticket you set its staus straight away to completed.&nbsp;A thought anyway.</p>\r\n<p>Anyway just a few thoughts of mine. Is there anywhere that has a list of extras etc in mind for further releases etc that i can see.</p>",
    "PostedDate": "2009-05-18T02:16:02.137-07:00",
    "UserRole": null,
    "MarkedAsAnswerDate": null
  },
  {
    "Id": "191529",
    "ThreadId": "56566",
    "Html": "<p>More comprehensive admin tools are part of the general plan, but I do not have a work item specific to the user editing tools. I will likely take care of this when I re-code the permission system (work item&nbsp;<span style=\"color:#30332d\">9742)<span style=\"color:#000000\">.</span></span></p>\r\n<p><span style=\"color:#30332d\"><span style=\"color:#000000\">Creating a ticket that is already resolved or closed is not a planned feature. If you want, you can create an issue in the issue tracker here and we can let people vote on the feature. I can see some value in creating tickets that are already assigned to someone (and thus don't generate &quot;new ticket&quot; broadcast notificaitons), but creating tickets that are already closed/resolved seems like it would activly encourage users to perform out-of-band work then back-enter the tickets. While sometimes things happen that way, I don't know that TicketDesk should encourage it. &nbsp;&nbsp;</span></span></p>",
    "PostedDate": "2009-05-18T09:42:07.757-07:00",
    "UserRole": null,
    "MarkedAsAnswerDate": null
  },
  {
    "Id": "191612",
    "ThreadId": "56566",
    "Html": "\r\n\r\n<div class=Section1>\r\n\r\n<p class=MsoNormal> Well I have been testing for a couple weeks now. \r\nThe sub features is something I originally wanted to see as well. Reluctantly you\r\ntalked me out of it, but as adding them with the sub feature of using –before\r\nthe feature worked like a charm.</p>\r\n\r\n<p class=MsoNormal> </p>\r\n\r\n<p class=MsoNormal> Noting this is open source and you probably didn’t\r\nexpect this many requests I would like to add that if this is a user project\r\nand you want user input maybe you should convey some of our requests.</p>\r\n\r\n<p class=MsoNormal> </p>\r\n\r\n<p class=MsoNormal> I think having the ability to turn features on and off\r\nfor whomever wants them would be a great feature. Such as being able to close\r\nyour own submitted ticket.</p>\r\n\r\n<p class=MsoNormal> </p>\r\n\r\n<p class=MsoNormal> You have to log in. Assign the ticket to yourself (\r\nwith a quote of why you are assigning). Then you have to log in to close it\r\nwith another (quote) when they could possibly be the same.</p>\r\n\r\n<p class=MsoNormal> </p>\r\n\r\n<p class=MsoNormal> However. Using it as is.  You are correct, most extra\r\nfeatures aren’t needed !!  ( pat yourself on the back here. )\r\nHowever letting the user decide what is good for him/her seems to be more\r\nimportant.  Let the user decide for themselves something isn’t\r\nneeded then let them shut it down when they get to that point.</p>\r\n\r\n</div>\r\n\r\n",
    "PostedDate": "2009-05-18T12:51:59.417-07:00",
    "UserRole": null,
    "MarkedAsAnswerDate": null
  },
  {
    "Id": "192003",
    "ThreadId": "56566",
    "Html": "<p>I love that the project generates interest and user input. I didn't expect much actually. This isn't my first open source project by far, and past experience had told me this would be a very small one with very limited interest if any. Had I known that the project would have some popularity I'd probably have done more to market the &quot;ideas&quot; that I was working with... especially since the idea is to produce a purposefully simplistic system that deliberatly avoids some features that other help desk products consider &quot;essential&quot;.</p>\r\n<p>In choosing features, one of the primary requirments was that I keep the code itself simple enough to be easily maintained given the minimal amount of time I can devote to the project and the limited number of other people in the community willing or able to contribute code (so far). To keep the code small and nimble I have avoided optional features. I will not avoid them forever, just long enough to finish getting the system's core functionality finished.</p>\r\n<p>Users here have influenced the design in ways I hadn't expected, and have forced me to re-evaluate some of the core design principals too. A lot of the existing 1.2 release was driven by the community here and I expect the next major feature release to go a lot further down that road. &nbsp;But even if I eventually have to decline to implement a specific feature request, each one of those requests has an impact on the design. At the least they each make be re-think some existing features to see if those can be improved to eliminate the need for the requested feature, or if I need to plan a different strategy for future feature sets.</p>\r\n<p>So keep the suggstions coming :)</p>\r\n<p>BTW, I am currently deep in the process of converting TicketDesk to the asp.net MVC framework. I haven't decided yet if that will be the official direction for the next release of TicketDesk, but so far I'm leaning heavily in that direction.&nbsp;</p>\r\n<p>&nbsp;</p>\r\n<p>&nbsp;</p>\r\n<p>&nbsp;</p>",
    "PostedDate": "2009-05-19T10:40:27.897-07:00",
    "UserRole": null,
    "MarkedAsAnswerDate": null
  },
  {
    "Id": "195625",
    "ThreadId": "56566",
    "Html": "<p>Dear Stephen Redd,</p>\r\n<p>First of all, i would like to congratulate you with this great portal. It is easy to configure, and easy to manipulate as a template.</p>\r\n<p>Also i have some good idea's.</p>\r\n<p>We are using this Ticket System with great potentionel. Tho i have one suggestion what could come in handy after some hundreds of tickets.</p>\r\n<p>Search by Ticket ID.</p>\r\n<p>I am not familiar with ASP/C#.net but i don't think this is a big of a deal.</p>\r\n<p>And again, keep up the good work.</p>\r\n<p>With kind regards,</p>\r\n<p>Jaivy Daam</p>\r\n<p>www.iamsterdam.nl<br>ITM Department.</p>",
    "PostedDate": "2009-05-29T03:40:26.693-07:00",
    "UserRole": null,
    "MarkedAsAnswerDate": null
  },
  {
    "Id": "195706",
    "ThreadId": "56566",
    "Html": "This discussion has been copied to a work item. Click <a href=\"http://ticketdesk.codeplex.com/WorkItem/View.aspx?WorkItemId=13372\">here</a> to go to the work item and continue the discussion.",
    "PostedDate": "2009-05-29T08:06:52.51-07:00",
    "UserRole": null,
    "MarkedAsAnswerDate": null
  },
  {
    "Id": "196341",
    "ThreadId": "56566",
    "Html": "<p>hi,</p>\r\n<p>I think another possible feature would be number of hours worked on a ticket in order to fix it where need be&nbsp;along with response&nbsp;times. I suggest this as people may have sla's (service level agreements) to uphold.</p>\r\n<p>eg.&nbsp;&nbsp;</p>\r\n<ol>\r\n<li>repsone times (dependand on the priority {high = 1 hour, medium = 1/2 day, low = 1 day})&nbsp;to an issue/ ticket being opened even if its just an&nbsp; email stating users xx will be looking into this for you</li>\r\n<li>solution times again dependand on priority. The time it must be fixed by or a suitable solution found</li>\r\n</ol>\r\n<p>&nbsp;</p>\r\n<p>Below is a report which i would need to provide. This is to show the extra items i/ the feature&nbsp;would require.</p>\r\n<p>\r\n<p><span style=\"font-size:x-small\">&lt;font size=&quot;2&quot;&gt;\r\n<p>Ticket No |&nbsp;</p>\r\n&lt;/font&gt;</span>\r\n<p><span style=\"font-size:x-small\">Raised by |</span><span style=\"font-size:small\">&nbsp;ticket type</span><span style=\"font-size:x-small\">&nbsp;|</span><span style=\"font-size:small\">&nbsp;</span><span style=\"font-size:x-small\">Severity/ priority |</span><span style=\"font-size:small\">&nbsp;</span><span style=\"font-size:x-small\">Date Time Raised |&nbsp;</span><span style=\"font-size:x-small\">Date Time of Response |&nbsp;</span><span style=\"font-size:x-small\">Response within SLA</span><span style=\"font-size:small\">&nbsp; | </span><span style=\"font-size:x-small\">Date Time of Resolution&nbsp;|</span><span style=\"font-size:small\">&nbsp;</span><span style=\"font-size:x-small\">Resolution within SLA | </span><span style=\"font-size:x-small\">Date signed off</span></p>\r\n</p>\r\n</p>\r\n<p>&nbsp;</p>\r\n<p>Again this is just my thoughts so if you dont think ticketdesk should go this way then fine as its you that started it. Thanks any thoughts here would be good</p>",
    "PostedDate": "2009-06-01T03:41:54.06-07:00",
    "UserRole": null,
    "MarkedAsAnswerDate": null
  },
  {
    "Id": "196550",
    "ThreadId": "56566",
    "Html": "<p>Hi Jonnymaboy,</p>\r\n<p>The issue you raise is a very sticky one indeed. Metrics-based management is a popular game, despite years and years of research and real-world evidence showing how dangerous it can be to an organization.&nbsp;</p>\r\n<p><a href=\"http://www.joelonsoftware.com/\">Joel Spolsky</a> actually writes quite a lot about this in numerous articles he has released over the years. His FogBugz issue tracker also fights a constant battle against these kinds of features. &nbsp;</p>\r\n<p>While I can't quite convey the idea as well as Joel does, the general idea is this: &nbsp;</p>\r\n<p>Anytime the issue tracker becomes a tool by which management measures employee performance, or by which managment &quot;might&quot; measure performance, the system ceases to have any value to the organization at all.</p>\r\n<p>Even the most well meaning and mature of staffers WILL game the system. Anything that would make them &quot;look bad&quot; gets omitted. Tickets for some issues will simply not be recorded because the staffer will fear that it might reflect badly on them. Work gets performed off-the-books more and more often whenever help desk can manage it. The numbers that you do track will always be manipulated by the staff to reflect favorably on the staffers with no regard to actual accuracy. Tickets will be closed as soon as possible to inflate the response time numbers even if the work hasn't been fully vetted. Folow-up and verification after-the-fact will becomes highly dis-encouraged so that the staff can close out tickets as soon as possible. A re-opened ticket becomes a personal failure on the part of the staffer who closed it, and that ticket will suddenly gain an inflated priority that is out of proportion to the actual severity.&nbsp;</p>\r\n<p>Even if you have some honest staffers that don't game the system... the system will always punish those users while rewarding users that do game and manipulate the system.</p>\r\n<p>The purpose of TicketDesk is to facilitate honest and open communication between users and help desk. If the system is used as a performance measurement system, it cannot provide honesty nor openness. The system will not be accuratly tracking real issues, thus it fails the primary mission. To complete the failure, any metrics you thought the system gathered turn out to be inaccurate which leaves management even less aware of the realities within the department then before.</p>\r\n<p>Not only has research and experience shown this to be true, but I've personally experienced this phenomenon time and time again in my own career... and not just with help desk software, but also with development and bug tracking systems too.</p>\r\n<p>Now... there are ways to do reporting in a way that doesn't create this problem. But it takes very very careful design. You have to deliberatly design reports that cannot be used to show performance metrics on any individual staff memeber or group. The reports have to carefully show the general higher level trends within the organization.</p>\r\n<p>I do have plans to add some of this kind of reporting to TicketDesk in the future, but not until I've had the opportunity to thouroughly think out, plan, and design the reports. Most of the information these reports would need though are already part of the system.&nbsp;</p>\r\n<p>But the kind of reporting you are asking about will NEVER be part of the core release of TicketDesk.</p>\r\n<p>Not because I don't like my users... I love you guys. But I won't add such features to the core release of TicketDesk because my own manager would then insist that we have access to those features ourselves. While he is a great guy, and understands the nature of what I described above no manager could avoid the temptation to use the reporting to measure performance. I imagine that if the report was there, I'd use it myself despite a personal, almost religious, objection to that kind of reporting... that's just human nature for you!</p>\r\n<p>Now... as to your specific needs... TicketDesk can be customized to collect the information you want pretty easily. The reporting would also be fairly trivial to custom implement. &nbsp;</p>\r\n<p>I'll be honest with you though, if you have service level agreements to uphold you are propbably not using TicketDesk in the kind of environment it was intended for. You may want to seek out a much more complex system for your needs.&nbsp;</p>\r\n<p>Service level agreements indicates you are performing help desk lilke duties for an external organization. TicketDesk in the current form was designed only for internal use within a single organization where maximum levels of trust are assumed. That isn't to say you can't use TicketDesk in your environment, just that you have to keep in mind that you may have needs which a regular help desk tracker isn't equipped to handle. In your kind of environment, you would likely want a system that exposes some management and reporting functionality to the external stake-holders, other kinds of management and reporting functionality to the internal management, and then there are two kinds of end-user too... the limited-trust external end-users submitting tickets and the maximum trust internal help desk staff.</p>\r\n<p>In short, TicketDesk assumes two target users groups where your environment has either three or four. That might seem like a trivial detail, but the way a system is designed at the core would be significantly different between those two scenarios.</p>\r\n<p>I plan to evolve future versions of TicketDesk to make it more usable in limited trust environments with external users. But &nbsp;full support for contracted help desk environments would actually require a different branch of TicketDesk to serve that market fully. I might eventually go that direction, but I'd probably do that as a commercial application instead as organizations using it that way would likely want formal software support agreements too. &nbsp; &nbsp; &nbsp; &nbsp;&nbsp;</p>\r\n<p>&nbsp;</p>\r\n<p>&nbsp;</p>\r\n<p>&nbsp;</p>",
    "PostedDate": "2009-06-01T13:16:44.837-07:00",
    "UserRole": null,
    "MarkedAsAnswerDate": null
  },
  {
    "Id": "196729",
    "ThreadId": "56566",
    "Html": "<p>thanks very much for your reply, especially the details you went to. In this case the number of users will be relatively low but even still i agree they would be able to &quot;play the system&quot; but its something we need to do as we have to show/ prove that&nbsp;the&nbsp;service level agreements&nbsp;are being met.&nbsp; I think ticketdesk does most of what i need and is nice to use.</p>\r\n<p>I will do some more reading from the above links you mention&nbsp;before attempting to do a design i think. Thanks again for your help.</p>\r\n<p>&nbsp;</p>",
    "PostedDate": "2009-06-02T01:10:03.727-07:00",
    "UserRole": null,
    "MarkedAsAnswerDate": null
  }
]