[
  {
    "Id": "443918",
    "ThreadId": "212931",
    "Html": "<p>Hi,</p>\r\n<p>I was testing TicketDesk intergration with our pre-existing asp.net sqlmembershipprovider and though it apprears to succesfully authenticate against that provider (in that the&nbsp;LoginStatusControl&nbsp;displays my username as expected) it still redirects back to the login page as though my authentication failed. It's almost as if the master page accepts me but the child pages don't(?). Any ideas on this?</p>\r\n<p>&nbsp;</p>\r\n<p>Thanks!</p>",
    "PostedDate": "2010-05-17T11:10:42.73-07:00",
    "UserRole": null,
    "MarkedAsAnswerDate": null
  },
  {
    "Id": "444045",
    "ThreadId": "212931",
    "Html": "<p>In the web config file, make sure the definitions for membership, profile, and role providers ALL specify the same applicationName property (and make sure the setting matches the one used by your pre-existing database). When sharing security with another system, both systems need to use the same applicationName. TicketDesk's default applicationName is setup as &quot;TicketDesk&quot;, but the default application name in asp.net is usually &quot;/&quot;. If your foreign system doesn't specify an applicationName, try setting ticket desk to use &quot;/&quot; and see if that works out.</p>\r\n<p>Just because the system knows who you are (and can display your name it in the login status) doesn't mean ticketdesk trusts your identity... which is why you are probably getting redirected back to login. &nbsp;&nbsp;</p>",
    "PostedDate": "2010-05-17T17:06:59.76-07:00",
    "UserRole": null,
    "MarkedAsAnswerDate": null
  },
  {
    "Id": "444918",
    "ThreadId": "212931",
    "Html": "<p>Thanks; I actually had checked all that, but it turned out to be the roles. I neglected to create the ones you use in TicketDesk&nbsp;within my membership provider. Did so and working now. Thanks for your help in any case, and for all the hard work on this great project!</p>\r\n<p>Cheers</p>",
    "PostedDate": "2010-05-19T07:50:35.66-07:00",
    "UserRole": null,
    "MarkedAsAnswerDate": null
  }
]