[
  {
    "Id": "678555",
    "ThreadId": "274352",
    "Html": "\r\n<p>Hi,</p>\r\n<p>_ticket.TicketComments not displaying comment for a ticket. it display system.engine.linq something. not displaying proper comment.</p>\r\n<p>_ticket.TicketId, _ticket.Type, _ticket.Title all are displaying proper information for a ticket.</p>\r\n<p>so how should i get ticket comment for a particular ticket</p>\r\n",
    "PostedDate": "2011-09-30T02:22:10.317-07:00",
    "UserRole": null,
    "MarkedAsAnswerDate": null
  },
  {
    "Id": "678771",
    "ThreadId": "274352",
    "Html": "<p>Looks like you are doing data binding to the TicketComments property directly. TicketComments is not directly a comment, it is a collection of many comment objects. You will have to iterate through the items in the collection to get individual comments.&nbsp;</p>",
    "PostedDate": "2011-09-30T11:25:46.39-07:00",
    "UserRole": null,
    "MarkedAsAnswerDate": null
  }
]