[
  {
    "Id": "1311700",
    "ThreadId": "569353",
    "Html": "I have installed version 2.1.2 from Codeplex and followed the instructions. Everytime I try to execute the application in IIS I get the following response from IE:\r<br />\n<br />\n<br />\nServer Error in '/TicketDesk' Application.\r<br />\n<br />\nA network-related or instance-specific error occurred while establishing a connection to SQL Server. The server was not found or was not accessible. Verify that the instance name is correct and that SQL Server is configured to allow remote connections. (provider: SQL Network Interfaces, error: 50 - Local Database Runtime error occurred. Error occurred during LocalDB instance startup: SQL Server process failed to start.\r<br />\n) \r<br />\n  Description: An unhandled exception occurred during the execution of the current web request. Please review the stack trace for more information about the error and where it originated in the code. \r<br />\n<br />\n Exception Details: System.Data.SqlClient.SqlException: A network-related or instance-specific error occurred while establishing a connection to SQL Server. The server was not found or was not accessible. Verify that the instance name is correct and that SQL Server is configured to allow remote connections. (provider: SQL Network Interfaces, error: 50 - Local Database Runtime error occurred. Error occurred during LocalDB instance startup: SQL Server process failed to start.\r<br />\n)\r<br />\n<br />\nI've tried it first attaching the mdf file to the database, and with no database created. Same result. I'm using SQLEXPRESS 2008r2 and can separately connect via ODBC and OLEDB, but not using this app.\r<br />\n<br />\nWhat am I doing wrong?<br />\n",
    "PostedDate": "2014-10-08T14:35:45.293-07:00",
    "UserRole": null,
    "MarkedAsAnswerDate": null
  },
  {
    "Id": "1311737",
    "ThreadId": "569353",
    "Html": "This error is very specific. The web server is unable to connect to your SQL server service. It hasn't gotten as far as trying to login or locate the specific database, it can't even find the server. <br />\n<br />\nYou can troubleshoot this online as if it were any asp.net application having this problem, but here are the three most common causes: <br />\n<ol>\n<li>\nOne of the two connection strings in web.config have the wrong &quot;data source&quot; value. This value should be the network name of your server, followed by a backslash, followed by the name of the SQL instance (for a default instance, you omit the instance name and slash). The standard instance name for SQL Express is &quot;\\SQLExpress&quot;, but during setup you may have changed this option. The network name can be an IP address, DNS name, or (less commonly) a WINS/Windows Network Name. If the web server is on the same physical machine as the SQL Express service, then the data source is usually set to &quot;localhost\\SQLExpress&quot;, though &quot;(local)\\SQLExpress&quot; and &quot;.\\SQLExpress&quot; are also common variations.<br />\n</li>\n<li>\nYou need to enable TCP/IP for the SQL service. Starting with SQLExpress 2008, the default installation does NOT enable the TCP/IP protocol. The simplest instructions for <a href=\"http://msdn.microsoft.com/en-us/library/bb909712(v=vs.90).aspx\" rel=\"nofollow\">enabling TCP/IP in SQL is found here</a>. You may also have to enable TCP/IP in the configuration manager for the SQL network client as well.<br />\n</li>\n<li>\nYour firewall may need to be altered to allow connections from the web server to the SQL server. Even if both are installed locally, the firewall can prevent connections in some cases --especially if you are using the ip address or DNS name in the connection string instead of a well known option like localhost or the loopback address 127.0.0.1. <br />\n</li>\n</ol>\n",
    "PostedDate": "2014-10-08T20:12:27.013-07:00",
    "UserRole": null,
    "MarkedAsAnswerDate": null
  }
]