[
  {
    "Id": "112238",
    "ThreadId": "33863",
    "Html": "I've been going through the source trying to figure out where to adjust this, but I'm having trouble wrapping my head around it.<br>\r\n<br>\r\nIn the 'All Open Tickets' &amp; 'Ticket History' it would make more sense to force the 'Owned' dropdown to be disabled with only their username selected. As it stands now a user can browse any other user's tickets. Can you give me a hint on where to modify this at? I couldn't quite grasp what was going on with the 3.5 code as it's pretty new to me overall.<br>\r\n<br>\r\nAlso, I have completely re-skinned the application and would like to share it with you for a future release. It is a much more clean and modern look.<br>\r\n<br>\r\nThanks.<br>\r\n",
    "PostedDate": "2008-08-19T22:26:23.727-07:00",
    "UserRole": null,
    "MarkedAsAnswerDate": null
  },
  {
    "Id": "142086",
    "ThreadId": "33863",
    "Html": "This discussion has been copied to a work item. Click <a href=\"http://www.codeplex.com/TicketDesk/WorkItem/View.aspx?WorkItemId=12122\">here</a> to go to the work item and continue the discussion.",
    "PostedDate": "2008-12-20T14:15:21.05-08:00",
    "UserRole": null,
    "MarkedAsAnswerDate": null
  },
  {
    "Id": "142090",
    "ThreadId": "33863",
    "Html": "TicketDesk was designed to maximize transparency. The current version also assumes the app is used internally within an organization and that a certain level of &quot;trust&quot; exists between participants in the system.<div><br></div><div>The ability for submitters to &quot;see&quot; other user's tickets allows them to search for other tickets related to their problem. This way they may find answers to their issues in tickets that are already resolved/closed or another user may have reported the issue and they can just follow the progress of the other user's ticket rather than submit a duplicate issue.</div><div><br></div><div>That said though, there does seem to be a decent amount of interest in a less transparent setup. I imagine this would be useful in lower trust or public support roles (which ticketdesk is does not currently accomidate).</div><div><br></div><div>I've put in a work item to review this kind of functionality in TicketDesk 1.3. </div>",
    "PostedDate": "2008-12-20T14:26:36.837-08:00",
    "UserRole": null,
    "MarkedAsAnswerDate": null
  }
]