[
  {
    "Id": "1399037",
    "ThreadId": "616446",
    "Html": "According to the requirements I did install the below server: <br />\nwin2008 R2 64bit Server with:<br />\n with IIS 7 (or higher)<br />\nMicrosoft .NET framework 4.5<br />\nApplication Pool<br />\nName=egrm6ktck<br />\n.NET Framework version=.NET Framework v4.0.30319<br />\nManaged pipeline mode=Integrated<br />\nThe URL path is:    C:\\inetpub\\ticketdesk2publish<br />\nBy calling the URL  http:\\egrm6ktck.gr.avisrac.net  I'm  getting the below error.<br />\n<br />\nAny suggestions are welcomed<br />\n<br />\nMicrosoft SQL Server 2012 LocalDB Edition with the default instance named &quot;v11.0&quot;.<br />\n[ReflectionTypeLoadException: Unable to load one or more of the requested types. Retrieve the LoaderExceptions property for more information.]<br />\n   System.Reflection.RuntimeModule.GetTypes(RuntimeModule module) +0<br />\n   System.Reflection.RuntimeModule.GetTypes() +9<br />\n   System.Reflection.Assembly.GetTypes() +143<br />\n   System.ComponentModel.Composition.Hosting.AssemblyCatalog.get_InnerCatalog() +241<br />\n   System.ComponentModel.Composition.Hosting.AssemblyCatalog.GetExports(ImportDefinition definition) +13<br />\n   System.Linq.&lt;SelectManyIterator&gt;d__14<code>2.MoveNext() +267<br />   System.ComponentModel.Composition.Hosting.CatalogExportProvider.InternalGetExportsCore(ImportDefinition definition, AtomicComposition atomicComposition) +477<br />   System.ComponentModel.Composition.Hosting.ExportProvider.TryGetExportsCore(ImportDefinition definition, AtomicComposition atomicComposition, IEnumerable</code>1&amp; exports) +48<br />\n   System.ComponentModel.Composition.Hosting.CatalogExportProvider.GetExportsCore(ImportDefinition definition, AtomicComposition atomicComposition) +136<br />\n   System.ComponentModel.Composition.Hosting.ExportProvider.TryGetExports(ImportDefinition definition, AtomicComposition atomicComposition, IEnumerable<code>1&amp; exports) +54<br />   System.ComponentModel.Composition.Hosting.AggregateExportProvider.GetExportsCore(ImportDefinition definition, AtomicComposition atomicComposition) +404<br />   System.ComponentModel.Composition.Hosting.ExportProvider.TryGetExports(ImportDefinition definition, AtomicComposition atomicComposition, IEnumerable</code>1&amp; exports) +54<br />\n   System.ComponentModel.Composition.Hosting.CompositionContainer.GetExportsCore(ImportDefinition definition, AtomicComposition atomicComposition) +230<br />\n   System.ComponentModel.Composition.Hosting.ExportProvider.GetExports(ImportDefinition definition, AtomicComposition atomicComposition) +78<br />\n   System.ComponentModel.Composition.Hosting.ExportProvider.GetExportedValueCore(String contractName, ImportCardinality cardinality) +98<br />\n   TicketDesk.Web.Client.MvcApplication.Application_Start() +54<br />\n<br />\n[HttpException (0x80004005): Unable to load one or more of the requested types. Retrieve the LoaderExceptions property for more information.]<br />\n   System.Web.HttpApplicationFactory.EnsureAppStartCalledForIntegratedMode(HttpContext context, HttpApplication app) +12639357<br />\n   System.Web.HttpApplication.RegisterEventSubscriptionsWithIIS(IntPtr appContext, HttpContext context, MethodInfo[] handlers) +175<br />\n   System.Web.HttpApplication.InitSpecial(HttpApplicationState state, MethodInfo[] handlers, IntPtr appContext, HttpContext context) +304<br />\n   System.Web.HttpApplicationFactory.GetSpecialApplicationInstance(IntPtr appContext, HttpContext context) +404<br />\n   System.Web.Hosting.PipelineRuntime.InitializeApplication(IntPtr appContext) +475<br />\n<br />\n[HttpException (0x80004005): Unable to load one or more of the requested types. Retrieve the LoaderExceptions property for more information.]<br />\n   System.Web.HttpRuntime.FirstRequestInit(HttpContext context) +12656404<br />\n   System.Web.HttpRuntime.EnsureFirstRequestInit(HttpContext context) +159<br />\n   System.Web.HttpRuntime.ProcessRequestNotificationPrivate(IIS7WorkerRequest wr, HttpContext context) +12496021<br />\n",
    "PostedDate": "2015-04-02T07:30:48.863-07:00",
    "UserRole": null,
    "MarkedAsAnswerDate": null
  },
  {
    "Id": "1399055",
    "ThreadId": "616446",
    "Html": "The error indicates that web.config is set to use Sql locabdb 2012, but is unable to connect. Either install localdb, or reconfigure it for whatever instance of Sql server you intended to use. Of you are pointing it to a regular instance, you'll need to setup the database too. Most of that is covered in the documentation here on codeplex.<br />\n",
    "PostedDate": "2015-04-02T08:32:06.253-07:00",
    "UserRole": null,
    "MarkedAsAnswerDate": null
  }
]