[
  {
    "Id": "160247",
    "ThreadId": "48033",
    "Html": "When i add a new user, and then login as an admin to change their permissions, the only ticket query links available to them are:<br>\r\n<table style=\"width:100%\" cellspacing=0 cellpadding=3 border=0>\r\n    <tbody>\r\n        <tr>\r\n            <td><a href=\"http://localhost:8227/TicketCenter2.aspx?list=mytickets\">All My Tickets</a>\r\n            <div></div>\r\n            </td>\r\n            <td><a href=\"http://localhost:8227/TicketCenter2.aspx?list=opentickets\">All Open Tickets</a>\r\n            <div></div>\r\n            </td>\r\n            <td><a href=\"http://localhost:8227/TicketCenter2.aspx?list=historytickets\">Ticket History</a></td>\r\n        </tr>\r\n    </tbody>\r\n</table>\r\n<br>\r\nAdmin has:<br>\r\n<table style=\"width:100%\" cellspacing=0 cellpadding=3 border=0>\r\n    <tbody>\r\n        <tr>\r\n            <td><a href=\"http://localhost:8227/TicketCenter2.aspx?list=unassigned\">Unassigned Tickets</a>\r\n            <div></div>\r\n            </td>\r\n            <td><a href=\"http://localhost:8227/TicketCenter2.aspx?list=assignedtome\">Tickets Assigned To Me</a>\r\n            <div></div>\r\n            </td>\r\n            <td><a href=\"http://localhost:8227/TicketCenter2.aspx?list=mytickets\">All My Tickets</a>\r\n            <div></div>\r\n            </td>\r\n            <td><a href=\"http://localhost:8227/TicketCenter2.aspx?list=opentickets\">All Open Tickets</a>\r\n            <div></div>\r\n            </td>\r\n            <td><a href=\"http://localhost:8227/TicketCenter2.aspx?list=historytickets\">Ticket History</a></td>\r\n        </tr>\r\n    </tbody>\r\n</table>\r\n<br>\r\nAnother user has: (note the last link)<br>\r\n<table style=\"width:100%\" cellspacing=0 cellpadding=3 border=0>\r\n    <tbody>\r\n        <tr>\r\n            <td><a href=\"http://cwilliams/ticketdesk/TicketCenter2.aspx?list=mytickets\">All My Tickets</a>\r\n            <div></div>\r\n            </td>\r\n            <td><a href=\"http://cwilliams/ticketdesk/TicketCenter2.aspx?list=opentickets\">All Open Tickets</a>\r\n            <div></div>\r\n            </td>\r\n            <td><a href=\"http://cwilliams/ticketdesk/TicketCenter2.aspx?list=historytickets\">Ticket History</a>\r\n            <div></div>\r\n            </td>\r\n            <td><a href=\"http://cwilliams/ticketdesk/TicketCenter2.aspx?list=unassigned\">unassigned</a></td>\r\n        </tr>\r\n    </tbody>\r\n</table>\r\n<br>\r\nCan you please advise if this is an issue or i am doing something wrong in the site setup.<br>\r\n<br>\r\nMany Thanks\r\n",
    "PostedDate": "2009-02-20T10:57:52.217-08:00",
    "UserRole": null,
    "MarkedAsAnswerDate": null
  },
  {
    "Id": "160266",
    "ThreadId": "48033",
    "Html": "<div>The default views generated for users has evolved over time a little. I suspect that you have been incrementally updating your ticketdesk install from the check-ins to source control on codeplex. </div><div><br></div><div>Here is how it is supposed to work:</div><div><br></div><div>When a user first visits TicketCenter, the system checks to see if their profile data contains settings for the list views. If not, it will generate a default set of views based on the user's roles.  </div><div><br></div><div>all users get:</div><div><ul id=false>    <li>All My Tickets</li>    <li>All Open TIckets</li>    <li>Ticket History</li></ul></div><div><br></div><div>Help Desk Staff will also get:</div><div><ul id=false style=\"list-style-image:none;list-style-type:disc\">    <li style=\"margin-top:0.3em;margin-bottom:0.3em;vertical-align:middle\">Unassigned Tickets</li>    <li style=\"margin-top:0.3em;margin-bottom:0.3em;vertical-align:middle\">Tickets Assigned to Me</li></ul></div><div><div>(The &quot;Unsassigned Tickets&quot; view is functionally a ticket queue showing the new tickets that need to be assigned. Tickets Assigned to Me is only applicable to help desk staff users. So neither of these are given to people in just the submitter role).  </div><div><br></div><div>Admin users used to be treated like help desk staff users, but I've been removing that special privledge from the code based on user feedback. In most respects admin users don't get any special treatment anymore unless they are also members of one or both of the other roles too. Users that are ONLY admin users can pretty much just use the admin section, but they can't do much else. </div><div><br></div><div>Your other user that has the &quot;unassigned&quot; view at the end of their ticket list... this is either a really bizzare bug, or you've been incrementally upgrading your ticketdesk installation from source control. Back a few months ago when I was first getting the new TicketCenter put together, I had checked in code that created these views a little differently and named them differently. I suspect that this particular user was just created back when you were on an older release of TicketDesk that used diffrent view settings.</div><div><br></div><div>The default views are generated only once for each user when that user first logs in and visits TicketCenter. The information about their available view settings is stored in the user's profile (aspnet_profiles) table. </div><div><br></div><div>If you need to regenerate the views for users, just delete everything from this table and let the system re-build their default views next time they visit ticketcenter.</div><div><br></div><div>In the 1.3 release, I will be providing &quot;custom views&quot; where users can reconfigure their available views in Ticket Center and create new ones. I am also planning to allow for a custom selection of columns for each view too.  I just wasn't quite ready to tackle that feature set in time for the 1.2 release. </div></div>",
    "PostedDate": "2009-02-20T12:09:52.027-08:00",
    "UserRole": null,
    "MarkedAsAnswerDate": null
  },
  {
    "Id": "160298",
    "ThreadId": "48033",
    "Html": "First publish is from 1.2.1 source<br>\r\nDeleting the data from the profile table has sorted things out, the user then gets correct links. But the issue seems to be, creating new users.<br>\r\nWhen the create user button is clicked, they are then directed to the Ticket centre thus creating their default views as a submitter only. How can a staff user be created to recieve the correct views? \r\n",
    "PostedDate": "2009-02-20T13:50:58.097-08:00",
    "UserRole": null,
    "MarkedAsAnswerDate": null
  },
  {
    "Id": "160303",
    "ThreadId": "48033",
    "Html": "This discussion has been copied to a work item. Click <a href=\"http://www.codeplex.com/TicketDesk/WorkItem/View.aspx?WorkItemId=12640\">here</a> to go to the work item and continue the discussion.",
    "PostedDate": "2009-02-20T14:15:13.973-08:00",
    "UserRole": null,
    "MarkedAsAnswerDate": null
  }
]