[
  {
    "Id": "1343627",
    "ThreadId": "578180",
    "Html": "It is inevitable - a ticket gets created that is either a duplicate or was entered incorrectly, etc.  Is there a process in TicketDesk 2.1 to delete a ticket or do you just have to &quot;close it&quot;?<br />\n",
    "PostedDate": "2015-01-20T13:38:35-08:00",
    "UserRole": null,
    "MarkedAsAnswerDate": null
  },
  {
    "Id": "1344980",
    "ThreadId": "578180",
    "Html": "The typical procedure for duplicate, will-not-fix, etc. would be to tag it as &quot;duplicate&quot;, &quot;will-not-fix&quot;, etc. then force close the ticket. \r<br />\n<br />\nOne of the features on my wish-list as soon as TD 2.5 is released is to create a &quot;duplicate-of&quot; action which hooks into the soon-to-be implemented &quot;follow ticket&quot; behavior. You would mark the ticket as duplicate-of, give it another ticket's ID, then ticketdesk would automatically close the duplicate ticket, and add the duplicate's owner and subscribers from as subscribers of the referenced ticket. \r<br />\n<br />\nBetter workflows and minor workflow customizations are coming, but are dependent on TD 2.5 functionality and frameworks first.  <br />\n",
    "PostedDate": "2015-01-21T20:01:00.347-08:00",
    "UserRole": null,
    "MarkedAsAnswerDate": null
  },
  {
    "Id": "1344990",
    "ThreadId": "578180",
    "Html": "Sounds like a plan.  Just a little OCD with wanting the system clean and void of garbage tickets.\r<br />\n<br />\nThanks!<br />\n",
    "PostedDate": "2015-01-21T21:48:54.157-08:00",
    "UserRole": null,
    "MarkedAsAnswerDate": null
  },
  {
    "Id": "1345342",
    "ThreadId": "578180",
    "Html": "It is a case of conflicting requirements. Most managers want the system to keep a permanent record and not lost data. Letting users of any role actually delete a ticket lets them alter the record... which is a huge no-no in many environments. Also, the user did submit a ticket, and it is reasonable for them to expect that they be able to find that ticket later, rather than have it just disappear on them.<br />\n<br />\nOn the flip side, you have admins and people like me that like a junk-free system. We want to delete tickets that don't belong to keep things tidy. Unfortunately, we're in the minority so the behavior follows the majority requirement to preserve the record. However; when a ticket does need to go, we can always just delete it from the DB directly. Given that we have that power, it didn't seem worth it to code and maintain an admin-only special-delete tool built into the application; especially considering that there are better design solutions (an official mark-as-duplicate behavior) we could implement instead.<br />\n",
    "PostedDate": "2015-01-23T06:28:23.7-08:00",
    "UserRole": null,
    "MarkedAsAnswerDate": null
  }
]