[
  {
    "Id": "1083280",
    "ThreadId": "454132",
    "Html": "I have abandoned the Active Directory Integration and decided to integrate the TicketDesk app with my existing asp.net security database. I set up the necessary roles and was able to login to ticketdesk. My issue is once I login to ticket desk any of the custom properties I set in my profile provider from application get cleared out. How can I stop TicketDesk from clearing/resetting the custom profile properties?<br />\n",
    "PostedDate": "2013-08-21T13:09:24.807-07:00",
    "UserRole": null,
    "MarkedAsAnswerDate": null
  },
  {
    "Id": "1083298",
    "ThreadId": "454132",
    "Html": "Nevermind. I figured it out, I had to add all my custom properties to the profile properties in the ticket desk web.config as well.<br />\n",
    "PostedDate": "2013-08-21T13:33:16.84-07:00",
    "UserRole": null,
    "MarkedAsAnswerDate": null
  },
  {
    "Id": "1083307",
    "ThreadId": "454132",
    "Html": "There is another way as well... if you want to keep ticketdesk's profile properties separate from the profile properties of other applications, then you should be able to just change the application name property on the profile provider (in web.config) to something different than what you are using for your other apps. Leave the membership and role providers set to use the shared application name. \r<br />\n<br />\nThe security providers in .Net aren't really that great, but one thing they did get right was application scoping. Even if the application name is different between the membership provider and the profile provider, the providers will still match up the users from one to the profiles in the other. <br />\n",
    "PostedDate": "2013-08-21T13:54:24.737-07:00",
    "UserRole": null,
    "MarkedAsAnswerDate": null
  },
  {
    "Id": "1083309",
    "ThreadId": "454132",
    "Html": "disclaimer, I haven't tested that exact scenario... but I have done similar in other applications without problem.<br />\n",
    "PostedDate": "2013-08-21T13:55:19.727-07:00",
    "UserRole": null,
    "MarkedAsAnswerDate": null
  },
  {
    "Id": "1083313",
    "ThreadId": "454132",
    "Html": "\r\n<div dir=\"ltr\">Nice. I like that solution better. I will change the application name and test it out.</div>\r\n<div><br>\r\n<br>\r\n<div></div>\r\n</div>\r\n",
    "PostedDate": "2013-08-21T14:03:54.8-07:00",
    "UserRole": null,
    "MarkedAsAnswerDate": null
  }
]