[
  {
    "Id": "92810",
    "ThreadId": "27820",
    "Html": "Is there a way to get data out of this system?  Like in bugzilla there is the .csv file option.   Thanks!\r\n",
    "PostedDate": "2008-05-15T15:51:00.123-07:00",
    "UserRole": null,
    "MarkedAsAnswerDate": null
  },
  {
    "Id": "93223",
    "ThreadId": "27820",
    "Html": "Not in the current version.<br>\r\n<br>\r\nThere are four types of &quot;reporting&quot; related features that will appear. <br>\r\n<br>\r\nTicketDesk 1.2 or 1.3 will have simple printable lists. This will provide the ability to open a printable version of any of the list views from TicketCenter, MyTickets, or Ticket Search.  This will include printing the current &quot;page&quot; from a list, the entire list, or printing all of the ticket details for each ticket in the list.<br>\r\n<br>\r\nThe second is export of list data. This will be pretty much the same as the printable views, but instead they will produce the data for download over CSV or similar. This feature will appear shortly after the printable views. <br>\r\n<br>\r\nThe third type of reporting is formal online &quot;reports&quot;. These will be very small number of simple summary and trending report... things like how many tickets were closed per day over the last x days/weeks/months. However, these reports will be crafted to show only high-level summary data. They will avoid being useful for &quot;employee performance&quot; metrics. This will be quite deliberate... if you use a help desk system to report on specific people's actions, especially for the purpose of performance evaluation, then system will becomes something your employees will fear instead of love. They will compromise the system to game the numbers in their favor. <br>\r\n<br>\r\nThe final related feature will be web-service access to the raw data. You will be able to use these services to do whatever you want with the data in ticketdesk (including employee performance metrics if you choose to go down that road). This will also include splitting of the linq to SQL classes into a seperate assembly that could be used directly within other client applications, including custom reporting tools.<br>\r\n <br>\r\n",
    "PostedDate": "2008-05-18T01:44:53.047-07:00",
    "UserRole": null,
    "MarkedAsAnswerDate": null
  }
]