[
  {
    "Id": "581160",
    "ThreadId": "249873",
    "Html": "<p>Please forgive my ignorance, but I am having problems installing this.&nbsp; I am using IIS7, and framework 4.0, VS2010</p>\n<p>I copied the files to my web host, and when I try to run the application I get the following error (I also get the same error when running on my local machine from VS2010):</p>\n<p><strong>Exception Details: </strong>System.ComponentModel.Composition.CompositionException: The composition produced a single composition error. The root cause is provided below. Review the CompositionException.Errors property for more detailed information.<br /><br />1) The specified named connection is either not found in the configuration, not intended to be used with the EntityClient provider, or not valid.<br /><br />Resulting in: An exception occurred while trying to create an instance of type 'TicketDesk.Domain.Repositories.ApplicationSettingsRepository'.<br /><br />Resulting in: Cannot activate part 'TicketDesk.Domain.Repositories.ApplicationSettingsRepository'.<br />Element: TicketDesk.Domain.Repositories.ApplicationSettingsRepository --&gt; &nbsp;TicketDesk.Domain.Repositories.ApplicationSettingsRepository --&gt; &nbsp;DirectoryCatalog (Path=\"C:\\Users\\David\\Documents\\Visual Studio 2010\\WebSites\\AWZS2\\TicketDesk.Web.Client\\bin\")<br /><br />Resulting in: Cannot get export 'TicketDesk.Domain.Repositories.ApplicationSettingsRepository (ContractName=\"TicketDesk.Domain.Repositories.IApplicationSettingsRepository\")' from part 'TicketDesk.Domain.Repositories.ApplicationSettingsRepository'.<br />Element: TicketDesk.Domain.Repositories.ApplicationSettingsRepository (ContractName=\"TicketDesk.Domain.Repositories.IApplicationSettingsRepository\") --&gt; &nbsp;TicketDesk.Domain.Repositories.ApplicationSettingsRepository --&gt; &nbsp;DirectoryCatalog (Path=\"C:\\Users\\David\\Documents\\Visual Studio 2010\\WebSites\\AWZS2\\TicketDesk.Web.Client\\bin\")<br /><br />Resulting in: Cannot set import 'TicketDesk.Domain.Services.ApplicationSettingsService..ctor (Parameter=\"settingsRepository\", ContractName=\"TicketDesk.Domain.Repositories.IApplicationSettingsRepository\")' on part 'TicketDesk.Domain.Services.ApplicationSettingsService'.<br />Element: TicketDesk.Domain.Services.ApplicationSettingsService..ctor (Parameter=\"settingsRepository\", ContractName=\"TicketDesk.Domain.Repositories.IApplicationSettingsRepository\") --&gt; &nbsp;TicketDesk.Domain.Services.ApplicationSettingsService --&gt; &nbsp;DirectoryCatalog (Path=\"C:\\Users\\David\\Documents\\Visual Studio 2010\\WebSites\\AWZS2\\TicketDesk.Web.Client\\bin\")<br /><br />Resulting in: Cannot get export 'TicketDesk.Domain.Services.ApplicationSettingsService (ContractName=\"TicketDesk.Domain.Services.IApplicationSettingsService\")' from part 'TicketDesk.Domain.Services.ApplicationSettingsService'.<br />Element: TicketDesk.Domain.Services.ApplicationSettingsService (ContractName=\"TicketDesk.Domain.Services.IApplicationSettingsService\") --&gt; &nbsp;TicketDesk.Domain.Services.ApplicationSettingsService --&gt; &nbsp;DirectoryCatalog (Path=\"C:\\Users\\David\\Documents\\Visual Studio 2010\\WebSites\\AWZS2\\TicketDesk.Web.Client\\bin\")</p>\n<p>&nbsp;</p>\n<p>&nbsp;</p>",
    "PostedDate": "2011-03-15T22:45:12.287-07:00",
    "UserRole": null,
    "MarkedAsAnswerDate": null
  },
  {
    "Id": "581169",
    "ThreadId": "249873",
    "Html": "<p>It looks like a pretty standard problem with the security provider's connection string. Check your connection string in web.config and make sure it is valid for your environment. If you are publishing to a hosting provider, you probably at least need to specify SQL authentication credentials and possibly also a specific server name, ip, and potentially even a custom port.</p>\r\n<p>&nbsp;</p>\r\n<p>The stock ticketdesk configuration assumes a local SQL express instance using &nbsp;windows security (trusted connection), but very few hosting providers make things quite that simple for you. &nbsp;</p>",
    "PostedDate": "2011-03-15T22:53:15.06-07:00",
    "UserRole": null,
    "MarkedAsAnswerDate": null
  },
  {
    "Id": "581173",
    "ThreadId": "249873",
    "Html": "<p>Thanks for the quick response.&nbsp;</p>\r\n<p>I had read in the documentation that all three connection strings could use the same database, so I was using a SQLclient connection string for the 'TicketDeskEntities' connection string.&nbsp; But that needs an entityclient connection string.</p>\r\n<p>So I got it to load.</p>\r\n<p>Here is what I used in case somebody else ever has this problem:</p>\r\n<p><span style=\"font-family: Consolas; color: #0000ff; font-size: x-small;\"><span style=\"font-family: Consolas; color: #0000ff; font-size: x-small;\"><span style=\"font-family: Consolas; color: #0000ff; font-size: x-small;\"><span style=\"font-family: Consolas; color: #0000ff; font-size: x-small;\"><span style=\"font-family: Consolas; color: #0000ff; font-size: x-small;\"><span style=\"font-family: Consolas; color: #0000ff; font-size: x-small;\"><span style=\"font-family: Consolas; color: #0000ff; font-size: x-small;\"><font face=\"Consolas\" size=\"2\" color=\"#0000ff\">\r\n<p>&lt;</p>\r\n</font></span></span></span><span style=\"font-family: Consolas; color: #a31515; font-size: x-small;\"><span style=\"font-family: Consolas; color: #a31515; font-size: x-small;\"><span style=\"font-family: Consolas; color: #a31515; font-size: x-small;\">add</span></span></span><span style=\"font-family: Consolas; color: #0000ff; font-size: x-small;\"><span style=\"font-family: Consolas; color: #0000ff; font-size: x-small;\"><span style=\"font-family: Consolas; color: #0000ff; font-size: x-small;\"> </span></span></span><span style=\"font-family: Consolas; color: #ff0000; font-size: x-small;\"><span style=\"font-family: Consolas; color: #ff0000; font-size: x-small;\"><span style=\"font-family: Consolas; color: #ff0000; font-size: x-small;\">name</span></span></span><span style=\"font-family: Consolas; color: #0000ff; font-size: x-small;\"><span style=\"font-family: Consolas; color: #0000ff; font-size: x-small;\"><span style=\"font-family: Consolas; color: #0000ff; font-size: x-small;\">=</span></span></span><span style=\"font-family: Consolas; font-size: x-small;\"><span style=\"font-family: Consolas; font-size: x-small;\">\"</span></span><span style=\"font-family: Consolas; color: #0000ff; font-size: x-small;\"><span style=\"font-family: Consolas; color: #0000ff; font-size: x-small;\"><span style=\"font-family: Consolas; color: #0000ff; font-size: x-small;\">TicketDeskEntities</span></span></span><span style=\"font-family: Consolas; font-size: x-small;\"><span style=\"font-family: Consolas; font-size: x-small;\">\"</span></span><span style=\"font-family: Consolas; color: #0000ff; font-size: x-small;\"><span style=\"font-family: Consolas; color: #0000ff; font-size: x-small;\"><span style=\"font-family: Consolas; color: #0000ff; font-size: x-small;\"> </span></span></span><span style=\"font-family: Consolas; color: #ff0000; font-size: x-small;\"><span style=\"font-family: Consolas; color: #ff0000; font-size: x-small;\"><span style=\"font-family: Consolas; color: #ff0000; font-size: x-small;\">connectionString</span></span></span><span style=\"font-family: Consolas; color: #0000ff; font-size: x-small;\"><span style=\"font-family: Consolas; color: #0000ff; font-size: x-small;\"><span style=\"font-family: Consolas; color: #0000ff; font-size: x-small;\">=</span></span></span><span style=\"font-family: Consolas; font-size: x-small;\"><span style=\"font-family: Consolas; font-size: x-small;\">\"</span></span><span style=\"font-family: Consolas; color: #0000ff; font-size: x-small;\"><span style=\"font-family: Consolas; color: #0000ff; font-size: x-small;\"><span style=\"font-family: Consolas; color: #0000ff; font-size: x-small;\">metadata=res://*/Models.TicketDeskEntities.csdl|res://*/Models.TicketDeskEntities.ssdl|res://*/Models.TicketDeskEntities.msl;provider=System.Data.SqlClient;provider connection string=</span></span></span><span style=\"font-family: Consolas; color: #ff0000; font-size: x-small;\"><span style=\"font-family: Consolas; color: #ff0000; font-size: x-small;\"><span style=\"font-family: Consolas; color: #ff0000; font-size: x-small;\">&amp;quot;</span></span></span><span style=\"font-family: Consolas; color: #0000ff; font-size: x-small;\"><span style=\"font-family: Consolas; color: #0000ff; font-size: x-small;\"><span style=\"font-family: Consolas; color: #0000ff; font-size: x-small;\">Server=xxx.xxxx.xxxxx;Database=xxxx;User ID=xxxxx;Password=xxxxxx</span></span></span><span style=\"font-family: Consolas; color: #ff0000; font-size: x-small;\"><span style=\"font-family: Consolas; color: #ff0000; font-size: x-small;\"><span style=\"font-family: Consolas; color: #ff0000; font-size: x-small;\">&amp;quot;</span></span></span><span style=\"font-family: Consolas; font-size: x-small;\"><span style=\"font-family: Consolas; font-size: x-small;\">\"</span></span><span style=\"font-family: Consolas; color: #0000ff; font-size: x-small;\"><span style=\"font-family: Consolas; color: #0000ff; font-size: x-small;\"><span style=\"font-family: Consolas; color: #0000ff; font-size: x-small;\"> </span></span></span><span style=\"font-family: Consolas; color: #ff0000; font-size: x-small;\"><span style=\"font-family: Consolas; color: #ff0000; font-size: x-small;\"><span style=\"font-family: Consolas; color: #ff0000; font-size: x-small;\">providerName</span></span></span><span style=\"font-family: Consolas; color: #0000ff; font-size: x-small;\"><span style=\"font-family: Consolas; color: #0000ff; font-size: x-small;\"><span style=\"font-family: Consolas; color: #0000ff; font-size: x-small;\">=</span></span></span><span style=\"font-family: Consolas; font-size: x-small;\"><span style=\"font-family: Consolas; font-size: x-small;\">\"</span></span><span style=\"font-family: Consolas; color: #0000ff; font-size: x-small;\"><span style=\"font-family: Consolas; color: #0000ff; font-size: x-small;\"><span style=\"font-family: Consolas; color: #0000ff; font-size: x-small;\">System.Data.EntityClient</span></span></span><span style=\"font-family: Consolas; font-size: x-small;\"><span style=\"font-family: Consolas; font-size: x-small;\">\"</span></span><span style=\"font-family: Consolas; color: #0000ff; font-size: x-small;\"> <span style=\"font-family: Consolas; color: #0000ff; font-size: x-small;\"><span style=\"font-family: Consolas; color: #0000ff; font-size: x-small;\">/&gt;</span></span></span></span></span></span></span><span style=\"font-family: Consolas; color: #0000ff; font-size: x-small;\"></span></p>",
    "PostedDate": "2011-03-15T23:03:27.563-07:00",
    "UserRole": null,
    "MarkedAsAnswerDate": null
  }
]