[
  {
    "Id": "589821",
    "ThreadId": "252058",
    "Html": "\r\n<p>Looking to generate reports but I can not find where the comments for each of the tickets generated are located. It says 'excluded' in the comments table.</p>\r\n<p>Thanks,</p>\r\n<p>John</p>\r\n",
    "PostedDate": "2011-03-31T14:23:28.557-07:00",
    "UserRole": null,
    "MarkedAsAnswerDate": null
  },
  {
    "Id": "589899",
    "ThreadId": "252058",
    "Html": "<p>The comments are stored in the [TicketComments] table in the database. There is a simple one-to-many relationship (foreign key) between&nbsp;the [Tickets] table (one) and the [TicketComments] table (many).&nbsp;</p>\r\n<p>I'm not sure what you mean by \"<em>it says 'excluded'</em>\" since I'm not sure what \"it\" refers to in this case.&nbsp;</p>",
    "PostedDate": "2011-03-31T17:33:41.62-07:00",
    "UserRole": null,
    "MarkedAsAnswerDate": null
  },
  {
    "Id": "590274",
    "ThreadId": "252058",
    "Html": "Stephen,<br>\r\nSorry to bother you about it. It was a 'permissions' issue with Toad. I was able to see it using SSMS.<br>\r\nNice product! <br>\r\nThanks,<br>\r\nJohn<br>\r\n<br>\r\n<hr id=\"x_x_stopSpelling\">\r\nFrom: [email removed]<br>\r\nTo: [email removed]<br>\r\nDate: Thu, 31 Mar 2011 17:33:51 -0700<br>\r\nSubject: Re: Reports [TicketDesk:252058]<br>\r\n<br>\r\nFrom: StephenRedd<br>\r\n<div id=\"x_x_ecxThreadNotificationPostBody\">The comments are stored in the [TicketComments] table in the database. There is a simple one-to-many relationship (foreign key) between the [Tickets] table (one) and the [TicketComments] table (many).\r\n<br>\r\nI'm not sure what you mean by &quot;<em>it says 'excluded'</em>&quot; since I'm not sure what &quot;it&quot; refers to in this case.\r\n<br>\r\n</div>\r\n<div id=\"x_x_ecxThreadNotificationFooter\">Read the <a target=\"_blank\">full discussion online</a>.<br>\r\nTo add a post to this discussion, reply to this email (<a target=\"_blank\">TicketDesk@discussions.codeplex.com</a>)<br>\r\nTo start a new discussion for this project, email <a target=\"_blank\">TicketDesk@discussions.codeplex.com</a><br>\r\nYou are receiving this email because you subscribed to this discussion on CodePlex. You can\r\n<a target=\"_blank\">unsubscribe or change your settings</a> on codePlex.com.<br>\r\nPlease note: Images and attachments will be removed from emails. Any posts to this discussion will also be available online at codeplex.com<br>\r\n</div>\r\n",
    "PostedDate": "2011-04-01T08:24:21.297-07:00",
    "UserRole": null,
    "MarkedAsAnswerDate": null
  }
]