[
  {
    "Id": "528422",
    "ThreadId": "236423",
    "Html": "\r\n<p>During development I've kept a &quot;home&quot; page in ticketdesk. This is just a page I could update with some notes on the state of the app while it was in beta (not that I always remember to update it).&nbsp;</p>\r\n<p>Now that I'm getting near to the point where I can create a packaged release of 2.0 though, what would you guys like to see happen with the home page? Should I just remove it an make ticketcenter the start page? Should I put some boiler-plate text up there,\r\n and if so what should it say? Would you want this page to stay in the product, but with admin editable content?</p>\r\n<p>Naturally this would be a good place for a user dashboard, but that's planned for a future release and will not make it into the 2.0 release.</p>\r\n<p>Any input would be appreciated; thanks!&nbsp;</p>\r\n",
    "PostedDate": "2010-11-29T11:31:08.807-08:00",
    "UserRole": null,
    "MarkedAsAnswerDate": null
  }
]