[
  {
    "Id": "801920",
    "ThreadId": "346398",
    "Html": "\r\n<p>Hi ,</p>\r\n<p>We have tested Ticket Desk(TicketDesk MVC 2.0.1 binaries) in localhost with gmail settings and it was working fine.</p>\r\n<p>Then we have hosted the same into Production server with my production server smtp details as follows.</p>\r\n<p>&lt;smtp deliveryMethod=&quot;Network&quot;&gt;<br>\r\n&nbsp;&nbsp;&nbsp;&nbsp;&nbsp;&nbsp;&nbsp; &lt;network host=&quot;mysmtp&quot; port=&quot;25&quot; defaultCredentials=&quot;true&quot;/&gt;<br>\r\n&nbsp;&nbsp;&nbsp;&nbsp;&nbsp; &lt;/smtp&gt;<br>\r\n&nbsp;&nbsp;&nbsp; &lt;/mailSettigs&gt;</p>\r\n<p>and Admin settings are:</p>\r\n<p>Site Root Url For Email:&nbsp; http://ProductionServerIP.</p>\r\n<p>From Email Address: do-not-reply@test.com</p>\r\n<p>But Email functionality is not working. Do I need to change any other settings specific to Production Server.</p>\r\n<p>Can you please let me know if any changes required for admin settings/web.config file.</p>\r\n<p>Thanks and Regards</p>\r\n<p>Mastan</p>\r\n",
    "PostedDate": "2012-02-27T03:47:33.94-08:00",
    "UserRole": null,
    "MarkedAsAnswerDate": null
  },
  {
    "Id": "802236",
    "ThreadId": "346398",
    "Html": "<p>That looks about right to me. Of course, the production settings depend on how the production environment is setup, but what you are showing is a pretty standard SMTP setup. <br /><br />In general, when having SMTP issues, I recommend creating the most simple web application you can that sends an email... basically a test aspx page with just enough code to send a hard-coded message over SMTP, and a web.config with the SMTP settings. Confirm the settings and emails work in the simplest situation possible, then work from there. &nbsp;</p>",
    "PostedDate": "2012-02-27T13:28:35.693-08:00",
    "UserRole": null,
    "MarkedAsAnswerDate": null
  },
  {
    "Id": "802490",
    "ThreadId": "346398",
    "Html": "<p>Yes Stephen,</p>\r\n<p>I have created sample application and executed in server.</p>\r\n<p>&nbsp;&nbsp;&nbsp;&nbsp;&nbsp;&nbsp;&nbsp;&nbsp;&nbsp; string from = \"test@gmail.com\";<br />&nbsp;&nbsp;&nbsp;&nbsp;&nbsp;&nbsp;&nbsp;&nbsp;&nbsp;&nbsp;&nbsp; string to = \"test123@hotmail.com\";<br />&nbsp;&nbsp;&nbsp;&nbsp;&nbsp;&nbsp;&nbsp;&nbsp;&nbsp;&nbsp;&nbsp; string subject = \"Test Mail\";<br />&nbsp;&nbsp;&nbsp;&nbsp;&nbsp;&nbsp;&nbsp;&nbsp;&nbsp;&nbsp;&nbsp; string body=\"Test body\";<br />&nbsp;&nbsp;&nbsp;&nbsp;&nbsp;&nbsp;&nbsp;&nbsp;&nbsp;&nbsp;&nbsp; SmtpMail.SmtpServer = \"smtpserverName\";<br />&nbsp;&nbsp;&nbsp;&nbsp;&nbsp;&nbsp;&nbsp;&nbsp;&nbsp;&nbsp;&nbsp; SmtpMail.Send(from, to, subject, body);</p>\r\n<p>Its working fine.&nbsp; Then What else need to change in config file of Ticket Desk.</p>\r\n<p>Please share with me if you have any work around.</p>\r\n<p>Thanks</p>\r\n<p>Mastan</p>",
    "PostedDate": "2012-02-28T02:02:21.963-08:00",
    "UserRole": null,
    "MarkedAsAnswerDate": null
  },
  {
    "Id": "802692",
    "ThreadId": "346398",
    "Html": "<p>Sorry, I just don't have enough information to offer a work around. <br /><br />TicketDesk doesn't do anything unusual in how it sends email. It uses System.Net.Mail in a fairly simplistic way.&nbsp;<br /><br />In your test code, you appear to be using System.Web.Mail, which is an older mail library. TicketDesk uses the newer System.Net.Mail namespace instead. &nbsp;Also, when testing, you want to make your test app rely on the web.config file for the settings instead of supplying them explicitly in the code. <br /><br />Something like this:<br /><br />\r\n<div style=\"color: black; background-color: white;\">\r\n<pre><span style=\"color: blue;\">using</span> System.Net.Mail;\r\n\r\n<span style=\"color: blue;\">public</span> <span style=\"color: blue;\">void</span> MyTest()\r\n{\r\n\tSmtpClient client = <span style=\"color: blue;\">new</span> SmtpClient();\r\n\r\n\tMailAddress fromAddr = <span style=\"color: blue;\">new</span> MailAddress(<span style=\"color: #a31515;\">\"test@test.com\"</span>, <span style=\"color: #a31515;\">\"tester\"</span>);\r\n\r\n\tMailAddress toAddr = <span style=\"color: blue;\">new</span> MailAddress(<span style=\"color: #a31515;\">\"person@person.com\"</span>, <span style=\"color: #a31515;\">\"person name\"</span>);\r\n\r\n\tMailMessage msg = <span style=\"color: blue;\">new</span> MailMessage(fromAddr, toAddr);\r\n\tmsg.Subject = <span style=\"color: #a31515;\">\"testing something\"</span>;\r\n\r\n\tmsg.Body = <span style=\"color: #a31515;\">\"some text body (plain text)\"</span>;  \r\n\r\n\t<span style=\"color: green;\">//relies on the web.config for the SMTP server, port, and related settings.</span>\r\n\r\n\tclient.Send(msg);\r\n}\r\n</pre>\r\n</div>\r\n&nbsp;<br />I can't test this (having a problem with my developer laptop atm), but the code above is a hacked up version of what's in the DefaultSmtpEmailHandlerService in TicketDesk. If you can make this work with settings from web.config, then you'll have confirmed the configuration you need for ticketdesk. Otherwise, TicketDesk's other email related settings are all available from the on-screen admin tools. &nbsp;</p>",
    "PostedDate": "2012-02-28T09:27:53.143-08:00",
    "UserRole": null,
    "MarkedAsAnswerDate": null
  }
]