[
  {
    "Id": "1332903",
    "ThreadId": "575576",
    "Html": "Hello,\r<br />\n<br />\nThis ticket system has all the features that I need but I'm not .net user and need installation instructions because those quick installation instructions I cannot  follow.\r<br />\n<br />\nPlease help.\r<br />\n<br />\nUsing IIs7 (server 2008 R2 SP1) and sql 2008 express\r<br />\n<br />\n<br />\nthank you for help<br />\n",
    "PostedDate": "2014-12-16T08:29:44.587-08:00",
    "UserRole": null,
    "MarkedAsAnswerDate": null
  },
  {
    "Id": "1332906",
    "ThreadId": "575576",
    "Html": "I have copied TicketDesk to wwwroot and named folder helpdesk. After that I did &quot;convert to Application&quot; on helpdesk folder through IIS manager nad selected .net 4.0 Pool.\r<br />\n<br />\nHow do I connect database?\r<br />\n<br />\nI get some errors SQL client<br />\n",
    "PostedDate": "2014-12-16T08:41:08.37-08:00",
    "UserRole": null,
    "MarkedAsAnswerDate": null
  },
  {
    "Id": "1332916",
    "ThreadId": "575576",
    "Html": "Is SQL 2008 Express on the same machine as the web server? <br />\n",
    "PostedDate": "2014-12-16T09:03:59.093-08:00",
    "UserRole": null,
    "MarkedAsAnswerDate": null
  },
  {
    "Id": "1332922",
    "ThreadId": "575576",
    "Html": "yes. on the same server.<br />\n<br />\nI have created database named TicketDesk and ran sql queries to populate database with tables and data.<br />\n<br />\nStill no success.<br />\n",
    "PostedDate": "2014-12-16T09:23:39.203-08:00",
    "UserRole": null,
    "MarkedAsAnswerDate": null
  },
  {
    "Id": "1332934",
    "ThreadId": "575576",
    "Html": "Make sure that you have TCP/IP enabled for the SQL server and the SQL client (this is done through the SQL Configuration tool that comes with SQL Server). By default TCP/IP is not enabled.\r<br />\n<br />\nThe default connection strings were setup for user-instance databases (aka, file-attached databases) using localdb. You will need to change the connection strings to point to SQL express instead and specify a fixed database name. Usually this looks something like this:<br />\n<pre><code>&lt;add name=&quot;TicketDeskSecurityConnectionString&quot; connectionString=&quot;Data Source=.\\SQLExpress;Initial Catalog=TicketDesk;Integrated Security=True&quot; providerName=&quot;System.Data.SqlClient&quot; /&gt;\n&lt;add name=&quot;TicketDeskEntities&quot; connectionString=&quot;metadata=res://*/Models.TicketDeskEntities.csdl|res://*/Models.TicketDeskEntities.ssdl|res://*/Models.TicketDeskEntities.msl;provider=System.Data.SqlClient;provider connection string=&amp;quot;Data Source=.\\SQLExpress;Initial Catalog=TicketDesk;Integrated Security=True;Connect Timeout=30;MultipleActiveResultSets=True&amp;quot;&quot; providerName=&quot;System.Data.EntityClient&quot; /&gt;\n&lt;add name=&quot;ElmahLog&quot; connectionString=&quot;Data Source=.\\SQLExpress;Initial Catalog=TicketDesk;Integrated Security=True&quot; providerName=&quot;System.Data.SqlClient&quot; /&gt;\n</code></pre>\n\nThe key is that the datasource name is different, and you use an &quot;Initial Catalog&quot; setting rather than &quot;AttachDbFileName&quot;. <br />\n",
    "PostedDate": "2014-12-16T09:50:42.76-08:00",
    "UserRole": null,
    "MarkedAsAnswerDate": null
  },
  {
    "Id": "1332961",
    "ThreadId": "575576",
    "Html": "this code helped me. thank you.<br />\n",
    "PostedDate": "2014-12-16T11:40:06.793-08:00",
    "UserRole": null,
    "MarkedAsAnswerDate": null
  },
  {
    "Id": "1332974",
    "ThreadId": "575576",
    "Html": "Now for the AD setup.\r<br />\n<br />\nI have setup AD connection created AD groups (Universal, Security) in Users container. Is this OK?\r<br />\n<br />\nDatabase did get populated by users that are in those groups but I can not login.<br />\n\r<br />\nWhat to setup so user who is logged in to workstation gets login to Ticketdesk automaticaly?<br />\n",
    "PostedDate": "2014-12-16T12:27:24.687-08:00",
    "UserRole": null,
    "MarkedAsAnswerDate": null
  },
  {
    "Id": "1332987",
    "ThreadId": "575576",
    "Html": "Configured for AD, TicketDesk doesn't handle the authentication itself. That is handled by the client machine negotiating with the web server directly. \r<br />\n<br />\nDifferent browsers handle the authentication details a little differently, but in any case you should either be automatically authenticated by your client, or prompted by the browser for credentials (usually this is an ugly modal login dialog, not a pretty web-page login screen).\r<br />\n<br />\nIf the credentials work, but don't give you access (access denied or you keep getting re-prompted to login with a different account), then the odds are that there is a configuration problem somewhere. Make sure you've mapped the user accounts in web.config correctly, and that the user account you are authenticating with is a member of at least one of those AD groups.\r<br />\n<br />\nIf the credentials fail with an error, the problem is likely with the web server or the client. Keep in mind that IIS may not have been installed with support for Windows authentication. Most recent versions of windows do NOT include that as a default option when you setup IIS  --in control panel, use the add/remove programs -&gt; turn windows features on/off, and make sure the windows authentication features for IIS are included. \r<br />\n<br />\nNaturally, the server should be joined to the AD domain, but in theory the client doesn't have to be a domain joined machine (depending on your AD policies though, this may or may not work out). <br />\n",
    "PostedDate": "2014-12-16T13:16:30.887-08:00",
    "UserRole": null,
    "MarkedAsAnswerDate": null
  },
  {
    "Id": "1332994",
    "ThreadId": "575576",
    "Html": "For now I managed to get automatic login (SSO) from web server but form client machine nothing. Asks me for credentials and after i put correct credentials still does not pass to ticketdesk<br />\n",
    "PostedDate": "2014-12-16T13:51:57.277-08:00",
    "UserRole": null,
    "MarkedAsAnswerDate": null
  }
]