[
  {
    "Id": "1081298",
    "ThreadId": "453590",
    "Html": "First of all I would like to congratulate you for this system. It's simple but really good. One simple question:\r<br />\n<br />\nI would like to add just another field with each comment post to keep track the number of hours allocated against a specific ticket. Is it possible?\r<br />\n<br />\nYou might consider to give the flexibility of adding extra fields in future releases.\r<br />\n<br />\nBrian<br />\n",
    "PostedDate": "2013-08-16T03:25:31.32-07:00",
    "UserRole": null,
    "MarkedAsAnswerDate": null
  },
  {
    "Id": "1081486",
    "ThreadId": "453590",
    "Html": "Brian,\r<br />\n<br />\nI know of several people that have customized TicketDesk 2 to add some form of time tracking or another, so yes it is possible. How easy this is depends on what kind of time keeping you want to do, and how complicated it needs to be. \r<br />\n<br />\nThere are several different scenarios around time tracking, and each has different data collection and behavior requirements. It all depends on what reason you have for tracking time. Are you wanting to track time per help desk staff member? Are you a contracted support service tracking time so you can bill whoever hired you? Are you using ticketdesk for customer support, and wanting to track time spent for each customer (per end-user, or group of end-users) ? \r<br />\n<br />\nTicketDesk 2 doesn't already include time tracking for three reasons: <br />\n<ol>\n<li>it is difficult to design a time tracking feature that makes sense in more than one specific kind of scenario</li>\n<li>it is difficult to have time tracking that doesn't complicate the system's behavior for users that don't need it. </li>\n<li>\nit is difficult to design time tracking features that wouldn't encourage managers to use it for tracking employee performance. <br />\n</li>\n</ol>\nPoint 3 is very important to me. One of my main motivations behind writing TicketDesk was create a system free of measurement dysfunction. The stock version of TicketDesk will never provide features by which managers can measure the performance of specific help desk staff members. I'm perfectly fine having time tracking features for every other scenario, except that one. I'm also fine with time tracking for performance in a general sense (for the help desk as a whole).\r<br />\n<br />\nSince time tracking is a frequently requested feature, and many requests are for legitimate scenarios, I plan to re-assess time tracking in TicketDesk 3. If I can design a mechanism that makes sense, isn't complicated, and doesn't lead to measurement dysfunction, then I'll certainly implement it. <br />\n\r<br />\nAs for custom fields...\r<br />\n<br />\nI fully plan to tackle custom fields in TicketDesk 3. I have two different approaches in mind, but have not committed to one or the other yet. I might even do both... Let me know which sounds better to you :) <br />\n<ol>\n<li>\nThree to five built-in first-class custom fields. These would store data directly within the tickets table. I'm thinking there would be at least one textbox, one drop down list, and one checkbox. The admin tools would let you choose which of these to enable, choose if they appear in lists or not, and then let you specify a custom label. Because these would be pre-defined and integrated into the system, the number of fields and thier types are also pre-defined. On the plus side, they can participate in sorting and filtering within list views, and can be indexed for searches.   \n<br />\n</li>\n<li>\nA variable number of custom defined fields of whatever type and behavior the admin wants. The admin tool would let you build any kind of field you want, specify their validation and behaviors, and decide what kind of UI control to use. These would be rendered in a specific UI section in the ticket's details view and the editors. There is much more flexibility with this mechanism, but since the definitions and data are variable, these fields would not be available in list views, can't be sorted or filtered, and probably wouldn't be indexed for searches.   \n<br />\n</li>\n</ol>\n",
    "PostedDate": "2013-08-16T13:48:35.003-07:00",
    "UserRole": null,
    "MarkedAsAnswerDate": null
  },
  {
    "Id": "1081565",
    "ThreadId": "453590",
    "Html": "Hi Stephen,\r<br />\n<br />\nFirst of all I would like to thank you for answering my post. \r<br />\n<br />\nFor obvious reasons, I would say that the second option is preferred by me. Not having these fields in list views is not an issue. One can easily write his own reports connecting to the DB directly. I would also consider extending this nice to have feature not only for the ticket record but also for the comments records. \r<br />\n<br />\nWhat I have in mind is this : When the help desk officer post a comment or for example close a ticket, he can enter the number of hours he has worked to solve the issue. By grouping all the comments records related to a single ticket and sum this field, the administrator can easily do some costings. Obviously, this has to be done outside of ticketDesk through a customized report.\r<br />\n<br />\nBrian<br />\n",
    "PostedDate": "2013-08-16T23:08:34.957-07:00",
    "UserRole": null,
    "MarkedAsAnswerDate": null
  },
  {
    "Id": "1081575",
    "ThreadId": "453590",
    "Html": "Thanks for the input about the custom fields.\r<br />\n<br />\nYour idea for time keeping does seem reasonable, and it would probably cover several of the common time keeping scenarios. \r<br />\n<br />\nFor a complete built-in time keeping solution, what I'd propose would be the following:<br />\n<ul>\n<li>Entire time keeping system would be disabled by default.</li>\n<li>Everywhere that comments can be collected (by staff), have a time entry field also. </li>\n<li>Have a total time field directly in the ticket's details that sums the individual amounts entered. </li>\n<li>Have an activity specifically for making time corrections&quot; that allows you to either completely replace the master field's value with a new value, or decrement/increment by a specified amount. </li>\n<li>\nSummary page/report for the total time recorded on all tickets within a specified date range.<br />\n</li>\n</ul>\nWould that just about meet your needs? Any additional suggestions?\r<br />\n<br />\nAlso, would you think the time value should be a single field that supports decimal hours, or have a separate minutes/hours fields? Hours as purely an integer seems too broad for several of the scenarios I can think of. \r<br />\n<br />\nThanks again!<br />\n",
    "PostedDate": "2013-08-16T23:49:15-07:00",
    "UserRole": null,
    "MarkedAsAnswerDate": null
  },
  {
    "Id": "1081578",
    "ThreadId": "453590",
    "Html": "Hi Stephen,\r<br />\n<br />\nThe solution you have explained above does meet my full requirements. I think that one field (decimal) for the number of hours is enough. Using my past experiences on similar systems, costings are computed on an hourly basis.\r<br />\n<br />\nLet me tell you more what I do actually have in mind. Once you have implemented this feature in future versions, I will develop a small plugin that integrated this system with our SAP implementation. Every ticket raised will create a work order in SAP and once the ticket is solved, the total number of hours posted against the ticket will be posted directly in SAP. SAP will take care of the costings workouts.\r<br />\n<br />\nShould you require any more information, please ask.\r<br />\n<br />\nAnother suggestion, although not related is to provide a more detailed tutorial on how to integrate this system with AD.\r<br />\n<br />\nBrian<br />\n",
    "PostedDate": "2013-08-17T00:02:40.273-07:00",
    "UserRole": null,
    "MarkedAsAnswerDate": null
  },
  {
    "Id": "1081579",
    "ThreadId": "453590",
    "Html": "Yeah... AD is a whole different ball of pain... I'm new to video production, but I am working on the TD 2 video walkthrough now. <br />\n<br />\nI'll look at doing on for TD2 configuration and deployment too, but don't expect it... video production takes more time than I thought it would, and I'd rather spend that time moving TD 3 forward so I can do videos for it instead.<br />\n",
    "PostedDate": "2013-08-17T00:10:05.947-07:00",
    "UserRole": null,
    "MarkedAsAnswerDate": null
  },
  {
    "Id": "1081580",
    "ThreadId": "453590",
    "Html": "Have you got time frames in mind re TD3? \r<br />\nHonestly, it's an awesome solution. Simple but effective.\r<br />\n<br />\nBrian<br />\n",
    "PostedDate": "2013-08-17T00:12:40.107-07:00",
    "UserRole": null,
    "MarkedAsAnswerDate": null
  },
  {
    "Id": "1081582",
    "ThreadId": "453590",
    "Html": "I'm aiming for a stable release that has feature parity with TD 2 by christmas. Don't hold me to that timeline though. I'm a full time employee and a part-time student this fall. Still though, TD3 is coming along much faster than I initially expected, so barring any major setbacks I'm reasonably comfortable with the timeframe. The only major wildcard is security. MS is still in alpha with their new claims based authorization framework, but so far it looks good. As long as they ship on time, I should be able to as well.<br />\n",
    "PostedDate": "2013-08-17T00:23:47.27-07:00",
    "UserRole": null,
    "MarkedAsAnswerDate": null
  },
  {
    "Id": "1081583",
    "ThreadId": "453590",
    "Html": "Full time employee and a part time student! \r<br />\n<br />\nI've been there, I've dome that. I've read for a Degree and a Masters after office hours. Now preparing for a PhD. Wish you luck in your studies :)\r<br />\n<br />\nBrian<br />\n",
    "PostedDate": "2013-08-17T00:27:40.977-07:00",
    "UserRole": null,
    "MarkedAsAnswerDate": null
  }
]