[
  {
    "Id": "1307456",
    "ThreadId": "568179",
    "Html": "Any ideas on the following? Am seeing an error (see below) when trying to browse the web app after installation. I've replaced Web.config with the contents of ADWeb.config and configured the required appSettings based on your config guide.\r<br />\n<br />\nServer Error in '/' Application.\r<br />\n<br />\nValue cannot be null.\r<br />\nParameter name: value\r<br />\n<br />\nDescription: An unhandled exception occurred during the execution of the current web request. Please review the stack trace for more information about the error and where it originated in the code. \r<br />\n<br />\nException Details: System.ArgumentNullException: Value cannot be null.\r<br />\nParameter name: value\r<br />\n<br />\nSource Error: \r<br />\n<br />\nAn unhandled exception was generated during the execution of the current web request. Information regarding the origin and location of the exception can be identified using the exception stack trace below.\r<br />\n<br />\nStack Trace: \r<br />\n<br />\n<br />\n[ArgumentNullException: Value cannot be null.\r<br />\nParameter name: value]\r<br />\n   System.Runtime.Caching.MemoryCacheEntry..ctor(String key, Object value, DateTimeOffset absExp, TimeSpan slidingExp, CacheItemPriority priority, Collection`1 dependencies, CacheEntryRemovedCallback removedCallback, MemoryCache cache) +89042\r<br />\n   System.Runtime.Caching.MemoryCache.AddOrGetExistingInternal(String key, Object value, CacheItemPolicy policy) +771\r<br />\n   System.Runtime.Caching.ObjectCache.Add(String key, Object value, CacheItemPolicy policy, String regionName) +25\r<br />\n   TicketDesk.Domain.Services.AdSecurityCacheService.SetCache(ObjectCache cache, String key, Object value, CacheItemPolicy policy) +49\r<br />\n   TicketDesk.Domain.Services.AdSecurityCacheService.GetRoleMembers(String groupName) +491\r<br />\n   TicketDesk.Domain.Repositories.AdSecurityRepository.IsUserInRoleName(String userName, String roleName) +61\r<br />\n   TicketDesk.Domain.Services.SecurityService.IsInValidTdUserRole() +94\r<br />\n   ASP.views_shared_quickseach_ascx.__Render__control1(HtmlTextWriter __w, Control parameterContainer) +171\r<br />\n   System.Web.UI.Control.RenderChildrenInternal(HtmlTextWriter writer, ICollection children) +131\r<br />\n   System.Web.UI.Control.RenderControlInternal(HtmlTextWriter writer, ControlAdapter adapter) +150\r<br />\n   System.Web.UI.Control.RenderChildrenInternal(HtmlTextWriter writer, ICollection children) +249\r<br />\n   System.Web.Mvc.ViewPage.Render(HtmlTextWriter writer) +85\r<br />\n   System.Web.UI.Control.RenderControlInternal(HtmlTextWriter writer, ControlAdapter adapter) +150\r<br />\n   System.Web.UI.Page.ProcessRequestMain(Boolean includeStagesBeforeAsyncPoint, Boolean includeStagesAfterAsyncPoint) +5363\r<br />\n<br />\nVersion Information: Microsoft .NET Framework Version:4.0.30319; ASP.NET Version:4.0.30319.18446<br />\n",
    "PostedDate": "2014-09-23T08:21:31.623-07:00",
    "UserRole": null,
    "MarkedAsAnswerDate": null
  },
  {
    "Id": "1307610",
    "ThreadId": "568179",
    "Html": "This kind of error is almost always a configuration issue in the end. \r<br />\n<br />\nThe problem area - In this section of code, TicketDesk is trying to query it's local cache of AD data. This data is read from AD by a background process, and stored in the database. This is necessary because quering AD directly on-demand can take a REALLY long time, and the website will respond very slowly if it has to wait on AD for every user display name or email address it needs to know about before it can render the requested page.<br />\n\r<br />\nThe specific problem - The code is querying the SQL database for cached AD information. In this case, it is looking for the list of all users who belong to an AD group. The query is not failing, but it is returning zero users. The code doesn't correctly handle a case where one of the AD groups doesn't contain any user accounts. \r<br />\n<br />\nThings to check:<br />\n<ol>\n<li>In AD, make sure there is at least one user account in each of the AD groups you've configured for use with TicketDesk (specified in web.config)</li>\n<li>In web.config, make sure the three AD groups being mapped to TicketDesk are correct, that the group name is spelled correctly, and that there aren't any missing or extra whitespace characters in the group names.</li>\n<li>\nMake sure that the credentials in web.config which the application uses to query AD are correct. <br />\n</li>\n</ol>\nAdditional things to consider:\r<br />\n<br />\nThe AD cache in the database is empty when you first start the application up. It is populated by a background process. It can take several minutes for it to complete all the queries it needs in order to build the cache. The more users in your AD groups, the longer it will take. So, fire up the web site, and visit the home page in the browser. Then don't do anything else for a while. Give it time to run and see if it can finish building the AD user information cache. Once the cache is populated the first time, you shouldn't see this problem again on future startups\r<br />\n<br />\n. <br />\n",
    "PostedDate": "2014-09-23T19:34:47.183-07:00",
    "UserRole": null,
    "MarkedAsAnswerDate": "2014-09-24T00:23:03.01-07:00"
  },
  {
    "Id": "1307639",
    "ThreadId": "568179",
    "Html": "Many apologies. Yes, stupid typo.<br />\n",
    "PostedDate": "2014-09-24T00:22:59.033-07:00",
    "UserRole": null,
    "MarkedAsAnswerDate": null
  }
]