[
  {
    "Id": "738922",
    "ThreadId": "292066",
    "Html": "\r\n<p>We have internal (IT crew)&nbsp;and external (vendors) that participate as Help Staff.</p>\r\n<p>Can the system be configured so that an individual is limited to only see tickets that they have created or been assigned, hiding all others in that they have no participation?</p>\r\n<p>Thanks</p>\r\n",
    "PostedDate": "2012-02-03T21:25:38.337-08:00",
    "UserRole": null,
    "MarkedAsAnswerDate": null
  },
  {
    "Id": "740541",
    "ThreadId": "292066",
    "Html": "<p>Not with the current design.<br /><br />TicketDesk is specifically designed for transparency and to encourage participation from all parties. It assumes an environment where all users are reasonably trustworthy adults... keep it simple and trust the people to do the right thing. &nbsp;It does not group users into access groups, nor does it have elaborate permission systems or custom escalations or sign-off workflows etc.&nbsp; &nbsp;&nbsp;</p>\r\n<p>If you are in a multi-organizational environment or an environment with significant political, contractual, or security concerns where you just can't trust people to police themselves, then I strongly urge you to consider one of the many good commercial products (I often recommend HelpSpot). &nbsp; &nbsp; &nbsp;</p>\r\n<p>I do have some plans for a future version of TicketDesk that is designed with support for external submitters. This would come with limited visibility for those extneral submitter users. But I have no plans to get into multi-departmental or multi-organizational scenarios. The&nbsp;requirements&nbsp;of such systems are very different from those of high-trust internal help desks. I would not design one product that tries to fit both kinds of organization.&nbsp;</p>",
    "PostedDate": "2012-02-04T19:23:33.623-08:00",
    "UserRole": null,
    "MarkedAsAnswerDate": null
  }
]