[
  {
    "Id": "1101389",
    "ThreadId": "459841",
    "Html": "Since 3.0 version is still under development, I'd like the author to consider support for internationalization. It has to be some kind of localization system and the user has to be able to select one of the configured languages for the TicketDesk.<br />\n",
    "PostedDate": "2013-10-01T10:28:54.607-07:00",
    "UserRole": null,
    "MarkedAsAnswerDate": null
  },
  {
    "Id": "1101394",
    "ThreadId": "459841",
    "Html": "This is already in the new code base. For more info on the implementation see <a href=\"http://www.reddnet.net/ticketdesk-3-dev-diary-localization-and-internationalization/\" rel=\"nofollow\">this article</a>: <br />\n",
    "PostedDate": "2013-10-01T10:36:23.793-07:00",
    "UserRole": null,
    "MarkedAsAnswerDate": null
  },
  {
    "Id": "1102716",
    "ThreadId": "459841",
    "Html": "Great! Thanks!<br />\n",
    "PostedDate": "2013-10-02T05:48:41.623-07:00",
    "UserRole": null,
    "MarkedAsAnswerDate": null
  },
  {
    "Id": "1198812",
    "ThreadId": "459841",
    "Html": "I've done localization in Italian on 2.1.2 release, using localization approach you have had in 3.0 beta release.\r<br />\nHere is a sample code used to localize DisplayName attribute, after add this class, simply do a find and replace of  Display attribute with LocalizedDisplayName\r<br />\n(ex. ChangePasswordModel and all other model class).<br />\n<pre><code>public class LocalizedDisplayName : DisplayNameAttribute\n{\n    private string DisplayNameKey { get; set; }\n    private string ResourceSetName { get; set; }\n    private static ResourceSet _rs=null;\n\n    public LocalizedDisplayName(string displayNameKey)\n        : base(displayNameKey)\n    {\n        this.DisplayNameKey = displayNameKey;\n    }\n\n    public LocalizedDisplayName(string displayNameKey, string resourceSetName)\n        : base(displayNameKey)\n    {\n        this.DisplayNameKey = displayNameKey;\n        this.ResourceSetName = resourceSetName;\n    }\n    public void Initialize()\n    {\n        Initialize(System.Globalization.CultureInfo.CurrentCulture.Name);\n        Initialize(System.Globalization.CultureInfo.CurrentCulture.Name);\n    }\n\n    public void Initialize(String strCulture)\n    {\n        _rs = AppModelText.ResourceManager.GetResourceSet(new System.Globalization.CultureInfo(strCulture), true, true);\n    }\n\n    public override string DisplayName\n    {\n        get\n        {\n            if (_rs == null)\n                Initialize();\n            String strLocalized = this.DisplayNameKey;\n            String strDisplayKey = Regex.Replace(this.DisplayNameKey, @&quot;([ ?èéòìù%&amp;$£])&quot;, &quot;_&quot;);\n            try\n            {\n                if (_rs.GetString(strDisplayKey) != null)\n                    strLocalized = _rs.GetString(strDisplayKey);\n                else\n                    System.Diagnostics.Debug.WriteLine(&quot;NOTFOUND:&quot; + this.DisplayNameKey);\n            }\n            catch\n            {\n                System.Diagnostics.Debug.WriteLine(&quot;NOTFOUND:&quot; + this.DisplayNameKey);\n            }\n            return strLocalized;\n        }\n    }\n\n}</code></pre>\n\n",
    "PostedDate": "2014-01-27T01:13:06.233-08:00",
    "UserRole": null,
    "MarkedAsAnswerDate": null
  }
]