[
  {
    "Id": "1335508",
    "ThreadId": "576057",
    "Html": "Using 2.02 with AD.  Right now I have users that are able to create tickets in the &quot;submitter&quot; group.  My login is the only account in all 3 groups.\r<br />\n<br />\nI'm sure I am just mis-understanding some terms and concepts, but I have some questions about assigning tickets.\r<br />\n<br />\nI am still playing with getting things configured so this might be the issue as well.<br />\n\r<br />\nProblem:\r<br />\nI am entering a bunch of backlog items while logged in as me and choosing the correct &quot;user&quot; as the owner so the tickets appear correctly in the ticket desk overview screen.  So the tickets show as created by me and owned by the user.  When I go edit the ticket and select assign, the drop down is empty.  Since I am a department of 1 at the moment, I am the admin, the staff and the submitter.  Shouldn't my account be listed in the &quot;assign to&quot; drop down?\r<br />\n<br />\nThanks.<br />\n",
    "PostedDate": "2014-12-22T06:43:37.727-08:00",
    "UserRole": null,
    "MarkedAsAnswerDate": null
  },
  {
    "Id": "1335520",
    "ThreadId": "576057",
    "Html": "Not in TD 2.02. You should use the take-over action to assign a ticket to yourself. This makes the intent explicit, and seemed like a good idea at the time. TD 2.5 will change this behavior to allow taking over from the assign activity.<br />\n",
    "PostedDate": "2014-12-22T07:41:39.963-08:00",
    "UserRole": null,
    "MarkedAsAnswerDate": "2014-12-22T11:34:55.753-08:00"
  },
  {
    "Id": "1335521",
    "ThreadId": "576057",
    "Html": "Ok - makes sense. <br />\n",
    "PostedDate": "2014-12-22T07:45:26.15-08:00",
    "UserRole": null,
    "MarkedAsAnswerDate": null
  }
]