[
  {
    "Id": "591867",
    "ThreadId": "252549",
    "Html": "\r\n<p>Hi,</p>\r\n<p>I want a role system i.e., a new role of &quot;executive&quot; which is the person who will actually working on issue, &quot;helpdesk&quot; is one who will assign issues to their executive and &quot;admin&quot; will control all the roles. admin have a right to add new user directly from\r\n their accounts. how i make chages and where to run a system this way. I am using 36575 version of ticketdesk system.</p>\r\n",
    "PostedDate": "2011-04-05T02:17:27.547-07:00",
    "UserRole": null,
    "MarkedAsAnswerDate": null
  },
  {
    "Id": "592471",
    "ThreadId": "252549",
    "Html": "<p>Not all problems require a technical solution. Based on your description, this is likely one of those cases.</p>\r\n<p>The administrative user you describe would just be a member of the admin role in ticketdesk. Ticketdesk contains the features you described, and the admin role has permissions to those features.</p>\r\n<p>For the other two users, basically you describe two people who are just doing different tasks within TicketDesk; one is a regular help desk staffer and the other sounds like a \"traffic cop\" type person -- basically just someone who's job it is to make sure new issues get routed to the right people on the helpdesk. Both of these users are conceptually IT staff members, and so both fall into the \"HelpDeskStaff\" security group/role that TicketDesk implements.</p>\r\n<p>You do not need a fully customized permissions system that can formally distinguish between each user's specific job responsibilities. Remember, this is just an issue tracker, not banking software.</p>\r\n<p>Just add both the \"executive\" user and the \"helpdesk\" user to the built-in \"HelpDeskStaff\" security role. This role has the appropriate permissions needed for both kinds of user. Members of this role can assign/re-assign tickets, which fits the needs of your \"helpdesk\" user. Similarly, this role also allows the \"executive\" user to perform all of the actions necessary to actually work on and resolve the issues.&nbsp;</p>\r\n<p>I can't identify a compelling reason to customize the code of the security system though, that's a lot of effort but doesn't seem to provide any capabilities that TicketDesk doesn't already provide. &nbsp;</p>\r\n<p>However; if you did want to modify the security sub-systems to add this kind of custom security then you could alter the source code as needed... but \"how\" to do that is well beyond the scope of a simple online discussion. Security and permission systems can range from very simple, to wildly complex; but any design you come up with has to be&nbsp;implemented&nbsp;throughout the entire system. There is no security system where you can \"just make this little change and be done with it\". Altering the behavior of a security system tends to impact the entire system's design; how much impact it has depends on the kind of changes and the complexity of the overall security system. &nbsp;</p>\r\n<p>I do have plans to replace TicketDesk's current security and permissions system with a more comprehensive and customizable one in a future release. The reason for the new security system though is to support features and usage scenarios that have not yet been implemented with ticketdesk yet; anonymous external users for public facing ticketdesk instances for example. &nbsp; &nbsp; &nbsp; &nbsp; &nbsp; &nbsp;</p>",
    "PostedDate": "2011-04-05T17:54:54.867-07:00",
    "UserRole": null,
    "MarkedAsAnswerDate": null
  },
  {
    "Id": "592552",
    "ThreadId": "252549",
    "Html": "<p>Hi Stephen Redd,</p>\r\n<p>&nbsp;&nbsp;&nbsp; first of all thank u for reply. I have already created a role of executive. for that I have add role in web.config and user and roles cs page add listbox items. that's it. as well as I need some activity buttons so that in securitymanager.cs static property and I am added this condition for assign button visibility true where u already check for isstaff or isadmin like that. for any other rights do i need changes? any other places?.</p>\r\n<p>&nbsp;&nbsp;&nbsp; one for thing when I am login it goes to ticketcenter2 page, where by default focus on \"ALLMyTickets\" hyperlink. how I change to by default focus on \"ALLOpenTickets\". I try a lot through your listview settings, your user control code, other cs setting but I cant success in it. pls if possible help me out.</p>\r\n<p>&nbsp;&nbsp;&nbsp; last If I ask my application related issues to you thats not a problem na?</p>\r\n<p>&nbsp;&nbsp;&nbsp; Thank u once again,</p>\r\n<p>&nbsp;&nbsp;&nbsp; bye</p>",
    "PostedDate": "2011-04-05T23:22:37.617-07:00",
    "UserRole": null,
    "MarkedAsAnswerDate": null
  },
  {
    "Id": "593194",
    "ThreadId": "252549",
    "Html": "<p>In the ticket center, the default focus is on the first displayed list defined.</p>\r\n<p>You can re-arrange the lists (which are what create the tabs in ticket center) by editing the static&nbsp;<span style=\"font-family: Consolas, 'Courier New', Courier, monospace; white-space: pre;\">CreateNewSettings </span>method in the&nbsp;<span style=\"font-family: Consolas, 'Courier New', Courier, monospace; white-space: pre;\">ListViewSettingsCollection </span>class. The current method just creates the default set of lists; if the user is a staff memeber they will get two additional lists. You can potentially make method much more complex. &nbsp;</p>\r\n<p>Please keep in mind that you have to delete the user's profile data from the database if you want it to re-generate the lists for an existing user. &nbsp;</p>\r\n<p>As for your security changes, there just isn't enough information for me to give you any useful advice. It sounds like you are on the right track, and that you know what you are aiming for. No suggestions come to mind. The TicketDesk 1.x security system is fairly simple in regards to the kinds of changes you are making now. It doesn't really get complex until you get into modifying the deeper active directory stuff (which you don't need to do for the kinds of modifications you are talking about). &nbsp;</p>\r\n<p>I don't mind discussing any TicketDesk related topics here; including helping with any custom programming. &nbsp;</p>",
    "PostedDate": "2011-04-06T16:53:33.137-07:00",
    "UserRole": null,
    "MarkedAsAnswerDate": null
  },
  {
    "Id": "593407",
    "ThreadId": "252549",
    "Html": "<p>Hey Stephen,</p>\r\n<p>&nbsp;&nbsp;&nbsp;&nbsp;&nbsp; Thank u once again, bcoz of ur reply regarding tab setting changes, I can able to do changes for reordering all the tabs as per my requirements with short time successfully.</p>\r\n<p>now I already achieved bydefault focus on \"ALLOPENTICKETS\" by tab reordering. now I want if by default focus on \"ALLOPENTICKETS\" than all data should be display ticketid descending order compulsory. means everytime last or latest ticket should be displayed on my first page. it should be happen every time either anyone click on \"ALLOPENTICKETS\" hyperlink or bydefault focus on \"ALLOPENTICKETS\".</p>\r\n<p>already I have started this task. I am checking whether&nbsp;\"<span style=\"font-size: x-small;\"><span style=\"font-size: x-small;\">listViewSettings.ListViewName ==</span><span style=\"color: #a31515; font-size: x-small;\"><span style=\"color: #a31515; font-size: x-small;\">\"opentickets\"&nbsp;than sorting should be on&nbsp;zero indexing i.e. ticketid column only and descending direction only.,</span></span></span>&nbsp;in \"TicketListQueryExtensions.cs\" . Its working fine, when if already ticketid setting in descending order. else if&nbsp;I sort (any other column&nbsp;ascending,ticketid column ascending)&nbsp;&nbsp;and run website second time than it takes a setting of earlier one which i made. it not considering my setting. following is my code.&nbsp; I have commented your code</p>\r\n<p><span style=\"font-size: x-small;\">&nbsp;</span><span style=\"color: #0000ff; font-size: x-small;\"><span style=\"color: #0000ff; font-size: x-small;\">static</span></span><span style=\"font-size: x-small;\"> </span><span style=\"color: #2b91af; font-size: x-small;\"><span style=\"color: #2b91af; font-size: x-small;\">IQueryable</span></span><span style=\"font-size: x-small;\">&lt;</span><span style=\"color: #2b91af; font-size: x-small;\"><span style=\"color: #2b91af; font-size: x-small;\">Ticket</span></span><span style=\"font-size: x-small;\">&gt; ApplyListViewSettings(</span><span style=\"color: #0000ff; font-size: x-small;\"><span style=\"color: #0000ff; font-size: x-small;\">this</span></span><span style=\"font-size: x-small;\"> </span><span style=\"color: #2b91af; font-size: x-small;\"><span style=\"color: #2b91af; font-size: x-small;\">IQueryable</span></span><span style=\"font-size: x-small;\">&lt;</span><span style=\"color: #2b91af; font-size: x-small;\"><span style=\"color: #2b91af; font-size: x-small;\">Ticket</span></span><span style=\"font-size: x-small;\">&gt; ticketQuery, </span><span style=\"color: #2b91af; font-size: x-small;\"><span style=\"color: #2b91af; font-size: x-small;\">ListViewSettings</span></span><span style=\"font-size: x-small;\"> listViewSettings, </span><span style=\"color: #0000ff; font-size: x-small;\"><span style=\"color: #0000ff; font-size: x-small;\">int</span></span><span style=\"font-size: x-small;\"> startRowIndex)\r\n<p>{</p>\r\n<span style=\"font-size: x-small;\">\r\n<p>&nbsp;<span style=\"color: #2b91af; font-size: x-small;\"><span style=\"color: #2b91af; font-size: x-small;\">Queryable</span></span><span style=\"font-size: x-small;\">&lt;</span><span style=\"color: #2b91af; font-size: x-small;\"><span style=\"color: #2b91af; font-size: x-small;\">Ticket</span></span><span style=\"font-size: x-small;\">&gt; newQuery = ticketQuery;</span></p>\r\n</span></span>\r\n<p>\r\n<p><span style=\"font-size: x-small;\"><span style=\"font-size: x-small;\">\r\n<p>&nbsp;</p>\r\n<span style=\"font-size: x-small;\"><font size=\"2\">\r\n<p>&nbsp;</p>\r\n</font><span style=\"color: #008000; font-size: x-small;\"><span style=\"color: #008000; font-size: x-small;\">//TODO: Need to modify list search to store the where clause in list settings instead of managing the query directly</span></span></span></span></span><span style=\"color: #008000; font-size: x-small;\"><span style=\"color: #008000; font-size: x-small;\">\r\n<p>&nbsp;</p>\r\n</span></span><span style=\"font-size: x-small;\"><span style=\"font-size: x-small;\">\r\n<p>&nbsp;</p>\r\n</span><span style=\"color: #0000ff; font-size: x-small;\"><span style=\"color: #0000ff; font-size: x-small;\">if</span></span><span style=\"font-size: x-small;\"> (listViewSettings.ListViewName == </span><span style=\"color: #a31515; font-size: x-small;\"><span style=\"color: #a31515; font-size: x-small;\">\"opentickets\"</span></span><span style=\"font-size: x-small;\">)</span></span><span style=\"font-size: x-small;\">\r\n<p>{</p>\r\n<p>newQuery = newQuery.ApplyFilters(listViewSettings);</p>\r\n<span style=\"font-size: x-small;\">\r\n<p>&nbsp;</p>\r\n</span><span style=\"color: #008000; font-size: x-small;\"><span style=\"color: #008000; font-size: x-small;\">//ListViewSortColumn column1 = listViewSettings.SortColumns.LastOrDefault();</span></span></span><span style=\"color: #008000; font-size: x-small;\">&nbsp;</span><span style=\"font-size: x-small;\"><span style=\"font-size: x-small;\">\r\n<p>&nbsp;</p>\r\n</span><span style=\"color: #008000; font-size: x-small;\"><span style=\"color: #008000; font-size: x-small;\">//ListViewSortColumn column1 = new ListViewSortColumn();</span></span></span><span style=\"color: #008000; font-size: x-small;\">&nbsp;</span><span style=\"font-size: x-small;\"><span style=\"font-size: x-small;\">\r\n<p>&nbsp;</p>\r\n</span><span style=\"color: #2b91af; font-size: x-small;\"><span style=\"color: #2b91af; font-size: x-small;\">ListViewSortColumn</span></span><span style=\"font-size: x-small;\"> column1 = listViewSettings.SortColumns[0];</span></span><span style=\"font-size: x-small;\"><span style=\"font-size: x-small;\">\r\n<p>&nbsp;</p>\r\n</span><span style=\"color: #0000ff; font-size: x-small;\"><span style=\"color: #0000ff; font-size: x-small;\">if</span></span><span style=\"font-size: x-small;\"> (column1.SortDirection == </span><span style=\"color: #2b91af; font-size: x-small;\"><span style=\"color: #2b91af; font-size: x-small;\">ColumnSortDirection</span></span><span style=\"font-size: x-small;\">.Ascending)</span></span><span style=\"font-size: x-small;\">\r\n<p>{</p>\r\n<span style=\"font-size: x-small;\">\r\n<p>newQuery = newQuery.ApplySort(</p>\r\n</span><span style=\"color: #a31515; font-size: x-small;\"><span style=\"color: #a31515; font-size: x-small;\">\"TicketId\"</span></span><span style=\"font-size: x-small;\">, column1.SortDirection == </span><span style=\"color: #2b91af; font-size: x-small;\"><span style=\"color: #2b91af; font-size: x-small;\">ColumnSortDirection</span></span><span style=\"font-size: x-small;\">.Descending);</span></span><span style=\"font-size: x-small;\">\r\n<p>}</p>\r\n<span style=\"font-size: x-small;\">\r\n<p>newQuery = newQuery.ApplySort(</p>\r\n</span><span style=\"color: #a31515; font-size: x-small;\"><span style=\"color: #a31515; font-size: x-small;\">\"TicketId\"</span></span><span style=\"font-size: x-small;\">, column1.SortDirection == </span><span style=\"color: #2b91af; font-size: x-small;\"><span style=\"color: #2b91af; font-size: x-small;\">ColumnSortDirection</span></span><span style=\"font-size: x-small;\">.Descending);</span></span><span style=\"font-size: x-small;\">\r\n<p>&nbsp;</p>\r\n<p>}</p>\r\n<span style=\"font-size: x-small;\">\r\n<p>&nbsp;</p>\r\n</span><span style=\"color: #0000ff; font-size: x-small;\"><span style=\"color: #0000ff; font-size: x-small;\">else</span></span></span><span style=\"color: #0000ff; font-size: x-small;\">&nbsp;</span><span style=\"font-size: x-small;\">\r\n<p>{</p>\r\n<span style=\"font-size: x-small;\">\r\n<p>&nbsp;</p>\r\n</span><span style=\"color: #0000ff; font-size: x-small;\"><span style=\"color: #0000ff; font-size: x-small;\">if</span></span><span style=\"font-size: x-small;\"> (listViewSettings.ListViewName != </span><span style=\"color: #a31515; font-size: x-small;\"><span style=\"color: #a31515; font-size: x-small;\">\"search\"</span></span><span style=\"font-size: x-small;\"> &amp;&amp; newQuery != </span><span style=\"color: #0000ff; font-size: x-small;\"><span style=\"color: #0000ff; font-size: x-small;\">null</span></span><span style=\"font-size: x-small;\">)</span></span><span style=\"font-size: x-small;\">\r\n<p>{</p>\r\n<p>newQuery = newQuery.ApplyFilters(listViewSettings);</p>\r\n<p>newQuery = newQuery.ApplySorts(listViewSettings);</p>\r\n<p>}</p>\r\n<span style=\"font-size: x-small;\">\r\n<p>&nbsp;</p>\r\n</span><span style=\"color: #0000ff; font-size: x-small;\"><span style=\"color: #0000ff; font-size: x-small;\">else</span></span></span><span style=\"font-size: x-small;\">\r\n<p>{</p>\r\n<p>newQuery = ticketQuery.ApplySorts(listViewSettings);</p>\r\n<p>}</p>\r\n<p>}</p>\r\n<p>&nbsp;</p>\r\n<span style=\"font-size: x-small;\">\r\n<p>&nbsp;</p>\r\n</span><span style=\"color: #008000; font-size: x-small;\"><span style=\"color: #008000; font-size: x-small;\">//if (listViewSettings.ListViewName != \"search\")</span></span></span><span style=\"font-size: x-small;\"><span style=\"font-size: x-small;\">\r\n<p>&nbsp;</p>\r\n</span><span style=\"color: #008000; font-size: x-small;\"><span style=\"color: #008000; font-size: x-small;\">//{</span></span></span><span style=\"font-size: x-small;\"><span style=\"font-size: x-small;\">\r\n<p>&nbsp;</p>\r\n</span><span style=\"color: #008000; font-size: x-small;\"><span style=\"color: #008000; font-size: x-small;\">// newQuery = newQuery.ApplyFilters(listViewSettings);</span></span></span><span style=\"font-size: x-small;\"><span style=\"font-size: x-small;\">\r\n<p>&nbsp;</p>\r\n</span><span style=\"color: #008000; font-size: x-small;\"><span style=\"color: #008000; font-size: x-small;\">//}</span></span></span><span style=\"font-size: x-small;\"><span style=\"font-size: x-small;\">\r\n<p>&nbsp;</p>\r\n</span><span style=\"color: #008000; font-size: x-small;\"><span style=\"color: #008000; font-size: x-small;\">//if (newQuery != null)</span></span></span><span style=\"font-size: x-small;\"><span style=\"font-size: x-small;\">\r\n<p>&nbsp;</p>\r\n</span><span style=\"color: #008000; font-size: x-small;\"><span style=\"color: #008000; font-size: x-small;\">//{</span></span></span><span style=\"font-size: x-small;\"><span style=\"font-size: x-small;\">\r\n<p>&nbsp;</p>\r\n</span><span style=\"color: #008000; font-size: x-small;\"><span style=\"color: #008000; font-size: x-small;\">// newQuery = newQuery.ApplySorts(listViewSettings);</span></span></span><span style=\"font-size: x-small;\"><span style=\"font-size: x-small;\">\r\n<p>&nbsp;</p>\r\n</span><span style=\"color: #008000; font-size: x-small;\"><span style=\"color: #008000; font-size: x-small;\">//}</span></span></span><span style=\"font-size: x-small;\"><span style=\"font-size: x-small;\">\r\n<p>&nbsp;</p>\r\n</span><span style=\"color: #008000; font-size: x-small;\"><span style=\"color: #008000; font-size: x-small;\">//else</span></span></span><span style=\"font-size: x-small;\"><span style=\"font-size: x-small;\">\r\n<p>&nbsp;</p>\r\n</span><span style=\"color: #008000; font-size: x-small;\"><span style=\"color: #008000; font-size: x-small;\">//{</span></span></span><span style=\"font-size: x-small;\"><span style=\"font-size: x-small;\">\r\n<p>&nbsp;</p>\r\n</span><span style=\"color: #008000; font-size: x-small;\"><span style=\"color: #008000; font-size: x-small;\">// newQuery = ticketQuery.ApplySorts(listViewSettings);</span></span></span><span style=\"font-size: x-small;\"><span style=\"font-size: x-small;\">\r\n<p>&nbsp;</p>\r\n</span><span style=\"color: #008000; font-size: x-small;\"><span style=\"color: #008000; font-size: x-small;\">//}</span></span></span><span style=\"font-size: x-small;\"><span style=\"font-size: x-small;\">\r\n<p>&nbsp;</p>\r\n</span><span style=\"color: #0000ff; font-size: x-small;\"><span style=\"color: #0000ff; font-size: x-small;\">return</span></span><span style=\"font-size: x-small;\"> newQuery;</span></span><span style=\"font-size: x-small;\">\r\n<p>}</p>\r\n</span></p>\r\n</p>\r\n<p>&nbsp;</p>\r\n<p>&nbsp;</p>\r\n<p>&nbsp;</p>\r\n</p>",
    "PostedDate": "2011-04-07T03:58:13.04-07:00",
    "UserRole": null,
    "MarkedAsAnswerDate": null
  },
  {
    "Id": "593525",
    "ThreadId": "252549",
    "Html": "<p>It has been a long time since I wrote the TicketDesk 1.x code base, and this wasn't an area that got changed much in 2.x so I've not worked with this part of the code in a couple of years. BTW, was there a reason you are using the 1.x code-base instead of 2.x?</p>\r\n<p>I'll take a deeper look later in the week, but right off the top of my head I would suggest that you probably should modify the parts of the code that save/update the sort settings instead of the code that applies the sort settings.</p>\r\n<p>For example; in the code-behind file (ListView.ascx.cs) you could simply modify the&nbsp;<span style=\"font-family: Consolas, 'Courier New', Courier, monospace; white-space: pre;\">TicketListView_ItemCommand </span>so that it doesn't save the altered sort settings when the list is loaded.</p>\r\n<p>Of course, you could also just let the users manage their own sorts and settings. I can understand having a standard default sort, but why the need to prevent them from changing it to fit their own preferences and needs individually? &nbsp;Seems like a lot of trouble to code around the sorting mechanism just to force an admin-defined standard sort on just one of the lists.</p>",
    "PostedDate": "2011-04-07T07:03:02.237-07:00",
    "UserRole": null,
    "MarkedAsAnswerDate": null
  }
]