[
  {
    "Id": "235687",
    "ThreadId": "69279",
    "Html": "<p>Stephen,</p>\r\n<p>Just wanted to start by saying thanks for all your work on Ticketdesk.&nbsp; It's really a great application we've been using it for ~6months and have been happy...&nbsp;</p>\r\n<p>Just wanted to comment on the latest build and the&nbsp;new editor.&nbsp; While I completely understand why you switched editors, as we've also run into the issue&nbsp;where the HTML in the emails blows up for some reason, I can't say I'm overly thrilled with the Markdown editor...&nbsp; Now, it's not that I don't like Markdown...&nbsp; Actually, I really like the concept..&nbsp; It's just that it seems to be a step backwards.</p>\r\n<p>First off, copy and paste into the Markdown editor is nowhere near as good.&nbsp; All formatting is lost when copying from web pages or Word docs...&nbsp; Things like tables, or items from Excel, which copied as HTML tables in fckeditor just copy as a mash of plain text in Markdown.&nbsp; It really just creates a mess in most copy / paste operations.&nbsp; (and yes, I know that these copy paste operations are often what caused the HTML in the email notices to blow up...)&nbsp;&nbsp;The mess that can come from pasting text from&nbsp;a web page or some other app is really just intolerable (paragraphs all run together, lists get turned into an string of words on the same line, etc)...&nbsp;</p>\r\n<p>Second, Markdown is confusing for end users.&nbsp; End users have gotten too&nbsp;used to WYSIWYG editors....&nbsp;&nbsp;For example:&nbsp;the concept of having to end paragraphs with two spaces is confusing and / or easy to forget...&nbsp; Either that, or users have to remember to hit Enter twice at the end of their paragraph.&nbsp;&nbsp;&nbsp;When a user hits the Bold button, they expect to get Bold text, not&nbsp;four asterisks for them to type between...&nbsp;</p>\r\n<p>I'm not saying that end users can't be trained...&nbsp; But their tolerance for learning a &quot;special&quot; markup language just to report trouble is not going to be high.</p>\r\n<p>Personally, I'd rather live with the HTML-email-blowup quirk of&nbsp;FCKeditor than Markdown. The end user experience is <strong>so</strong> much better when filing and responding to tickets.&nbsp; On that&nbsp;note, have you looked at CKEditor 3.0 (renamed FCKeditor, <a href=\"http://ckeditor.com/\">http://ckeditor.com/</a>) as the replacement instead?&nbsp; Maybe they fixed the&nbsp;bug that blows up the HTML email?&nbsp;What about the editor that Codeplex uses for these comments (don't know what it is, but it seems to work well) ?</p>\r\n<p>Thanks for taking the time to listen.&nbsp;</p>",
    "PostedDate": "2009-09-17T10:38:23.367-07:00",
    "UserRole": null,
    "MarkedAsAnswerDate": null
  },
  {
    "Id": "235887",
    "ThreadId": "69279",
    "Html": "<p>The input is very much appreciated, and if you have more please post it up.</p>\r\n<p>Once of the minor goals with using a markdown based editor in this release of TicketDesk was to gather some&nbsp;experimental&nbsp;information about end-user acceptance for this kind of editor. Of course the major reasons for replacing the FCKEditor in the first place were purely technical.</p>\r\n<p>There are four major problems I am trying to address:</p>\r\n<ol>\r\n<li>The FCKEditor in TicketDesk 1.x has problems, especially with IE 8, where submitting a form sometimes omits the editor's text. My own users have been very vocal about how having to re-type their information makes them feel :P</li>\r\n<li>HTML editors in general all suffer from serious issues with copy/paste HTML and the damage that can do to the site's formatting or functionality.&nbsp;</li>\r\n<li>Then there are script injection attacks. TicketDesk was designed for internal use where the risk level is &quot;unlikely&quot; and the impact would be &quot;minor to moderate&quot;, but there are many people requesting that TicketDesk better handle external users scenarios. In those cases script injection risks rise to &quot;highly probably&quot; and impact becomes &quot;severe&quot;.</li>\r\n<li>And the final problem is that the ajax support in webforms using update panels and the ajax control toolkit are... well... crap. When I picked FCKEditor a year and a half ago, I did so because none of the 7 other open source editors I&nbsp;preferred&nbsp;more would work with the ajax stuff. &nbsp;I like FCKEditor, but not for end-user facing systems. It is too big, too slow, and I end up turning off 90% of the features anyway. I love the FCKEditor for admin tools and applications&nbsp;where the users are technically&nbsp;competent&nbsp;and there is a strong need for full featured editing with all the extras.</li>\r\n</ol>\r\n<p>So basically, for TicketDesk 1.2.3 I was in a pickle... I needed a fast solution, especially to problem #1 (submit losing the comments), but I needed something that didn't require that I re-code the entire UI to work around the anti-social behavior with ajax and the toolkit.&nbsp;</p>\r\n<p>I also had been considering MarkitUp with Markdown (or the WMD editor variant that stackoverflow uses) for quite a while. Markdown as a syntax eliminates almost all of the problems from copy/paste formatting and script injection (when combined with an HTML sanitizer). &nbsp;And since the MarkitUp! editor itself is very simple, it plays well even with the Ajax Toolkit.&nbsp;</p>\r\n<p>I'd have&nbsp;preferred&nbsp;to use the WMD editor... I like the UI behavior a lot better, but WMD is a mess and also hates the ajax and toolkit stuff in webforms. It also doesn't look like WMD code base will be getting developed any further either. &nbsp;</p>\r\n<p>When debating this I did asked for input both my own users as well as a couple of the larger companies using TicketDesk. They mostly indicated that the help-desk would be comfortable with markdown. Most also indicated that end users didn't really need many formatting features. An analysis of my own database of 5000 or so tickets from 100 or so users showed that nearly ALL of the HTML was from cut/paste, and that very little of that HTML was really necessary. Course they don't paste in tables or stuff from Excel much either.&nbsp;</p>\r\n<p>There was a lot of concern over the loss of copy/paste from word documents and email, but most agreed that users could attach heavily formatted documents instead... especially given the problems copy/paste had been causing.</p>\r\n<p>It was NOT a unanimous opinion by any means, and none of us had any real data on end-user acceptance for markdown or similar syntaxes. There is a lot of acceptance generally among technically advanced users, but as far as I know no one has used it for any end-user facing products yet.</p>\r\n<p>Since I have plans to increase the scope of TicketDesk 2.0 to include those hotly requested external user scenarios, markdown also seemed a good option to avoid script injection issues.</p>\r\n<p>anyway... enough about the why and how.</p>\r\n<p>If you want to continue using the rich HTML eidtor, just stick with TicketDesk 1.2.2. There is nothing really significant in 1.2.3 other than the new editor and it isn't looking likely that I'll do a 1.3 version. Instead, &nbsp;TicketDesk 2.0 is likely to be the next release version.</p>\r\n<p>For TicketDesk 2.0 I'm currently working with the markdown editor, but I am planning to revisit the rich HTML editors too. I want to enable the admin to choose which to use. Since 2.0 sits on the ASP.NET MVC framework, we shouldn't have the problems with compatibility like we had with webforms update panels and the toolkit.</p>\r\n<p>What I plan to do in 2.0 is find an HTML editor with a smallish feature set then use a white-list based HTML sanitizer to heavily limit the HTML that is allowed. Hopefully when users do their copy/paste best to kill the app, the sanitizer can limit the damage. I also plan to allow an option of &quot;no editor&quot;... especially for those external use scenarios where giving HTML editors is too risky and markdown too &quot;unusual&quot; for the end-users.</p>\r\n<p>But after having forced markdown on my own users (which was actually a lot easier than I expected) and having seen how well it is working out here, I know that my own shop will likely want to continue using markdown... if nothing else, it keeps that &quot;one user&quot; we have from using really horrible font and color combinations... which has made several people VERY happy.&nbsp;</p>\r\n<p>I'm also planning to dig into the javascript for MarkitUp! and see about hacking in a few behavior changes. The one I want most is to have the editor handle line and paragraph wraps the same way most of the HTML editors do &nbsp;(CTRL + ENTER or SHIFT + ENTER for a line wrap, &nbsp;and ENTER alone for paragraph break).&nbsp;</p>\r\n<p>Anyway... any suggestions or input is greatly appreciated so if you have other ideas please bring them on!</p>\r\n<p>&nbsp;</p>\r\n<p>&nbsp;</p>\r\n<p>&nbsp;</p>\r\n<p>&nbsp;</p>\r\n<p>&nbsp;</p>\r\n<p>&nbsp;</p>",
    "PostedDate": "2009-09-17T21:24:10.217-07:00",
    "UserRole": null,
    "MarkedAsAnswerDate": null
  },
  {
    "Id": "236109",
    "ThreadId": "69279",
    "Html": "<p>Stephen,</p>\r\n<p>As always, thank you for your&nbsp;level headed, well reasoned and well thought out response...</p>\r\n<p>1) I agree with you that the issue with fckeditor blowing out responses on tickets is <em>extremely</em> annoying.&nbsp; It's the primary reason I always have ticketdesk open in a Firefox window.&nbsp;&nbsp;We've found other internal web applications that also have quirks with IE8, which is one reason we haven't deployed&nbsp;IE8 widely yet.&nbsp; I wish we could check Ticketdesk off that list and keep the rich editor.&nbsp; :)&nbsp;</p>\r\n<p>Aside: I swapped to FCKeditor 2.6.4.1 (I think you had 2.6.3?) and it doesn't resolve the IE8 issue.&nbsp; There's still nothing in the CommentText= field in the POST when the app fails to take a comment. It's like IE8 just ignores the editor.<span style=\"font-size:xx-small\">\r\n<p>&nbsp;</p>\r\n</span></p>\r\n<p>2) I think Ticketdesk does a great job handling copy &amp; pasted HTML.&nbsp; The only issue I've ever run into in this regard is the email notifications that occasionally blow up.&nbsp; I haven't been able to exactly hunt down which tags&nbsp;blow up the notifications though.&nbsp; It's something within the email generation code that just bombs out...&nbsp;(Any idea?)</p>\r\n<p>3)&nbsp;I agree script injection is&nbsp;a big concern.&nbsp; It's&nbsp;especially important as&nbsp;you&nbsp;allow external access.&nbsp; However, fckeditor and other HTML / WYSIWYG editors are used in other open apps... I've primarly used them in DotNetNuke...&nbsp; Maybe you can borrow the script cleaning code from DNN?&nbsp; &lt;wink&gt;</p>\r\n<p>4) I can't begin to comment in depth on AJAX... as I've mentioned around here before, I'm a hack at programming, and even that's being generous to my skills.&nbsp; ;)</p>\r\n<p>AH well, I'd write more, but I have to go do &quot;other&quot; real work....&nbsp; For now I'll stick with TD 1.2.2...&nbsp; Having a choice of editors in TD 2.0 would be fantastic.&nbsp;&nbsp; If you need someone to help test, we've got about 300 users, using AD integration, and have generated 996 tickets since April.&nbsp;&nbsp;Small, but almost mid-size user of the app....&nbsp; :)</p>\r\n<p>Peace.</p>\r\n<p>&nbsp;</p>",
    "PostedDate": "2009-09-18T09:15:11.717-07:00",
    "UserRole": null,
    "MarkedAsAnswerDate": null
  }
]