[
  {
    "Id": "176032",
    "ThreadId": "52389",
    "Html": "I had an issue where some users were not showing in AD groups and this turned out to be the <span style=\"font-size:10pt;font-family:'courier new';color:green\">UserPrincipalName\r\n</span>being blank.<br>\r\n<br>\r\nHaving fixed this I'm onto my next issue which is filtering out disabled AD accounts.<br>\r\nWhen staff leave thier accounts are kept for audit purposes but are just disabled.<br>\r\nThis has led to huge listings in the drop down boxes.<br>\r\n<br>\r\nI can't find the <span lang=EN-US style=\"font-size:11pt;font-family:'calibri','sans-serif'\">UserAccountControl</span><span lang=EN-US style=\"font-size:11pt;font-family:'calibri','sans-serif';color:#1f497d\"> </span>property in the p. collection available in the security code, nor where this is populated from.<br>\r\n<br>\r\nCan you point me in the right direction.<br>\r\n<br>\r\nThanks<br>\r\n<br>\r\nGareth<br>\r\n",
    "PostedDate": "2009-04-06T02:12:53.1-07:00",
    "UserRole": null,
    "MarkedAsAnswerDate": null
  },
  {
    "Id": "176255",
    "ThreadId": "52389",
    "Html": "Honestly, it sounds like you are troubleshooting the wrong problem. <div><br></div><div>The simplest, and most reliable solution is to create new AD groups, put just the members that need access to ticketdesk in those groups, then tell ticketdesk to use those. It is far simpler, and will increase performance of TicketDesk quite a lot too. </div><div><br></div><div>Querying AD is a complete pain, and to be honest it is so poorly documented that I usually avoid it like the plague. AD has got to be the worst database ever invented by mankind. Not only is it next to impossible to deal with the complexity, it also performs like a dog. </div><div><br></div><div>That said, you could probably do what you want to do in the GetCachedAdUsersForGroup method of the SecurityManager (on or around line 270). Sadly, I don't have resources to test this out for you, but it is possible that the Principal object being returned there can be cast to UserPrincipal, which would have the properties you'd need to decide if the account was enabled or what not... but I'm not sure if it will cast or not. </div><div><br></div><div>If the object can't be cast, then the only other solution I could think of would be to loop through each member in the group and call GetAdUserProperty to get the info you need about each specific account. That will work, but probably be so slow that you start getting timeout errors.</div><div><br></div><div>You could also look into using full membership and role providers for AD. The built-in proviers didn't quite fit the requriments I had in mind for TicketDesk, which is why I used a simiplistic direct query mechanism instead, but there are some 3rd party AD providers that you could try out. I had good luck with this one over at CodeProject in another application: <a href=\"http://www.codeproject.com/KB/aspnet/active_directory_roles.aspx\"> AD Roles Provider</a>  </div><div>  <br></div>",
    "PostedDate": "2009-04-06T11:57:39.29-07:00",
    "UserRole": null,
    "MarkedAsAnswerDate": null
  }
]