[
  {
    "Id": "158012",
    "ThreadId": "47225",
    "Html": "<span id=UniqueID1234785942003>TicketDesk.csproj_deploy.wdproj cannot be opened because tis proejct type (.wdproj) is not supported by this version of the application<br>\r\n<br>\r\nVersion:<br>\r\n<p>&nbsp;</p>\r\n<p>Microsoft Visual Studio 2008<br>\r\nVersion 9.0.30729.1 SP<br>\r\nMicrosoft .NET Framework<br>\r\nVersion 3.5 SP1</p>\r\n<p>Installed Edition: Enterprise</p>\r\n<p>Microsoft Visual C# 2008   91904-270-6869805-60157<br>\r\nMicrosoft Visual C# 2008</p>\r\n<p>Microsoft Visual Studio 2008 Team Explorer   91904-270-6869805-60157<br>\r\nMicrosoft Visual Studio 2008 Team Explorer<br>\r\nVersion 9.0.30729.1</p>\r\n<p>Microsoft Visual Studio 2008 Tools for Office   91904-270-6869805-60157<br>\r\nMicrosoft Visual Studio 2008 Tools for Office</p>\r\n<p>Microsoft Visual Studio Team System 2008 Development Edition   91904-270-6869805-60157<br>\r\nMicrosoft Visual Studio Team System 2008 Development Edition</p>\r\n<p>Microsoft Visual Web Developer 2008   91904-270-6869805-60157<br>\r\nMicrosoft Visual Web Developer 2008</p>\r\n<p>Hotfix for Microsoft Visual Studio 2008 Team Explorer - ENU (KB946260)   KB946260<br>\r\nHotfix for Microsoft Visual Studio 2008 Team Explorer - ENU (KB946458)   KB946458<br>\r\nHotfix for Microsoft Visual Studio 2008 Team Explorer - ENU (KB947171)   KB947171<br>\r\nHotfix for Microsoft Visual Studio 2008 Team Explorer - ENU (KB947180)   KB947180<br>\r\nHotfix for Microsoft Visual Studio 2008 Team Explorer - ENU (KB948816)   KB948816<br>\r\nHotfix for Microsoft Visual Studio Team System 2008 Development Edition - ENU (KB944899)   KB944899<br>\r\nHotfix for Microsoft Visual Studio Team System 2008 Development Edition - ENU (KB945282)   KB945282<br>\r\nHotfix for Microsoft Visual Studio Team System 2008 Development Edition - ENU (KB946040)   KB946040<br>\r\nHotfix for Microsoft Visual Studio Team System 2008 Development Edition - ENU (KB946308)   KB946308<br>\r\nHotfix for Microsoft Visual Studio Team System 2008 Development Edition - ENU (KB946344)   KB946344<br>\r\nHotfix for Microsoft Visual Studio Team System 2008 Development Edition - ENU (KB946581)   KB946581<br>\r\nHotfix for Microsoft Visual Studio Team System 2008 Development Edition - ENU (KB947173)   KB947173<br>\r\nHotfix for Microsoft Visual Studio Team System 2008 Development Edition - ENU (KB947540)   KB947540<br>\r\nHotfix for Microsoft Visual Studio Team System 2008 Development Edition - ENU (KB947789)   KB947789<br>\r\nHotfix for Microsoft Visual Studio Team System 2008 Development Edition - ENU (KB948127)   KB948127<br>\r\nHotfix for Microsoft Visual Studio Team System 2008 Development Edition - ENU (KB953256)   KB953256<br>\r\nHotfix for Microsoft Visual Studio Team System 2008 Development Edition - ENU (KB958502)   KB958502<br>\r\nMicrosoft Visual Studio 2008 Team Explorer - ENU Service Pack 1 (KB945140)   KB945140<br>\r\nMicrosoft Visual Studio Team System 2008 Development Edition - ENU Service Pack 1 (KB947888)   KB947888<br>\r\nUpdate for Microsoft Visual Studio Team System 2008 Development Edition - ENU (KB956453)   KB956453</p>\r\n</span>\r\n",
    "PostedDate": "2009-02-16T04:10:00.983-08:00",
    "UserRole": null,
    "MarkedAsAnswerDate": null
  },
  {
    "Id": "158153",
    "ThreadId": "47225",
    "Html": "That is a Web Deployment Project. It is a project type used to automate builds of asp.net web sites and applicaitons. <div><br></div><div>This is what I use to create the non-source releases of TicketDesk. If you are using the source release you probably don't have a need for the deployment project and can just remove it from your solution. It is included in the distributions in case you want to use it to package your own deployments or want to use it in conjunction with MSBuild or Microsoft Team System for automated builds.<br><div><br></div><div>You can <span><a href=\"http://www.microsoft.com/downloads/details.aspx?FamilyId=0AA30AE8-C73B-4BDD-BB1B-FE697256C459&displaylang=en\">download the VS 2008 Web Deployment Project from Microsoft here</a></span></div></div>",
    "PostedDate": "2009-02-16T09:56:53.553-08:00",
    "UserRole": null,
    "MarkedAsAnswerDate": null
  }
]