[
  {
    "Id": "1124356",
    "ThreadId": "469033",
    "Html": "Can anybody tell me what is wrong with this settings? I can not get any mail out of ticketdesk. I have 4 other sites that are sending all day, so I know my server does. \r<br />\n<br />\n  &lt;system.net&gt;<br />\n<pre><code>&lt;mailSettings&gt;\n  &lt;smtp from=&quot;info@mydomein.nl&quot;&gt;\n    &lt;network defaultCredentials=&quot;false&quot;\n         userName=&quot;info@mydomein.nl&quot;\n         password=&quot;mypass&quot;\n         host=&quot;mail.mydomein.nl&quot;\n         enableSsl=&quot;true&quot;\n         port=&quot;25&quot;/&gt;\n  &lt;/smtp&gt;\n&lt;/mailSettings&gt;</code></pre>\n\n&lt;/system.net&gt;\r<br />\n<br />\nEmail Service Name\t -- DefaultEmailHandler -- SimpleString\r<br />\nEnable Email Notifications  --  true  --  BoolString\r<br />\nEnable Outlook Friendly Html Email --  false\t-- BoolString\r<br />\nFrom Email Address  --  <a href=\"mailto:info@mydomein.nl\" rel=\"nofollow\">info@mydomein.nl</a> -- SimpleString\r<br />\nFrom Email Display Name --  TicketDesk  --  \tSimpleString\r<br />\nSite Root Url For Email  --   <a href=\"http://100.100.100.100\" rel=\"nofollow\">http://100.100.100.100</a> --  SimpleString\r<br />\n<br />\nthe site root IP is the IP of the mailserver.\r<br />\n<br />\nHope that anybody can spot the error in the settings,\r<br />\n<br />\nThanks in advance<br />\n",
    "PostedDate": "2013-11-16T01:53:10.163-08:00",
    "UserRole": null,
    "MarkedAsAnswerDate": null
  },
  {
    "Id": "1124668",
    "ThreadId": "469033",
    "Html": "I see two potential problems, \r<br />\n<br />\n1) SSL is enabled, but your port is set to 25. SMTP using SSL is typically on port 465, or 587. Though it isn't unheard of for port 25 to be setup that way in some environments, that isn't a standard configuration.\r<br />\n<br />\n2) Your Site Root URL for Email setting needs to be the fully qualified URL to the root of the TicketDesk web site (not the mail server). <br />\n",
    "PostedDate": "2013-11-16T13:10:05.757-08:00",
    "UserRole": null,
    "MarkedAsAnswerDate": null
  },
  {
    "Id": "1202206",
    "ThreadId": "469033",
    "Html": "It looks like i have yet another problem (probably my fault).  When the &quot;client.Send(msg)&quot; line in the DefaultSmtpEmailHandlerService is executed, i get the following exception:\r<br />\n<br />\n********** 1/31/2014 7:11:56 AM **********\r<br />\nException Type: System.ArgumentException\r<br />\nException: The virtual path '/' maps to another application, which is not allowed.\r<br />\nSource: DeliverTicketEventNotificationEmail\r<br />\nStack Trace: \r<br />\n   at System.Web.CachedPathData.GetVirtualPathData(VirtualPath virtualPath, Boolean permitPathsOutsideApp)\r<br />\n   at System.Web.HttpContext.GetFilePathData()\r<br />\n   at System.Web.HttpContext.GetConfigurationPathData()\r<br />\n   at System.Web.Configuration.RuntimeConfig.GetConfig(HttpContext context)\r<br />\n   at System.Web.Configuration.HttpCapabilitiesBase.GetBrowserCapabilities(HttpRequest request)\r<br />\n   at System.Web.HttpRequest.get_Browser()\r<br />\n   at System.Web.HttpRequestWrapper.get_Browser()\r<br />\n   at System.Web.WebPages.BrowserHelpers.GetOverriddenBrowser(HttpContextBase httpContext, Func<code>2 createBrowser)\r<br />   at System.Web.WebPages.DisplayModeProvider.&lt;.ctor&gt;b__2(HttpContextBase context)\r<br />   at System.Web.WebPages.DefaultDisplayMode.CanHandleContext(HttpContextBase httpContext)\r<br />   at System.Web.WebPages.DisplayModeProvider.&lt;GetAvailableDisplayModesForContext&gt;d__4.MoveNext()\r<br />   at System.Web.Mvc.VirtualPathProviderViewEngine.GetPath(ControllerContext controllerContext, String[] locations, String[] areaLocations, String locationsPropertyName, String name, String controllerName, String cacheKeyPrefix, Boolean useCache, String[]&amp; searchedLocations)\r<br />   at System.Web.Mvc.VirtualPathProviderViewEngine.FindPartialView(ControllerContext controllerContext, String partialViewName, Boolean useCache)\r<br />   at System.Web.Mvc.ViewEngineCollection.&lt;&gt;c__DisplayClass2.&lt;FindPartialView&gt;b__0(IViewEngine e)\r<br />   at System.Web.Mvc.ViewEngineCollection.Find(Func</code>2 lookup, Boolean trackSearchedPaths)\r<br />\n   at System.Web.Mvc.ViewEngineCollection.FindPartialView(ControllerContext controllerContext, String partialViewName)\r<br />\n   at TicketDesk.Web.Client.Areas.Admin.Controllers.EmailTemplateController.GenerateTicketNotificationEmailBody(TicketEventNotification notification, Int32 firstUnsentCommentId, String templateToRender)\r<br />\n   at TicketDesk.Web.Client.Areas.Admin.Controllers.EmailTemplateController.GenerateTicketNotificationHtmlEmailBody(TicketEventNotification notification, Int32 firstUnsentCommentId)\r<br />\n   at TicketDesk.Web.Client.MefManager.TicketNotificationHtmlEmailContent(TicketEventNotification notification, Int32 firstUnsentCommentId)\r<br />\n   at TicketDesk.Domain.Services.NotificationSendingService.GetHtmlBody(TicketEventNotification note, String notifyUser, Int32 minComment)\r<br />\n   at TicketDesk.Domain.Services.NotificationSendingService.DeliverTicketEventNotificationEmail(TicketEventNotification note, List`1 consolidations)\r<br />\n<br />\nI am not really sure what is going on, but here are the settings I am using from the settings management area of TicketDesk:\r<br />\n<br />\nEmailServiceName = DefaultEmailHandler\r<br />\nFromEmailAddress = <a href=\"mailto:DONOTREPLY@mycompany.com\r\nFromEmailDisplayName\" rel=\"nofollow\">DONOTREPLY@mycompany.com\r\nFromEmailDisplayName</a> = TicketDesk\r<br />\nSiteRootUrlForEmail = <a href=\"http://##.#.#.##:80\" rel=\"nofollow\">http://##.#.#.##:80</a> (which is the address for the server...do i need to add the /TicketDesk to it?)\r<br />\n<br />\nand in the web.config (debug):\r<br />\n<br />\n&lt;system.net&gt;<br />\n<pre><code>&lt;mailSettings&gt;\n  &lt;smtp deliveryMethod=&quot;SpecifiedPickupDirectory&quot; from=&quot;DONOTREPLY@mycompany.com&quot;&gt;\n    &lt;network host=&quot;##.#.#.##&quot; password=&quot;&quot; userName=&quot;&quot; /&gt;\n    &lt;specifiedPickupDirectory pickupDirectoryLocation=&quot;c:\\Temp\\&quot; /&gt;\n  &lt;/smtp&gt;\n&lt;/mailSettings&gt;</code></pre>\n\n&lt;/system.net&gt;\r<br />\n<br />\nand in the web.config (release):\r<br />\n<br />\n&lt;mailSettings&gt;<br />\n<pre><code>  &lt;smtp deliveryMethod=&quot;Network&quot;&gt;\n    &lt;network host=&quot;localhost&quot; port=&quot;25&quot; defaultCredentials=&quot;true&quot;/&gt;\n  &lt;/smtp&gt;\n&lt;/mailSettings&gt;\n</code></pre>\n\nDo i need to copy the debug settings to the release possibly?  I have another console application which sends emails out and works fine when i use the following line (the only thing different from TicketDesk): &quot;new SmtpClient(_emailserver);&quot; where _emailserver is the address of our internal email server.\r<br />\n<br />\nAny ideas?<br />\n",
    "PostedDate": "2014-02-03T12:12:23.593-08:00",
    "UserRole": null,
    "MarkedAsAnswerDate": null
  },
  {
    "Id": "1202767",
    "ThreadId": "469033",
    "Html": "This looks exactly like the problem on this thread: <a href=\"https://ticketdesk.codeplex.com/discussions/286153\" rel=\"nofollow\">https://ticketdesk.codeplex.com/discussions/286153</a>\r<br />\n<br />\nUsually it has to do with the &quot;Site Root Url For Email&quot; setting being wrong (admin --&gt; application settings).<br />\n",
    "PostedDate": "2014-02-04T22:09:56.537-08:00",
    "UserRole": null,
    "MarkedAsAnswerDate": null
  }
]