[
  {
    "Id": "159089",
    "ThreadId": "47513",
    "Html": "I want Domain Users and Domain Admins both to be able to be helpdeskstaff, but as it is now, TD will only take one or the other.  Is there a way for it to pick up both groups using the web.config line<br>\r\n&lt;add key =&quot;HelpDeskStaffRoleName&quot;  value=&quot;in-tst\\Domain Users&quot;&gt;\r\n",
    "PostedDate": "2009-02-18T10:56:28.427-08:00",
    "UserRole": null,
    "MarkedAsAnswerDate": null
  },
  {
    "Id": "159148",
    "ThreadId": "47513",
    "Html": "Not at this time. One of the work items for TicketDesk 1.3 will address that issue.<div><br></div><div>The best way to handle this is to create a new AD group and make both Domain Users and Domain Admins as members then assign the new group in web.config. </div><div><br></div><div>For the specific groups you are talking about though... unless I'm mistaken the individual user accounts for your Domain Admin members would also be members of the Domain Users group as well... so if you just  assign domain users in web.config then the domain admins accounts would also be included.   </div>",
    "PostedDate": "2009-02-18T13:26:20.577-08:00",
    "UserRole": null,
    "MarkedAsAnswerDate": null
  }
]