[
  {
    "Id": "197741",
    "ThreadId": "58448",
    "Html": "<p>Hi,</p>\r\n<p>Looks like a good project - I completely agree with the philosophy of keeping things simple and efficient. A couple of things I need though -</p>\r\n<p>1. does TicketDesk have the ability to do automatic escalations on tickets if they're unattended for a certain amount of time? If not, is the project simple enough for another developer to add it in easily?</p>\r\n<p>2. can attachments be added to tickets?</p>\r\n<p>Thanks - hope you can respond asap since I need to get a suitable system for my company very soon.</p>",
    "PostedDate": "2009-06-04T06:43:31.187-07:00",
    "UserRole": null,
    "MarkedAsAnswerDate": null
  },
  {
    "Id": "197758",
    "ThreadId": "58448",
    "Html": "<p>As just a user of this project.&nbsp; 2. Can attachments be added. Yes.&nbsp; This is already built in.</p>\r\n<p>Is it simple to develop around?&nbsp; As a VERY novice developer that sort of hen pecks around my own simple issues. Yes.. Its very simple to edit.</p>",
    "PostedDate": "2009-06-04T07:13:42.2-07:00",
    "UserRole": null,
    "MarkedAsAnswerDate": null
  },
  {
    "Id": "197909",
    "ThreadId": "58448",
    "Html": "<p>First, dibblm is right on.</p>\r\n<p>Escalations are not part of the current design, but they could probably be added to the source as a customization without much trouble. I'm not the best person to say if it is &quot;easy&quot; since I wrote most of the code... everything is &quot;easy&quot; for the guy that wrote the app, but I did try my best to keep the code clean, simplistic, and relativly well organized specifically so it would be easy for other programmers to work with.&nbsp;</p>\r\n<p>Attachment support is included, though the uploader is simplistic and assume you aren't attaching huge files.&nbsp;</p>\r\n<p>For more on Escalations, please refer to the <a href=\"http://ticketdesk.codeplex.com/WorkItem/View.aspx?WorkItemId=9897\">work item on this topic</a>. There you will find a previous discussion between myself and&nbsp;<span style=\"font-size:12px;color:#666666\"><a id=\"ctl00_ctl00_MasterContent_Content_CommentsRepeater_ctl02_PostedByLink\" style=\"text-decoration:underline;color:#ce8b10\" href=\"http://www.codeplex.com/site/users/view/hthree\">hthree</a><span style=\"color:#000000;font-size:13px\">&nbsp;who also desired escalations. hthree was kind enough to also provide a proposed specification for how such a system might work. I am seriously considering implementing the system as described, but just haven't had the spare time to design the admin UI for it yet. </span></span></p>\r\n<p><span style=\"font-size:12px;color:#666666\"><span style=\"color:#000000;font-size:13px\">If you have time, please feel free to review the work item and add your own suggestions of observations to it. </span></span></p>\r\n<p><span style=\"font-size:12px;color:#666666\"><span style=\"color:#000000;font-size:13px\">I do ask that you keep in mind that any rules or escalations type system we implement will llikely be done within the following philosophical guidelines:</span></span></p>\r\n<p>\r\n<ul>\r\n<li>TicketDesk will not implement an internal awareness of departmental heirarchy or rank. For example, it will not codify a difference between features or behavior that applies to level 1 support users vs. those that apply to people working in level 2 support. It will also not have an awareness of manager vs. employee. &nbsp;<br>&nbsp;&nbsp;<br>The idea here is that the system will treat all people on the help desk as &quot;professionals&quot; who are assumed to be mature, responsible, and competent in thier ability to do their jobs. Thus, all&nbsp;members of the help desk are assumed to be equal from the system's point of view. Any beurocracy within the organization that is using ticketdesk should be handled by the operating policies of the company and the established business processes defined. TicketDesk itself is not going to be a &quot;rules cop&quot; to automagically enforce political rules based on your company's organization chart. &nbsp;&nbsp;&nbsp;</li>\r\n<li>TicketDesk will not have a customizable rules based workflow. While future versions may allow some options for the admin to control the workflow steps to some degree, those options will apply system-wide to all tickets once defined. Rules based workflow is a very complicated mess both from a programming point of view as well as from an administrative angle. In most cases it is just an unnecessary administrative burdon that doesn't really advance the baseic mission of an issue tracker, but it does add a LOT of potential for bugs. <br>&nbsp;&nbsp;<br>While there can be a rules based automation system, those rules must not complicate the standard workflow nor be allowed to create an alternate workflow due to &quot;special circumstances&quot;. &nbsp;&nbsp;</li>\r\n</ul>\r\n</p>\r\n<p>&nbsp;</p>",
    "PostedDate": "2009-06-04T13:06:56.943-07:00",
    "UserRole": null,
    "MarkedAsAnswerDate": null
  }
]