[
  {
    "Id": "1335522",
    "ThreadId": "576062",
    "Html": "Version 2.0.2 AD\r<br />\n<br />\nWhat is the flow of email notifications through the system from creating and incident to closing it?  Who gets notified when?<br />\n",
    "PostedDate": "2014-12-22T07:46:04.713-08:00",
    "UserRole": null,
    "MarkedAsAnswerDate": null
  },
  {
    "Id": "1335550",
    "ThreadId": "576062",
    "Html": "When an issue is created, a notification is sent to all members of the staff role immediately (broadcast notification).<br />\n<br />\nWhen any change occurs to a ticket (anything that creates a new item in the activity log), both the owner and assigned user will receive a notification.<br />\n<br />\nUsers are not notified of changes they make to a ticket themselves, only changes someone else made.<br />\n<br />\nTo prevent the system from spamming users when changes to a single ticket occur in rapid succession, the notifications are put on a sliding delay. When a change happens, a notification is queued and then held for a few minutes. If an additional notification occurs for the same user and ticket, then the first notification will not be sent. The second notification will be queued instead, and it will wait a little longer than the first. If more notifications come in, each in turn will supplant the previous notification, be queued, and wait a bit longer. This continues until a notification reaches the end of it's delay period without being supplanted by newer notifications, or the max wait time (15 minutes) is reached, at which point a notification will be sent. <br />\n<br />\nWith the default configuration, users will receive email a notification within 5 to 15 minutes of a ticket being changed by another user. <br />\n<br />\nThese times can vary a bit for for two reasons:<br />\n<ol>\n<li>The email is sent from a timer, which has a default interval (2 minutes if I remember correctly). </li>\n<li>\nIf an email attempt fails, the system has a retry system that also has a sliding schedule of its own. <br />\n</li>\n</ol>\n",
    "PostedDate": "2014-12-22T09:14:45.067-08:00",
    "UserRole": null,
    "MarkedAsAnswerDate": "2014-12-22T11:34:43.867-08:00"
  },
  {
    "Id": "1335551",
    "ThreadId": "576062",
    "Html": "BTW, you mentioned in another post that you are operating as a one-man shop right now, so you should not be bothered by any email from TicketDesk (except the broadcast notifications).<br />\n",
    "PostedDate": "2014-12-22T09:18:31.44-08:00",
    "UserRole": null,
    "MarkedAsAnswerDate": null
  },
  {
    "Id": "1335566",
    "ThreadId": "576062",
    "Html": "Awesome!  Perfect!  Thank you!\r<br />\n<br />\nSorry for so many posts and follow ups.  I just like to see Internet help document from problem to solution so it can truly help all parties the may find it useful in the future.<br />\n",
    "PostedDate": "2014-12-22T10:52:52.627-08:00",
    "UserRole": null,
    "MarkedAsAnswerDate": null
  },
  {
    "Id": "1335569",
    "ThreadId": "576062",
    "Html": "No worries, always happy to help :)<br />\n",
    "PostedDate": "2014-12-22T11:14:59.397-08:00",
    "UserRole": null,
    "MarkedAsAnswerDate": null
  },
  {
    "Id": "1430015",
    "ThreadId": "576062",
    "Html": "Hello StephenRedd<br />\n<br />\nI have Configure SMTP Provide (Email) in PushNotificationSetting like <br />\n<br />\n<strong>SMTP Server Name:</strong> smtp.gmail.com<br />\n<strong>SMTP Port:</strong> 587<br />\n<strong>Enable SSL :</strong> Checked(means true)<br />\n<strong>SMTP User Name :</strong> Krishna Mangore<br />\n<strong>SMTP Password :</strong> My Password<br />\n<strong>SMTP From Address :</strong> <a href=\"mailto:krishna.mangore14@gmail.com\" rel=\"nofollow\">krishna.mangore14@gmail.com</a> <br />\n<strong>SMTP From Display Name:</strong> TicketDesk<br />\n<br />\n saved it. and when I raised Ticket as end user then <strong>still not getting any Email Notification</strong><br />\n",
    "PostedDate": "2015-06-11T00:09:12.707-07:00",
    "UserRole": null,
    "MarkedAsAnswerDate": null
  },
  {
    "Id": "1430063",
    "ThreadId": "576062",
    "Html": "Answered in the <a href=\"https://ticketdesk.codeplex.com/workitem/21439\" rel=\"nofollow\">issue tracker here</a><br />\n",
    "PostedDate": "2015-06-11T05:23:34.893-07:00",
    "UserRole": null,
    "MarkedAsAnswerDate": null
  }
]