[
  {
    "Id": "1140339",
    "ThreadId": "476748",
    "Html": "Hello,\r<br />\n<br />\nTicketDesk have pop3 integration to open ticket from email?\r<br />\n<br />\nAndrey.<br />\n",
    "PostedDate": "2013-12-20T08:57:12.527-08:00",
    "UserRole": null,
    "MarkedAsAnswerDate": null
  },
  {
    "Id": "1140392",
    "ThreadId": "476748",
    "Html": "This is not a stock feature of the product, though several people have coded their own support for ticket submissions by email.   <br />\n",
    "PostedDate": "2013-12-20T11:21:45.033-08:00",
    "UserRole": null,
    "MarkedAsAnswerDate": null
  }
]