[
  {
    "Id": "648474",
    "ThreadId": "266773",
    "Html": "<p>This is nice application. I would suggest add Reports (Graphical &amp; Tabular) based on user selected parameters. Why the source code is not available for this? We could contribute to enhance this as a nice MVC HelpDesk product.</p>",
    "PostedDate": "2011-07-27T12:04:37.487-07:00",
    "UserRole": null,
    "MarkedAsAnswerDate": null
  },
  {
    "Id": "648576",
    "ThreadId": "266773",
    "Html": "<p>The source code is available, see the <a href=\"http://ticketdesk.codeplex.com/SourceControl/list/changesets\">source code tab here on codeplex</a>.</p>\r\n<p>&nbsp;</p>\r\n<p>If you want to contribute reports, please grab a copy of the source and have at it. Also feel free to contact me offline if you have any questions or want to discuss the reporting ideas you have in more detail. You might also want to read about the design principles <a href=\"http://www.reddnet.net/post/5763590719/ticketdesk-design-philosophies-explained\">behind ticketdesk here</a>&nbsp;to get an idea why reporting isn't already included (though I still have plans to get to it).&nbsp;&nbsp;&nbsp;&nbsp;</p>",
    "PostedDate": "2011-07-27T14:06:15.36-07:00",
    "UserRole": null,
    "MarkedAsAnswerDate": null
  }
]