[
  {
    "Id": "264390",
    "ThreadId": "77348",
    "Html": "<p>A lot of problems on &nbsp;hosting &nbsp;Help Desk in windows azure . please help me</p>\r\n<p><span>\r\n<h1>Server Error in '/' Application.  \r\n<hr size=1>\r\n</h1>\r\n<h2><em>Configuration Error</em></h2>\r\n</span><span style=\"font-family:Arial, Helvetica, Geneva, SunSans-Regular, sans-serif\"><strong>Description: </strong>An error occurred during the processing of a configuration file required to  service this request. Please review the specific error details below and modify  your configuration file appropriately. <br><br><strong>Parser Error Message: </strong>This  configuration section cannot be used at this path. &nbsp;This happens when the site  administrator has locked access to this section using &lt;location  allowOverride=&quot;false&quot;&gt; from an inherited configuration file.<br><br><strong>Source  Error:</strong> <br><br> </span></p>\r\n<table border=0 width=\"100%\" bgcolor=\"#ffffcc\">\r\n<tbody>\r\n<tr>\r\n<td><code>\r\n<pre>Line 85: \t&lt;/system.net&gt;\r\nLine 86: \t&lt;system.web&gt;\r\n<span style=\"color:red\">Line 87:         &lt;trust level=&quot;Full&quot;/&gt;\r\n</span>Line 88:         &lt;customErrors mode=&quot;Off&quot;/&gt;\r\nLine 89: \t\t&lt;urlMappings&gt;</pre>\r\n</code></td>\r\n</tr>\r\n</tbody>\r\n</table>\r\n<p><span style=\"font-family:Arial, Helvetica, Geneva, SunSans-Regular, sans-serif\"> <br><strong>Source  File: </strong>F:\\\\web.config<strong> &nbsp;&nbsp; Line: </strong>87 <br><br> \r\n<hr size=1>\r\n<strong>Version Information:</strong>&nbsp;Microsoft .NET Framework Version:2.0.50727.4200;  ASP.NET Version:2.0.50727.4016&nbsp;</span></p>\r\n&lt;!--  [ConfigurationErrorsException]: This configuration section cannot be used at this path.  This happens when the site administrator has locked access to this section using &lt;location allowOverride=&quot;false&quot;&gt; from an inherited configuration file. (F:\\\\web.config line 87)    at System.Configuration.ConfigurationSchemaErrors.ThrowIfErrors(Boolean ignoreLocal)    at System.Configuration.BaseConfigurationRecord.ThrowIfInitErrors()    at System.Configuration.BaseConfigurationRecord.GetSectionRecursive(String configKey, Boolean getLkg, Boolean checkPermission, Boolean getRuntimeObject, Boolean requestIsHere, Object& result, Object& resultRuntimeObject)    at System.Configuration.BaseConfigurationRecord.GetSection(String configKey)    at System.Web.Configuration.RuntimeConfig.GetSectionObject(String sectionName)    at System.Web.Configuration.RuntimeConfig.GetSection(String sectionName, Type type, ResultsIndex index)    at System.Web.Configuration.RuntimeConfig.get_CustomErrors()    at System.Web.Configuration.CustomErrorsSection.GetSettings(HttpContext context, Boolean canThrow)    at System.Web.HttpResponse.ReportRuntimeError(Exception e, Boolean canThrow, Boolean localExecute)    at System.Web.HttpContext.ReportRuntimeErrorIfExists(RequestNotificationStatus& status) --&gt;&lt;!--  This error page might contain sensitive information because ASP.NET is configured to show verbose error messages using &lt;customErrors mode=&quot;Off&quot;/&gt;. Consider using &lt;customErrors mode=&quot;On&quot;/&gt; or &lt;customErrors mode=&quot;RemoteOnly&quot;/&gt; in production environments.--&gt;",
    "PostedDate": "2009-12-07T02:14:41.4-08:00",
    "UserRole": null,
    "MarkedAsAnswerDate": null
  },
  {
    "Id": "264500",
    "ThreadId": "77348",
    "Html": "<p>TicketDesk 1.x was not designed to run in restricted trust environments nor with the Azure platform.</p>\r\n<p>You can probably hack out the parts of TicketDesk that need full trust. From the little research I've done on TicketDesk at medium trust hosting providers, the security module is the main problem area. It checks what kind of authentication (forms or windows) is used, which is the main thing that breaks in restricted trust levels. If you are using the SQL security configuration, you can probably hack at the security module to limit it only to the stuff needed by SQL memberships. This may be enough to allow you to run it in restricted trust environments. I don't know for sure since I didn't build version 1x with hosting in mind.</p>\r\n<p>I have no idea what other limits the Azure platform would impose on the application. Azure is still in beta, and I have not yet put much effort into it myself. I know from my limited research though that the Azure environment is somewhat restrictive and limited in many ways.</p>\r\n<p>TicketDesk 2.x is being developed with medium trust in mind, but I have no plans currently to test it against Azure directly. If Azure is at or near a production release by the time I'm ready to push a TicketDesk 2.x release though I might give it a shot just to see.&nbsp;</p>\r\n<p>&nbsp;</p>\r\n<p>&nbsp;</p>",
    "PostedDate": "2009-12-07T07:41:44.227-08:00",
    "UserRole": null,
    "MarkedAsAnswerDate": null
  }
]