[
  {
    "Id": "1345771",
    "ThreadId": "578576",
    "Html": "I am sure this might have been covered but I would like some assistance with setup<br />\n<br />\nMy environment<br />\n<br />\nwindows 2012 on AD domain<br />\nadded features/roles<br />\nAsp<br />\nIIS7.*<br />\nSQL EXPRESS 2012 default instance same as server name<br />\n<br />\nSetup done so far <br />\n<br />\nSQL setup and created database from scratch as well as run scripts in database<br />\nCreated Ticketdesk folder in inetpub wwwroot<br />\nSetup new website in IIS pointing at the ticketdesk folder<br />\nSetup under IIS authentication windows authentication is enabled, anon is disabled, form based is disabled<br />\nEnabled remote errors to debug in web.config<br />\nChanged connection strings to<br />\n<br />\n &lt;add name=&quot;TicketDeskSecurityConnectionString&quot; connectionString=&quot;Data Source=localhost;Initial Catalog=TicketDesk;Integrated Security=True;User Instance=False&quot; providerName=&quot;System.Data.SqlClient&quot; /&gt;<br />\n<pre><code>&lt;add name=&quot;TicketDeskEntities&quot;connectionString=&quot;metadata=res://*/Models.TicketDeskEntities.csdl|res://*/Models.TicketDeskEntities.ssdl|res://*/Models.TicketDeskEntities.msl;provider=System.Data.SqlClient;provider connection string=&amp;quot;Data Source=localhost;Initial Catalog=TicketDesk;Integrated Security=True;Connect Timeout=30;User Instance=False;MultipleActiveResultSets=True&amp;quot;&quot; providerName=&quot;System.Data.EntityClient&quot; /&gt;\n&lt;add name=&quot;ElmahLog&quot; connectionString=&quot;Data Source=localhost;Initial Catalog=TicketDesk;Integrated Security=True;User Instance=False&quot; providerName=&quot;System.Data.SqlClient&quot; /&gt;\n</code></pre>\n\nOn restarting IIS I am now getting the following error<br />\n<br />\nException Details: System.Data.SqlClient.SqlException: Cannot open database &quot;TicketDesk&quot; requested by the login. The login failed.<br />\n<br />\nLogin failed for user 'IIS APPPOOL.NET v4.5'.<br />\n[SqlException (0x80131904): Cannot open database &quot;TicketDesk&quot; requested by the login. The login failed.<br />\nLogin failed for user 'IIS APPPOOL.NET v4.5'.]<br />\n<br />\nI am definitely not a webserver admin and do not know ASP from a bar of soap. However I can generally follow instructions.<br />\n<br />\nWhat am I doing wrong?<br />\n",
    "PostedDate": "2015-01-26T04:16:11.537-08:00",
    "UserRole": null,
    "MarkedAsAnswerDate": null
  },
  {
    "Id": "1345947",
    "ThreadId": "578576",
    "Html": "You need to create a login for the app pool identity in SQL server. \r<br />\n<br />\n<a href=\"http://serverfault.com/a/186926\" rel=\"nofollow\">http://serverfault.com/a/186926</a><br />\n",
    "PostedDate": "2015-01-26T14:20:55.767-08:00",
    "UserRole": null,
    "MarkedAsAnswerDate": null
  }
]