[
  {
    "Id": "192063",
    "ThreadId": "56822",
    "Html": "<p>Anyone know when the 1.3 release will be out?&nbsp; Cant locate a download link and the Search/Closed issue is becoming a big problem for us.</p>",
    "PostedDate": "2009-05-19T13:16:28.673-07:00",
    "UserRole": null,
    "MarkedAsAnswerDate": null
  },
  {
    "Id": "192071",
    "ThreadId": "56822",
    "Html": "<p>1.3 is unscheduled so don't wait up for it. I am taking a break from development on TicketDesk for the summer and don't expect to get back around to a full release until the fall.&nbsp;</p>\r\n<p>You can download the most recent source version from the source code tab here on codeplex. It contains fixes for the search page.&nbsp;</p>",
    "PostedDate": "2009-05-19T13:31:30.123-07:00",
    "UserRole": null,
    "MarkedAsAnswerDate": null
  },
  {
    "Id": "230120",
    "ThreadId": "56822",
    "Html": "<p>Is there a date you can give us now for 1.3 ticketdesk?</p>\r\n<p>&nbsp;</p>\r\n<p>Thnx in advance!</p>",
    "PostedDate": "2009-09-02T03:34:45.91-07:00",
    "UserRole": null,
    "MarkedAsAnswerDate": null
  },
  {
    "Id": "230248",
    "ThreadId": "56822",
    "Html": "<p>There will be a 1.2.3 release shortly which is a small modification to that replaces the HTML editor with a markdown editor. &nbsp;</p>\r\n<p>I am not positive there will be a 1.3 release.</p>\r\n<p>Instead, I'm working pretty regularly on TicketDesk 2.0 using the asp.net MVC framework. It isn't quite ready to be put into source control here though.</p>\r\n<p>More <a href=\"http://reddnet.net/code/ticketdesk-2-0-and-the-asp-net-mvc-framework/\">info about TicketDesk 2.0</a> at my site.&nbsp;</p>",
    "PostedDate": "2009-09-02T08:41:07.44-07:00",
    "UserRole": null,
    "MarkedAsAnswerDate": null
  }
]