[
  {
    "Id": "230495",
    "ThreadId": "67816",
    "Html": "<p>I've put a <a href=\"http://ticketdeskmvc.reddnet.net/\">demo of the TicketDesk 2.0 MVC (alpha)</a> application online. It is just an alpha release, so don't expect it to be pretty... or to work very well yet.</p>\r\n<p>This stuff is still very early in development, so I am not ready to check it into source control here yet. &nbsp;</p>\r\n<p>More info in this <a href=\"http://reddnet.net/code/ticketdesk-2-0-mvc-alpha-demo-now-available/\">post</a>.</p>",
    "PostedDate": "2009-09-02T21:17:50.83-07:00",
    "UserRole": null,
    "MarkedAsAnswerDate": null
  },
  {
    "Id": "241997",
    "ThreadId": "67816",
    "Html": "<p>I've updated the alpha site. The new version includes significant improvements in both visual appearance and UI behavior. Hopefully it will be more pleasant to look at at least, and most of what is available now works correctly too :)</p>\r\n<p>The project is progressing pretty quickly now. I expect to be able to roll the project over to beta within a month or so. Sometime after it is in a stable beta state I'll be checking it into source control here. &nbsp;</p>",
    "PostedDate": "2009-10-04T20:10:17.047-07:00",
    "UserRole": null,
    "MarkedAsAnswerDate": null
  },
  {
    "Id": "245034",
    "ThreadId": "67816",
    "Html": "<p>Stephen.&nbsp; Tried the alpha site.&nbsp; I think users will love the layout more. I know I do.&nbsp; I really want to see the Admin interface though.&nbsp; Although we ALL appreciate your hard work and effort can I suggest you also add the ability to modify all aspects of a users account. Such as lock outs.&nbsp; resetting password errors back to 0?</p>\r\n<p>&nbsp;Another alternate I wouldnt mind seeing is a quick close button that will close the ticket without the need for comment.&nbsp; Sometime you have either a double ticket get created by a user or someone who solves there own problem right after submitting ticket when they shouldnt have yet and they just need to close it out without really having anything to say about it.</p>",
    "PostedDate": "2009-10-13T05:42:21.483-07:00",
    "UserRole": null,
    "MarkedAsAnswerDate": null
  },
  {
    "Id": "245268",
    "ThreadId": "67816",
    "Html": "<p>The admin tools are one of the few TicketDesk 2.0 functional areas that do have significant planned enhancements. The timing of &nbsp;your request is interesting... I just implemented the skeleton for some of these controllers a couple of days ago :o</p>\r\n<p>Here is the short list for the admin features I'm planning. None of these are final and I may move any of them to a later version.&nbsp;</p>\r\n<p><strong>User Preferences:</strong></p>\r\n<ol>\r\n<li>Display Name (also option to customize display name for AD users)</li>\r\n<li>Change Password</li>\r\n<li>Editor Options (auto-open preview, editor type if allowed (see below))</li>\r\n<li>Email Delivery Type (plain/HTML)</li>\r\n<li>Ticket Center List Editor <em><strong>(may not make it for the 2.0 cut)</strong></em></li>\r\n</ol>\r\n<p><strong>Site Settings</strong></p>\r\n<div id=\"_mcePaste\" style=\"left:-10000px;top:0px;width:1px;height:1px;overflow-x:hidden;overflow-y:hidden\">Enable Priority Field</div>\r\n<div id=\"_mcePaste\" style=\"left:-10000px;top:0px;width:1px;height:1px;overflow-x:hidden;overflow-y:hidden\">Allow Submitters to Edit/Set Priority</div>\r\n<div id=\"_mcePaste\" style=\"left:-10000px;top:0px;width:1px;height:1px;overflow-x:hidden;overflow-y:hidden\">Require Submitters to Edit/Set Priority on create</div>\r\n<div id=\"_mcePaste\" style=\"left:-10000px;top:0px;width:1px;height:1px;overflow-x:hidden;overflow-y:hidden\">Require Staff to Edit/Set Priority</div>\r\n<div id=\"_mcePaste\" style=\"left:-10000px;top:0px;width:1px;height:1px;overflow-x:hidden;overflow-y:hidden\">Allow Staff To Create On Behalf of Submitters&nbsp;</div>\r\n<div id=\"_mcePaste\" style=\"left:-10000px;top:0px;width:1px;height:1px;overflow-x:hidden;overflow-y:hidden\">Allow Staff To Take over other user's tickets</div>\r\n<div id=\"_mcePaste\" style=\"left:-10000px;top:0px;width:1px;height:1px;overflow-x:hidden;overflow-y:hidden\">Allow Staff To Reassign Tickets</div>\r\n<div id=\"_mcePaste\" style=\"left:-10000px;top:0px;width:1px;height:1px;overflow-x:hidden;overflow-y:hidden\">Allow Staff To Reassign Tickets not assigned to them (default false)</div>\r\n<div id=\"_mcePaste\" style=\"left:-10000px;top:0px;width:1px;height:1px;overflow-x:hidden;overflow-y:hidden\">Allow Staff To Give Up Tickets (To disable, reassign is required)</div>\r\n<div id=\"_mcePaste\" style=\"left:-10000px;top:0px;width:1px;height:1px;overflow-x:hidden;overflow-y:hidden\">Allow Submitters to Re-Open Tickets</div>\r\n<div id=\"_mcePaste\" style=\"left:-10000px;top:0px;width:1px;height:1px;overflow-x:hidden;overflow-y:hidden\">Allow Submitters to change owner (default to false)</div>\r\n<div id=\"_mcePaste\" style=\"left:-10000px;top:0px;width:1px;height:1px;overflow-x:hidden;overflow-y:hidden\">Allow Submitter to force close tickets</div>\r\n<div id=\"_mcePaste\" style=\"left:-10000px;top:0px;width:1px;height:1px;overflow-x:hidden;overflow-y:hidden\">Enable tagging</div>\r\n<div id=\"_mcePaste\" style=\"left:-10000px;top:0px;width:1px;height:1px;overflow-x:hidden;overflow-y:hidden\">Allow Submitters to tag</div>\r\n<div id=\"_mcePaste\" style=\"left:-10000px;top:0px;width:1px;height:1px;overflow-x:hidden;overflow-y:hidden\">Require Submitters to tag on create</div>\r\n<div id=\"_mcePaste\" style=\"left:-10000px;top:0px;width:1px;height:1px;overflow-x:hidden;overflow-y:hidden\">Require Staff to tag before resolve</div>\r\n<div id=\"_mcePaste\" style=\"left:-10000px;top:0px;width:1px;height:1px;overflow-x:hidden;overflow-y:hidden\">Enable Attachments</div>\r\n<p>&nbsp;</p>\r\n<ol>\r\n<li>Enable Priority Field</li>\r\n<li>Allow Submitters to Edit/Set Priority</li>\r\n<li>Require Submitters to Edit/Set Priority on create</li>\r\n<li>Require Staff to Edit/Set Priority</li>\r\n<li>Allow Staff To Create On Behalf of Submitters&nbsp;</li>\r\n<li>Allow Staff To Take over other user's tickets</li>\r\n<li>Allow Staff To Reassign Tickets</li>\r\n<li>Allow Staff To Reassign Tickets not assigned to them (default false)</li>\r\n<li>Allow Staff To Give Up Tickets (To disable, reassign is required)</li>\r\n<li>Allow Submitters to Re-Open Tickets</li>\r\n<li>Allow Submitters to change owner (default to false)</li>\r\n<li>Allow Submitter to force close tickets</li>\r\n<li>Enable tagging</li>\r\n<li>Allow Submitters to tag</li>\r\n<li>Require Submitters to tag on create</li>\r\n<li>Require Staff to tag before resolve</li>\r\n<li>Enable Attachments</li>\r\n<li>Customize Date Format</li>\r\n<li>*** Move most of current web.config settings into this area ***</li>\r\n</ol>\r\n<p><strong>Email and Notifications<br>&nbsp;</strong></p>\r\n<ol>\r\n<li>Move web.config email settings to admin tools</li>\r\n<li>Email Template Editor\r\n<ul>\r\n<li>HTML Template</li>\r\n</ul>\r\n<ul>\r\n<li>Plain Text Template</li>\r\n</ul>\r\n</li>\r\n<li>Email Notifications Queue Viewer\r\n<ul>\r\n<li>Cancel Pending Notification</li>\r\n</ul>\r\n<ul>\r\n<li>Resend Notification</li>\r\n</ul>\r\n</li>\r\n</ol>\r\n<p style=\"padding-left:30px\">** a lot of this is in prep for future &quot;additional subscribers&quot; and &quot;Ticket Contributers&quot; features **</p>\r\n<p><strong>Event Logs</strong></p>\r\n<ol>\r\n<li>ELMAH error log viewer</li>\r\n</ol>\r\n<p><strong>Security Management</strong></p>\r\n<ol>\r\n<li>User Manager (SQL Membership Only)\r\n<ul>\r\n<li>Full CRUD for user accounts</li>\r\n<li>Modify Membership State (lockout, enabled)</li>\r\n<li>Assign User to Roles</li>\r\n</ul>\r\n</li>\r\n<li>Role Manager\r\n<ul>\r\n<li>CRUD for roles</li>\r\n<li>View/Assign/remove user role associations</li>\r\n<li>For AD sites, map roles to AD groups</li>\r\n</ul>\r\n</li>\r\n<li>Permissions Manager<em><strong> (may not make it for the 2.x cut)</strong></em>\r\n<ul>\r\n<li>Change existing TD permissions (staff, admin, submitter) to granular permission types<br>-- The below is still fuzzy in design, I need to consolidate these to a simpler list&nbsp;\r\n<ul>\r\n<li>Staff Splits To\r\n<ul>\r\n<li>Can Be Assigned Tickets</li>\r\n<li>Can Reassign Tickets</li>\r\n<li>Can Force Close Tickets</li>\r\n<li>Can Request Info</li>\r\n<li>Can Resolve Tickets</li>\r\n<li>Can Edit Assigned Ticket</li>\r\n<li>Can Tag Tickets</li>\r\n</ul>\r\n</li>\r\n<li>Submitter Splits To\r\n<ul>\r\n<li>Can Create Ticket</li>\r\n<li>Can Edit Own Ticket</li>\r\n<li>Can Comment on Any Ticket</li>\r\n<li>Can Comment on Own Ticket</li>\r\n<li>Can View Any Ticket</li>\r\n<li>Can ReOpen Own Ticket</li>\r\n<li>Can ReOpen Any Ticket</li>\r\n</ul>\r\n</li>\r\n<li>Admin Splits To\r\n<ul>\r\n<li>Can manage site settings</li>\r\n<li>Can manage security</li>\r\n</ul>\r\n</li>\r\n</ul>\r\n</li>\r\n<li>Assign permissions individually to roles&nbsp;&nbsp;<br><br>** A lot of this is in preperation for later escalations and anonymous user submitted tickets **&nbsp;</li>\r\n</ul>\r\n</li>\r\n</ol>\r\n<p>&nbsp;</p>\r\n<p><strong>Workflow Customizations</strong></p>\r\n<ol>\r\n<li>Enable More Info</li>\r\n<li>Enable Resolved State\r\n<ul>\r\n<li>Staff gets &quot;resolve&quot; activity which toggles ticket to closed status.</li>\r\n</ul>\r\n<ul>\r\n<li>Submitters get &quot;close&quot; activity which functions same as close.</li>\r\n</ul>\r\n</li>\r\n</ol>\r\n<p><strong>Untrusted Submitters</strong></p>\r\n<ol>\r\n<li>Allow Submitters to view/search other user's tickets</li>\r\n<li>Allow Submitters to comment on other user's tickets</li>\r\n</ol>\r\n<p>&nbsp;</p>\r\n<p><strong>Editors</strong></p>\r\n<ol>\r\n<li>Enabled Editor Types&nbsp;&nbsp;(plain/markdown/html)</li>\r\n<li>Staff Default Editor</li>\r\n<li>Submitter Default Editor</li>\r\n<li>Allow staff to choose editor</li>\r\n<li>Allow submitter to choose editor</li>\r\n<li>Markdown Options\r\n<ul>\r\n<li>Sanitize HTML tags for staff</li>\r\n</ul>\r\n<ul>\r\n<li>Sanitize HTML tags for submitters</li>\r\n</ul>\r\n<ul>\r\n<li>Sanitize Settings for staff</li>\r\n</ul>\r\n<ul>\r\n<li>Sanitize Settings for submitters</li>\r\n</ul>\r\n</li>\r\n</ol>\r\n<p>&nbsp;</p>\r\n<p><strong>This may not be a complete list</strong></p>",
    "PostedDate": "2009-10-13T13:45:35.757-07:00",
    "UserRole": null,
    "MarkedAsAnswerDate": null
  },
  {
    "Id": "245272",
    "ThreadId": "67816",
    "Html": "<p>One of the areas I haven't designed fully yet is the handling for comments and activity events. I have plans to allow customization of event text. These are defined as constants in the model now, but use regex replacement patterns... in short, the strings are just waiting to be moved either to localization files or to admin settings. I just have to decide which.&nbsp;</p>\r\n<p>As for comments, I am considering if I want to make the required comment flag for ALL of the activities admin editable or not. But the burden of the current required fields is quite small so it will come down to how much trouble it is to implement in 2.0. But I'm pretty sure if it doesn't make 2.0 it will make 2.1 or 2.2.</p>\r\n<p>One of the workflow areas I'm looking at (for 2.1 or later) is alternate flows for handling duplicates and obsolete issues. But I want to hold off on that until I further research the requests related to having a formally defined &quot;traffic cop&quot; or &quot;routing supervisor&quot; role for new tickets (and ticket escalations). &nbsp;</p>",
    "PostedDate": "2009-10-13T13:57:15.403-07:00",
    "UserRole": null,
    "MarkedAsAnswerDate": null
  },
  {
    "Id": "248219",
    "ThreadId": "67816",
    "Html": "<p>Stephen,</p>\r\n<p>The 2.0 alpha looks really good so far...&nbsp; If I could put in one feature request?&nbsp; (If this isn't the place, let me know where is... :)&nbsp; )</p>\r\n<p>Could you improve the AD integration such that you support more than one domain?&nbsp;&nbsp; Or, at the very least, allow the application to connect to the Global Catalog so it can look up all users in the forest correctly?</p>",
    "PostedDate": "2009-10-21T10:55:45.637-07:00",
    "UserRole": null,
    "MarkedAsAnswerDate": null
  },
  {
    "Id": "248373",
    "ThreadId": "67816",
    "Html": "<p>I'll be honest, I am not that good with AD stuff. I'll do some more research, but I've found that useful documentation on talking to AD is very hard to find. Can you provide code or a link that explains better how to do that? I can probably allow you to specify more than one domain by name, but none of the query stuff I've seen shows a way to dynamically query a forest without your code knowing in advance the specific pats all of the member domains you are interested in. I'll be able to do something here, but I'm not sure how elegant it will be :P</p>",
    "PostedDate": "2009-10-21T19:14:37.18-07:00",
    "UserRole": null,
    "MarkedAsAnswerDate": null
  },
  {
    "Id": "282737",
    "ThreadId": "67816",
    "Html": "<p>Any updates on this - I need to deploy something like this into medium trust.</p>",
    "PostedDate": "2010-01-28T06:05:02.697-08:00",
    "UserRole": null,
    "MarkedAsAnswerDate": null
  },
  {
    "Id": "282982",
    "ThreadId": "67816",
    "Html": "<p>TicketDesk 2.0 is still in alpha. I've slowed down work on it a bit while I wait for the RC bits for VS 2010 and .NET 4.0 to drop. I have gotten to the point where several key remaining features will be dependent on the newer frameworks but in areas that aren't quite stable yet... no sense putting a lot of time into features just to have to rework them in a month or two when the new framework drops.</p>\r\n<p>I'm expecting a stable TicketDesk 2.0 public version in late spring or early summer, but don't take that as a firm commitment... I gotz a regular day job :) &nbsp;</p>",
    "PostedDate": "2010-01-28T14:16:10.587-08:00",
    "UserRole": null,
    "MarkedAsAnswerDate": null
  },
  {
    "Id": "284191",
    "ThreadId": "67816",
    "Html": "<p>An update on Medium Trust. It seems that MS has&nbsp;deprecated&nbsp;code access security in .NET 4.0 and substantially overhauled the way trust levels in asp.net work. I'm still early in my evaluation of all these changes, and the RC and RTM are likely to add a few tweaks to the new security model.</p>\r\n<p>So far, it looks like the changes may allow TicketDesk to do most of what it needs without requiring any elevated&nbsp;privileges. I am not 100% sure, but if that is the case I'll probably release an updated version of TicketDesk 1.x for the .NET 4.0 framework as soon as the RC version is available.</p>\r\n<p>I'll keep everyone posted when I know more.</p>\r\n<p>&nbsp;</p>\r\n<p>&nbsp;</p>\r\n<p>&nbsp;</p>",
    "PostedDate": "2010-02-01T03:22:38.467-08:00",
    "UserRole": null,
    "MarkedAsAnswerDate": null
  }
]