[
  {
    "Id": "236988",
    "ThreadId": "69626",
    "Html": "<p>When someone opens a ticket on behalf of a user, is it by design that the user doesn't get notified of the ticket?&nbsp; We were hoping that they would get a ticket email and it would be a hint that they should create a ticket.&nbsp; It just helps re-enforce use of the ticket system by the users.&nbsp;</p>\r\n<p>Chris</p>",
    "PostedDate": "2009-09-21T11:24:18.513-07:00",
    "UserRole": null,
    "MarkedAsAnswerDate": null
  },
  {
    "Id": "236997",
    "ThreadId": "69626",
    "Html": "<p>No, the owner should get a notification of the new ticket, but ONLY when the ticket is created by a different user.</p>\r\n<p>For a case like this you should see a record being created in the TicketEventNotifications table for the ticket's owner. The NotifyUserReason column will be set to &quot;Owner&quot; while the EventGeneratedByUser will be set to the name of the staff user that created the new ticket. The notification will be queued and sent by the timer mechanism just like any change would. &nbsp;&nbsp;</p>\r\n<p>Note that the owner will not get an immediate notification like the help desk staff users do. Their notification will go through the standard timer/queue mechanisms so depending on your settings in web.config it may be a few minutes before they get the notification.&nbsp;</p>\r\n<p>If you aren't seeing that behavior, please describe what behavior you are experiencing, check your ELMAH error logs, and let us know. Please also tell us which version you have deployed too.&nbsp;</p>",
    "PostedDate": "2009-09-21T12:00:36.95-07:00",
    "UserRole": null,
    "MarkedAsAnswerDate": null
  },
  {
    "Id": "238958",
    "ThreadId": "69626",
    "Html": "<p>It seems the issue isn't wide spread.&nbsp; Most users are getting the emails, but a few aren't.&nbsp; I'm going to assume it isn't the application for now.&nbsp; Thank you for following up.</p>",
    "PostedDate": "2009-09-25T13:29:37.327-07:00",
    "UserRole": null,
    "MarkedAsAnswerDate": null
  }
]