[
  {
    "Id": "451668",
    "ThreadId": "214972",
    "Html": "<p>Please, what logics ment under 'Affect customer(s)'</p>\r\n<p>I can't find&nbsp;any sense of it. WIll you answer ?&nbsp;</p>",
    "PostedDate": "2010-06-04T04:40:07.533-07:00",
    "UserRole": null,
    "MarkedAsAnswerDate": null
  },
  {
    "Id": "451847",
    "ThreadId": "214972",
    "Html": "<p>If you are referring to &quot;What does&nbsp; Affects customer&quot; mean?</p>\r\n<p>&nbsp;</p>\r\n<p>&nbsp;Simply.&nbsp; It means that the current problem being reported is having a current impact on the customer.</p>\r\n<p>&nbsp;</p>\r\n<p>This system is so versatile you could use in so many different ways.&nbsp; How about in an aircraft maintenance industry where you had a senior technician that logged tickets for planes and/or pilots.&nbsp; Well there is scheduled maintenance that a plane must by law follow.&nbsp; One very simple one is an oil change.&nbsp; Now of course this is routine maintenance and does NOT effect the customer, however is a ticket went in saying it had a bad gasket, bent push-rod or something that would have an immediate effect.&nbsp; Then yes it would Affect the customer.</p>\r\n<p>&nbsp;Now if this is a grammar question and you like so many others are being picky.&nbsp; I provided the following link to show how affect vs effect is used.</p>\r\n<p>http://www.qdnow.com/aardvark.png</p>",
    "PostedDate": "2010-06-04T12:36:14.753-07:00",
    "UserRole": null,
    "MarkedAsAnswerDate": null
  },
  {
    "Id": "451879",
    "ThreadId": "214972",
    "Html": "<p>Dibblm is correct.</p>\r\n<p>The original text was &quot;Has Impact on External Users/Customers&quot;... but I found the wording unwieldy.</p>\r\n<p>There is no logic with the flag. It is just a bit field stored in the DB.&nbsp;</p>",
    "PostedDate": "2010-06-04T14:02:53.197-07:00",
    "UserRole": null,
    "MarkedAsAnswerDate": null
  }
]