[
  {
    "Id": "603746",
    "ThreadId": "255467",
    "Html": "\r\n<p>Hello,</p>\r\n<p>I am really impressed with what I am seeing, and wanted to see if you are planning to make an official release any time soon.&nbsp; Thanks so much, this is really cool. I love MVC!</p>\r\n<p>&nbsp;</p>\r\n<p>&nbsp;</p>\r\n<p>&nbsp;</p>\r\n",
    "PostedDate": "2011-04-27T12:05:07.19-07:00",
    "UserRole": null,
    "MarkedAsAnswerDate": null
  },
  {
    "Id": "605944",
    "ThreadId": "255467",
    "Html": "<p>I don't plan a new packaged release anytime soon. The current packaged release here is stable, as is the latest source version.</p>",
    "PostedDate": "2011-05-02T09:14:33.93-07:00",
    "UserRole": null,
    "MarkedAsAnswerDate": null
  },
  {
    "Id": "606073",
    "ThreadId": "255467",
    "Html": "<p>Ok thanks again...</p>",
    "PostedDate": "2011-05-02T12:58:47.077-07:00",
    "UserRole": null,
    "MarkedAsAnswerDate": null
  }
]