[
  {
    "Id": "1230133",
    "ThreadId": "541129",
    "Html": "I am getting this error while building this project\r<br />\n<br />\nError\t4\tThe command &quot;cd..TicketDesk-3\\TicketDesk.Web\\ weyland build&quot; exited with code 9009.\t\r<br />\n<br />\nCan anyone please help.\r<br />\n<br />\n<br />\nThanks\r<br />\nNS<br />\n",
    "PostedDate": "2014-04-03T18:19:11.36-07:00",
    "UserRole": null,
    "MarkedAsAnswerDate": null
  },
  {
    "Id": "1230207",
    "ThreadId": "541129",
    "Html": "This is coming from the post-build command (in the web project's proerties) that is used to build durandal's release-optimized javascript file. Durandal uses weyland, a node.js package, to do the javascript build. \r<br />\n<br />\nTicketdesk doesn't run on node.js, but I've configured the visual studio project to automatically run the weyland build command during compilation. \r<br />\n<br />\nInstructions on setting up weyland can be found on durandal's site here: <a href=\"http://durandaljs.com/documentation/Weyland.html\" rel=\"nofollow\">http://durandaljs.com/documentation/Weyland.html</a>\r<br />\n<br />\nIt's very simple to install node and weyland, and once installed visual studio should stop giving you that error.\r<br />\n<br />\nNote that if you build TicketDesk 3 in debug mode, it won't actually use the optimized javascript file when you run the site... if you only plan to play with it locally just remove the post-build command from the project's properties. It's only when you compile in release mode that you might have a problem.<br />\n",
    "PostedDate": "2014-04-03T23:15:12.813-07:00",
    "UserRole": null,
    "MarkedAsAnswerDate": null
  },
  {
    "Id": "1230431",
    "ThreadId": "541129",
    "Html": "Thank you , That resolved the build errors.<br />\n",
    "PostedDate": "2014-04-04T10:04:17.647-07:00",
    "UserRole": null,
    "MarkedAsAnswerDate": null
  }
]