[
  {
    "Id": "858964",
    "ThreadId": "362476",
    "Html": "\r\n<p>I have installed TicketDesk 2.0.1 on a server with active directory. All groups are properly set. I set all my Domain Users to be submitter group.</p>\r\n<p>When a user created a ticket, This error occurred:</p>\r\n<div id=\"validationSummary\"><span style=\"color:#ff0000\">Ticket creation was unsuccessful. Please correct the errors and try again.\r\n</span>\r\n<ul>\r\n<li><span style=\"color:#ff0000\">User is not authorized to create a ticket</span> </li></ul>\r\n</div>\r\n<p>How to set all user on domain active directory authorize to create a ticket?</p>\r\n<p>All answer will be appreciated.</p>\r\n",
    "PostedDate": "2012-07-08T18:28:22.727-07:00",
    "UserRole": null,
    "MarkedAsAnswerDate": null
  },
  {
    "Id": "859019",
    "ThreadId": "362476",
    "Html": "<p>The web server does NOT need to be an AD controller. I recommend that you do NOT make the web server an AD controller since that opens your AD up to all kinds of security vulnerabilities. The web server just needs to be a member of the domain.&nbsp;</p>\r\n<p>First of all, make sure you replace the web.config file contents with the contents of the&nbsp;ADWeb.config file (in the root). You can rename the file, or copy/paste the contents.</p>\r\n<p>In the appSettings section of the config, there are six setting values that you need to change to match those of your domain:</p>\r\n<p>ActiveDirectoryDomain<br />ActiveDirectoryUser<br />ActiveDirectoryUserPassword</p>\r\n<p>These three keys are used by TicketDesk to read information from AD such as the users' full name and email address. The user you supply here must be valid on the domain, and should have sufficient permissions to read from AD.&nbsp;</p>\r\n<p>TicketSubmittersRoleName<br />HelpDeskStaffRoleName<br />AdministrativeRoleName</p>\r\n<p>The next three keys are used to map AD groups to the three fixed roles within TicketDesk. These should include the domain and the group name separated by a backslash. For these, I recommend that you do NOT use one of the built-in AD groups such as Domain Users or Domain Admins. The two main reasons not to use built-in groups is that</p>\r\n<p>1) built-in groups will contain a lot of users that are not real people (service accounts and similar) which will clutter up drop down lists and such.</p>\r\n<p>2) built-in groups contain a lot of other groups, and TicketDesk has to crawl around through all those groups all the time. AD operations are slow and expensive, and performance when crawling large trees of groups is horrid.</p>\r\n<p>Instead, I highly recommend creating AD groups for ticketdesk, and including in those groups only real user accounts that belong to humans. If you use group nesting, keep the tree as simple and flat as possible. &nbsp;&nbsp;</p>",
    "PostedDate": "2012-07-09T00:19:53.33-07:00",
    "UserRole": null,
    "MarkedAsAnswerDate": null
  }
]