[
  {
    "Id": "88882",
    "ThreadId": "26573",
    "Html": "\r\nHow would one go about removing the anoying scrollbars that show up when text goes beyond the end of the asp:textbox visible length?<br /><br />The textbox turns into one giant scrollbar when text goes beyond the visible length, effectively blocking out all the characters in the box.  I have a long email domain and this happens everytime an email address is entered (or any textbox for that matter).<br /><br />Thanks.<br />",
    "PostedDate": "2008-04-24T17:01:09.213-07:00",
    "UserRole": null,
    "MarkedAsAnswerDate": null
  },
  {
    "Id": "88885",
    "ThreadId": "26573",
    "Html": "\r\nOf course I found the solution 5 minutes after posting.<br /><br />anyway for those of you who want to know how to fix this...<br /><br />comment out line 206 in main.css (App_Themes/TicketDeskThemes).<br /><br />INPUT[type=\"text\"], SELECT, textarea, INPUT[type=\"password\"]<br />{<br />\tborder: 1px solid Silver;<br />\tfont: 8pt verdana;<br />\t/* <i>overflow: auto;</i> */       &lt;&lt;--------<br />}<br />",
    "PostedDate": "2008-04-24T17:28:27.933-07:00",
    "UserRole": null,
    "MarkedAsAnswerDate": null
  },
  {
    "Id": "90086",
    "ThreadId": "26573",
    "Html": "<div class=\"quote\" style=\"border: dotted .1em #aaa; border-left: none; border-right: none; font-style: italic; margin: 1em 0em 2.5em 3em;padding: .2em;\"><br />tahoeBT wrote:<br />Of course I found the solution 5 minutes after posting.<br /><br />anyway for those of you who want to know how to fix this...<br /><br />comment out line 206 in main.css (App_Themes/TicketDeskThemes).<br /><br />INPUT[type=\"text\"], SELECT, textarea, INPUT[type=\"password\"]<br />{<br />\tborder: 1px solid Silver;<br />\tfont: 8pt verdana;<br />\t/* <i>overflow: auto;</i> */       &lt;&lt;--------<br />}<br /><br /><br /></div><br /><br />Just so you know... the overflow attribute was put there as an attempt to work around a display problem in firefox. <br /><br />Firefox often fails to render the cursor inside of text controls.... which means you can't tell where your next characters will actually appear when you type. The problem is particularly common with text controls within ajax pop-up controls.... which TicketDesk uses quite a lot.<br /><br />This is a long-time bug with Firefox. Some sources claimed to have worked around the problem by adding the overflow attribute in CSS, but it didn't have much effect in fixing this issue with TicketDesk in the latest version of FireFox.<br /><br />FireFox 3 Beta 5 doesn't seem to have this problem... so I'm no longer activly trying to solve the issue.<br /><br />I'll remove the overflow from the source for my next check-in.<br />",
    "PostedDate": "2008-05-01T11:35:33.323-07:00",
    "UserRole": null,
    "MarkedAsAnswerDate": null
  },
  {
    "Id": "93542",
    "ThreadId": "26573",
    "Html": "This is an excellent and thorough explanation. I had no idea about this bug with FireFox.<br>\r\n<br>\r\nThanks for the knowledge.<br>\r\n<br>\r\nBT\r\n",
    "PostedDate": "2008-05-19T21:33:08.51-07:00",
    "UserRole": null,
    "MarkedAsAnswerDate": null
  }
]