[
  {
    "Id": "1463863",
    "ThreadId": "651561",
    "Html": "hello,<br />\nI configured the SMTP server as follows:<br />\nWEB.config<br />\n<pre><code>  &lt;smtp from=&quot;mymail@gmail.com&quot;&gt;\n    &lt;network defaultCredentials=&quot;true&quot;\n         userName=&quot;mymail@gmail.com&quot;\n         password=&quot;mypassword&quot;\n         host=&quot;smtp.gmail.com&quot;\n         enableSsl=&quot;true&quot;\n         port=&quot;587&quot;/&gt;\n  &lt;/smtp&gt;\n</code></pre>\n\nin the admin panel:<br />\nEnable Email Notifications = true<br />\nFrom Email Address = <a href=\"mailto:mymail@gmail.com\nFrom\" rel=\"nofollow\">mymail@gmail.com\nFrom</a> Email Display Name = TicketDesk <br />\nSite Root Url For Email = <a href=\"http://13.80.66.208/TicketDesk\" rel=\"nofollow\">http://13.80.66.208/TicketDesk</a><br />\n<br />\nMy server is Windows Server 2012 R2 and your web app run in DefaultAppPool under IIS.<br />\nmail is not sent, why?<br />\n",
    "PostedDate": "2016-02-21T09:38:31.963-08:00",
    "UserRole": null,
    "MarkedAsAnswerDate": null
  }
]