[
  {
    "Id": "582384",
    "ThreadId": "250185",
    "Html": "\r\n<p>I see on the roadmap that you have to add email input functionality.&nbsp;</p>\r\n<p>That is something I need very soon, so I was thinking about trying to work on that.&nbsp; But I am completely&nbsp;new to MVC.</p>\r\n<p>Do you have any thoughts/designs for that already?&nbsp; Are you ok with somebody else doing some work on this (the definition of open source, but I am not sure if there is any etiquette involved in getting started).</p>\r\n<p>you can email if you wish at david.chapuis at aerowebtechnology dot com</p>\r\n<p>&nbsp;</p>\r\n<p>Thanks</p>\r\n<p>&nbsp;</p>\r\n",
    "PostedDate": "2011-03-17T17:31:26.037-07:00",
    "UserRole": null,
    "MarkedAsAnswerDate": null
  },
  {
    "Id": "583199",
    "ThreadId": "250185",
    "Html": "<p>You are welcome to give email ticket submissions a try if you want.&nbsp;</p>\r\n<p>I've given the feature set some thought, but it isn't as straight forward to achieve as it would seem. The ticket creation from incoming email part itself is fairly simple... just check a pop email box from time to time, copy new messages to the details of a new ticket, and it's done.</p>\r\n<p>The complexity though is in how to handle users when all you have to identify them is an email address (and the from or reply to address isn't even trustable). TicketDesk would need the ability to handle anonymous users (identified only by email address). So there are some decisions to make; how much (if any) of the site can those users users see? What actions can they perform to a ticket? How do you handle promoting them to named users; and how is that going to work in AD vs. SQL security environments?</p>\r\n<p>I have ideas on all of those areas of course; but before tackling email submitted tickets I wanted to implement anonymous users, and security for externally facing ticketdesk instances. That also ties into a lot of the enhancements I've planned for the base security system itself (such as custom groups, and more configurable permissions).</p>\r\n<p>So anyway, if you want to code up something to contribute back to the TicketDesk project there are two ways to go about it. You can download the code, work on it on your own, and submit the finished or near-finished code as a patch via codeplex. If the code is solid, I can merge the patch back into the main branch. The other option is to join the development team (which is just me at the moment) and work against the source code directly. I'm fine with that (no doubt I could use all the help I can get) but we'd need to talk offline about exactly what you plan to code up so we don't end up working against each other. If you want to do that, just <a href=\"https://www.codeplex.com/site/users/contact/StephenRedd?OriginalUrl=http://www.codeplex.com/site/users/view/StephenRedd\">message me</a> via codeplex and we can discuss it further.&nbsp;</p>",
    "PostedDate": "2011-03-19T22:44:17.637-07:00",
    "UserRole": null,
    "MarkedAsAnswerDate": null
  },
  {
    "Id": "1064836",
    "ThreadId": "250185",
    "Html": "Stephen,\r<br />\nI need this feature as soon as possible.\r<br />\n<br />\nAs show your post\r<br />\n&quot;I've given the feature set some thought, but it isn't as straight forward to achieve as it would seem. The ticket creation from incoming email part itself is fairly simple... just check a pop email box from time to time, copy new messages to the details of a new ticket, and it's done.&quot;\r<br />\n<br />\nwill you please elaborate something here for me. we are not bothering about the unknown user. we have created one autonomous uuser id and we will hard code it in such a way that what ever come from email we will generate using that account/id only.\r<br />\n<br />\nWhat i have with me is i have email reading service which will give me all the details which necessary to raise new ticket, now my concern his how can i call the or whihc component/method shall i call to generate this future ticket or how can i call it from outside?\r<br />\n<br />\nI appreciate if you could give me a piece of code or something which help me to implement this.  What i need is what function should i call and how......as i m little new to .net itself finding it as a little hard to do so.\r<br />\n<br />\nThanks in advance.<br />\n",
    "PostedDate": "2013-07-05T03:02:19.39-07:00",
    "UserRole": null,
    "MarkedAsAnswerDate": null
  },
  {
    "Id": "1065084",
    "ThreadId": "250185",
    "Html": "kuldipPatel,  given what you've described you should have little trouble adding the functionality you want to the system. \r<br />\n<br />\nBased on your description, I am assuming you have an external application of some sort that is responsible for checking for new email, and all you need it to do is create a new ticket. For the sake of discussion, I will call this application TicketMail. So... to get tickets into TicketDesk from TicketMail, there are two broad approaches you might take:\r<br />\n<br />\n<strong>Option 1: Add a service endpoint to TicketDesk.</strong><br />\n<blockquote>\nIn this scenario, the TicketDesk web site would expose a web service endpoint, and TicketMail would just call the endpoint when it needs to add a ticket. This is the simplest way to achieve what you want to do. <br />\n<br />\nSince TicketDesk is an asp.net application, you have a very large number of options for what kind of service endpoint you can use. You can add an Asp.Net Web API controller, use a WCF Web Service (which has tons of different endpoint technologies to choose from), or even use an old fashioned asp.net web service (*.asmx) file. <br />\n<br />\nI would recommend adding a simple Web API controller. TicketDesk is already an Asp.Net MVC app, and has all the plumbing you need to use Web API, and Web API is much easier to use than most of the other options. <br />\n<br />\nIn the web service endpoint you take in the information from the caller, then add a ticket by calling to the TicketService.CreateNewTicket method, which takes a Ticket object as a parameter. If you want to do other stuff after you create the ticket (like add a custom comment, assign the ticket, etc.), there are simple methods in TicketService for each of those operations too. <br />\n<br />\nTicketDesk uses the Managed Extensibility Framework (MEF), so you don't need to manually construct a TicketService instance. In your web service, get an instance of TicketService from the MEF application like this:<br />\n</blockquote>\n<pre><code>var ticketService = MefHttpApplication.ApplicationContainer.GetExportedValue&lt;ITicketService&gt;();</code></pre>\n\n<strong>Option 2: Reference TicketDesk.Domain Directly</strong><br />\n<blockquote>\nReference the TicketDesk.Domain assembly in your TicketMail application (assuming it is a .Net app), and use the API directly. <br />\n<br />\nAll of the business and data access code is encapsulated in a class library, and designed for re-use within other client applications. The difficulty with this approach is that you will have to instantiate the services yourself, and your application will have to supply the correct configuration data to ensure that the TicketDesk API talks to the right database.  This isn't exactly difficult, but the use of MEF does complicate it some. You don't have to use MEF to use the TicketDesk.Domain services, but if you don't use MEF you will need to supply all the dependencies when you instantiate the objects... which is why I recommend the first approach instead.<br />\n</blockquote>\n",
    "PostedDate": "2013-07-05T22:12:51.37-07:00",
    "UserRole": null,
    "MarkedAsAnswerDate": null
  },
  {
    "Id": "1444685",
    "ThreadId": "250185",
    "Html": "StephenRedd,\r<br />\n<br />\n<br />\nI tried to create my own webapi against the controller like you suggested.... I get An error occurred when trying to create a controller of type 'CustomController'. Make sure that the controller has a parameterless public constructor. I think it is due to DI issue.... Please help.\r<br />\n<br />\n<br />\nI inject my controller here ...\r<br />\n  public Container GetInitializedContainer(IAppBuilder app)<br />\n<pre><code>    {\n        var container = new Container();\n\n        container.RegisterSingle(app);\n  container.Register(() =&gt; new TdIdentityContext());\n\n</code></pre>\n\nMy API Controller...\r<br />\n<br />\n  public class CustomController : ApiController<br />\n<pre><code>{\n    private TdDomainContext Context { get; set; }\n    public CustomController(TdDomainContext context)\n    {\n        Context = context;\n    }\n\n\n    [System.Web.Http.HttpGet]\n    [System.Web.Http.Route(&quot;customList/{listName=opentickets}&quot;)]\n    //[System.Web.Http.Route(&quot;customList/{listName=opentickets}/{pagesize}/{page:int?}&quot;)]\n\n    public async Task&lt;JsonResult&gt; FilterList(\n       string listName,\n       int pageSize,\n       string ticketStatus,\n       string owner,\n       string assignedTo)\n    {\n\n        var uId = Context.SecurityProvider.CurrentUserId;\n        var userSetting = await Context.UserSettingsManager.GetSettingsForUserAsync(uId);\n\n        var currentListSetting = userSetting.GetUserListSettingByName(listName);\n\n        currentListSetting.ModifyFilterSettings(pageSize, ticketStatus, owner, assignedTo);\n\n        await Context.SaveChangesAsync();\n        var result = await GetTicketListPartials(null, listName);\n        return new JsonResult\n        {\n            JsonRequestBehavior = JsonRequestBehavior.AllowGet,\n            Data = result\n        };\n\n        //return Json(result, JsonRequestBehavior.AllowGet);\n\n        //return Json(await GetTicketListPartial(null, listName), JsonRequestBehavior.AllowGet);\n\n    }\n\n</code></pre>\n\nI get below error message ... \r<br />\n<br />\n&lt;Error&gt;\r<br />\n&lt;Message&gt;An error has occurred.&lt;/Message&gt;\r<br />\n&lt;ExceptionMessage&gt;\r<br />\nAn error occurred when trying to create a controller of type 'CustomController'. Make sure that the controller has a parameterless public constructor.\r<br />\n&lt;/ExceptionMessage&gt;\r<br />\n&lt;ExceptionType&gt;System.InvalidOperationException&lt;/ExceptionType&gt;\r<br />\n&lt;StackTrace&gt;\r<br />\nat System.Web.Http.Dispatcher.DefaultHttpControllerActivator.Create(HttpRequestMessage request, HttpControllerDescriptor controllerDescriptor, Type controllerType) at System.Web.Http.Controllers.HttpControllerDescriptor.CreateController(HttpRequestMessage request) at System.Web.Http.Dispatcher.HttpControllerDispatcher.&lt;SendAsync&gt;d__1.MoveNext()\r<br />\n&lt;/StackTrace&gt;\r<br />\n&lt;InnerException&gt;\r<br />\n&lt;Message&gt;An error has occurred.&lt;/Message&gt;\r<br />\n&lt;ExceptionMessage&gt;\r<br />\nType 'TicketDesk.Web.Client.Controllers.CustomController' does not have a default constructor\r<br />\n&lt;/ExceptionMessage&gt;\r<br />\n&lt;ExceptionType&gt;System.ArgumentException&lt;/ExceptionType&gt;\r<br />\n&lt;StackTrace&gt;\r<br />\nat System.Linq.Expressions.Expression.New(Type type) at System.Web.Http.Internal.TypeActivator.Create[TBase](Type instanceType) at System.Web.Http.Dispatcher.DefaultHttpControllerActivator.GetInstanceOrActivator(HttpRequestMessage request, Type controllerType, Func`1&amp; activator) at System.Web.Http.Dispatcher.DefaultHttpControllerActivator.Create(HttpRequestMessage request, HttpControllerDescriptor controllerDescriptor, Type controllerType)\r<br />\n&lt;/StackTrace&gt;\r<br />\n&lt;/InnerException&gt;\r<br />\n&lt;/Error&gt;<br />\n",
    "PostedDate": "2015-09-16T16:28:32.35-07:00",
    "UserRole": null,
    "MarkedAsAnswerDate": null
  },
  {
    "Id": "1444686",
    "ThreadId": "250185",
    "Html": "Forgot to include my DI ..\r<br />\n<br />\ncontainer.Register(() =&gt; new CustomController(new TdDomainContext()));<br />\n",
    "PostedDate": "2015-09-16T16:30:35.4-07:00",
    "UserRole": null,
    "MarkedAsAnswerDate": null
  },
  {
    "Id": "1444702",
    "ThreadId": "250185",
    "Html": "I think I would need to see more of the code. This looks like TD 2.5 (the initial post is about TD 2.1). Web API uses a different dependency resolver than MVC, and so you have to setup SimpleInjector for web API separately from how it is configured for use with MVC. I haven't actually ever setup WebAPI with TD 2.5 (it is pure MVC currently), so I'm not clear on the exact steps necessary to get that working. I'd start with the simpleinjector docs:\r<br />\n<br />\n<a href=\"http://simpleinjector.readthedocs.org/en/latest/webapiintegration.html\" rel=\"nofollow\">http://simpleinjector.readthedocs.org/en/latest/webapiintegration.html</a>\r<br />\n<br />\nThere is also info on using SimpleInjector with OWIN specifically (<a href=\"http://simpleinjector.readthedocs.org/en/latest/owinintegration.html\" rel=\"nofollow\">http://simpleinjector.readthedocs.org/en/latest/owinintegration.html</a>), but this guide may only be applicable for creating custom OWIN middleware; after a cursory glance, I don't see how exactly how it applies when using Web API, even when using an OWIN host.\r<br />\n<br />\nIf you have code you can put in the cloud somewhere, shoot me a link and i'll run it though a debugger real fast and see what I can do.<br />\n",
    "PostedDate": "2015-09-16T19:20:14.593-07:00",
    "UserRole": null,
    "MarkedAsAnswerDate": null
  }
]