[
  {
    "Id": "855230",
    "ThreadId": "361354",
    "Html": "\r\n<p>Hello, this application was awesome and useful enough.</p>\r\n<p>I just wondering why submitter group (owner of the tickets) can see menu All Open Tickets Tab which is show all open tickets on ticketdesk. How can we hide this menu only for role submitter group? All answer will be appreciated.</p>\r\n<p>&nbsp;</p>\r\n<p>Thanks,</p>\r\n<p>Azl</p>\r\n",
    "PostedDate": "2012-06-28T17:50:57.337-07:00",
    "UserRole": null,
    "MarkedAsAnswerDate": null
  },
  {
    "Id": "855272",
    "ThreadId": "361354",
    "Html": "<p>The primary use of that ability is so that submitters can look at existing open tickets to see if the issue they want to report has already been reported. They can then add comments and participate in the discussion on the existing ticket rather than submit another ticket about an issue that's already being handled. This consolidates all communication about the issue into one ticket, rather than having that information spread across multiple tickets. It will also keep the same issue from being routed to multiple help desk staffers, which can result in wasted time and effort. But most importantly it might keep you from getting 150 separate \"my yahoo is broken\" tickets every time your network gets the hiccups.</p>\r\n<p>TicketDesk is an open system intended for internal help desks within a single company. As such, it attempts to foster as much communication between users as possible. Hiding information or restricting access to information works against the best interests of users, as well as those of the help desk staff. Trust your users to use their judgment and encourage them to act responsibly in how they use the system. You'll be surprised how well that works... I know I have been. &nbsp; &nbsp; &nbsp;</p>",
    "PostedDate": "2012-06-28T21:49:52.567-07:00",
    "UserRole": null,
    "MarkedAsAnswerDate": null
  },
  {
    "Id": "855325",
    "ThreadId": "361354",
    "Html": "<p>Oh thank you for your suggestion.&nbsp; Good point, good ways of thinking :)</p>",
    "PostedDate": "2012-06-29T00:51:41.617-07:00",
    "UserRole": null,
    "MarkedAsAnswerDate": null
  },
  {
    "Id": "855634",
    "ThreadId": "361354",
    "Html": "<p>You might be interested in further explaination of the design, which I <a href=\"http://www.reddnet.net/ticketdesk-design-philosophies-explained/\">wrote about</a> on my personal site.</p>",
    "PostedDate": "2012-06-29T13:41:32.583-07:00",
    "UserRole": null,
    "MarkedAsAnswerDate": null
  },
  {
    "Id": "1162360",
    "ThreadId": "361354",
    "Html": "StephenRedd,<br />\n<br />\nI understand the importance of what you're saying and the benefits of an open design. However, I'm currently working on beta medical software, and I've found my users are unfortunately prone to post sensitive patient medical data in their tickets, which we clearly cannot allow to be seen by other offices. I understand your reluctance, but given my situation, is there an easy way I could disable the ability to view All Open Tickets for submitters, or will I need to work forward from the source code?<br />\n<br />\nThanks,<br />\nAtmaJR<br />\n",
    "PostedDate": "2014-01-13T13:05:00.417-08:00",
    "UserRole": null,
    "MarkedAsAnswerDate": null
  },
  {
    "Id": "1163512",
    "ThreadId": "361354",
    "Html": "It should be very easy to limit the all open tickets tab to just TdStaff users. The relevant code is in UserSettingsService.cs around line 174... this block defines the list view for open tickets. You'll notice that the views that are reserved for staff are defined first, then the lists that are shared by all. Simply move the open tickets block of code up inside the section used only for views available to TdStaff. Once this change is made, you will need to delete all existing profiles from the aspnet_profiles table in the DB (the system will regenerate the lists based on the code you just changed when the users login again). \r<br />\n<br />\nNow, this will not prevent users from viewing other tickets if they obtain a link to those tickets by other means (such as search for example); but it will eliminate the all open tickets tab in ticket center, as requested. If you wanted to lock the application down to where submitters cannot see tickets for which they are not the owner, you would need to add a check for this condition in the TicketEditorControler (and possibly other controllers)... just have the controller check if the user is a member of the staff or admin role, and if not redirect them instead of rendering the ticket. \r<br />\n<br />\nTicketDesk 3 will be adding support for external (low-trust) user scenarios, and so it will provide built-in support for this kind of limited access.<br />\n",
    "PostedDate": "2014-01-13T20:18:29.39-08:00",
    "UserRole": null,
    "MarkedAsAnswerDate": null
  },
  {
    "Id": "1165091",
    "ThreadId": "361354",
    "Html": "Great, I'll take a look at that. \r<br />\n<br />\nThanks very much for the quick response.<br />\n",
    "PostedDate": "2014-01-14T06:21:58.323-08:00",
    "UserRole": null,
    "MarkedAsAnswerDate": null
  }
]