[
  {
    "Id": "82879",
    "ThreadId": "24722",
    "Html": "\r\nIf you want to contribute code for TicketDesk, please post here or contact me <a href=\"/UserAccount/ContactUser.aspx?ContactUser=StephenRedd&amp;OriginalUrl=http://www.codeplex.com/UserAccount/UserProfile.aspx?UserName=StephenRedd\" class=\"externalLink\">directly <span class=\"externalLinkIcon\" style=\"font-family:Consolas, Courier New, Courier, Monospace;\"></span></a>. Please include as much information about yourself, your areas of interest, and your programming skills and experience as you can.<br />",
    "PostedDate": "2008-03-25T22:40:08.097-07:00",
    "UserRole": null,
    "MarkedAsAnswerDate": null
  }
]