[
  {
    "Id": "1071526",
    "ThreadId": "450858",
    "Html": "Just a quick update on TicketDesk 3. \r<br />\n<br />\nI have a good start on the new version; however one of the libraries I'm experimenting with is still under NDA, so I'm unable to publish the source code just yet. I'm removing the bits that are under NDA, and will be able to publish the repo as soon as that's done. \r<br />\n<br />\nThe new UI is based on HotTowel SPA which uses breezejs, knockoutjs, bootstrap and durandal. The back-end is biult on MVC 4, web-api, SignalR, and entity framework 5. This UI platform is nothing short of amazing, and TicketDesk 3 will have a richer user experience as a result. I am aiming to have good mobile browser support this time around too. SignalR should also enable a more real-time style of use for concurrently connected clients, though I've only just begun to explore this area of the system.\r<br />\n<br />\nI will update the code-base to to MVC 5, web api 2, and EF 6 in the near future, as soon as the code for those is stable; though I do not expect the updates to affect the overall design.\r<br />\n<br />\nThe UI is currently very raw, and incomplete, but I have enough in place to prove the validity of the various architectural concepts. It contains the basics of a ticket list, ticket editor, etc. Styling, layout, and extra visual magic will follow soon.<br />\n\r<br />\nThe major missing architectural piece is security. I'm waiting on the upcoming asp.net identity framework (currently in alpha). This stuff is part of the upcoming MVC 5 stack announced last month, but the code is not quite ready for integration with a real project just yet.<br />\n\r<br />\nAs I've always done, the new version will be able to upgrade existing TicketDesk 2 databases. TicketDesk 3 will support OWIN/Katana self-hosting, regular IIS deployments, and Azure Web Site deployments.  <br />\n",
    "PostedDate": "2013-07-22T15:14:31.423-07:00",
    "UserRole": null,
    "MarkedAsAnswerDate": null
  },
  {
    "Id": "1073824",
    "ThreadId": "450858",
    "Html": "Good job!<br />\n",
    "PostedDate": "2013-07-27T06:17:49.933-07:00",
    "UserRole": null,
    "MarkedAsAnswerDate": null
  },
  {
    "Id": "1289685",
    "ThreadId": "450858",
    "Html": "Any update on this version? Thanks<br />\n",
    "PostedDate": "2014-08-13T07:25:51.953-07:00",
    "UserRole": null,
    "MarkedAsAnswerDate": null
  },
  {
    "Id": "1289741",
    "ThreadId": "450858",
    "Html": "I'm still plugging away at it. <a href=\"http://www.reddnet.net/ticketdesk-3-dev-diary-angular-it-shall-be/\" rel=\"nofollow\">I posted an update on it a while back</a>... since then, I've continued to move forward on the angular work. I'm nearly done with the shell application, and am about to go into development on the TD specific functionality. It's slower going than I'd like, but this version is going to be the baseline prototype for a whole bunch of other applications I'm working on, so getting the foundation solid is my top priority.<br />\n",
    "PostedDate": "2014-08-13T09:46:17.043-07:00",
    "UserRole": null,
    "MarkedAsAnswerDate": null
  }
]