[
  {
    "Id": "96095",
    "ThreadId": "28825",
    "Html": "I'm trying to use VWD 2008 Express to open the solution and receive errors. Has any one successfully used this or do I need to use VS 2008?<br>\r\n",
    "PostedDate": "2008-06-01T14:54:07.62-07:00",
    "UserRole": null,
    "MarkedAsAnswerDate": null
  },
  {
    "Id": "97177",
    "ThreadId": "28825",
    "Html": "<br>\r\n<div style=\"border-right:medium none;padding-right:0.2em;border-top:#aaa 0.1em dotted;padding-left:0.2em;padding-bottom:0.2em;margin:1em 0em 2.5em 3em;border-left:medium none;padding-top:0.2em;border-bottom:#aaa 0.1em dotted;font-style:italic\"><br>\r\nbkmarsh wrote:<br>\r\nI'm trying to use VWD 2008 Express to open the solution and receive errors. Has any one successfully used this or do I need to use VS 2008?<br>\r\n<br>\r\n<br>\r\n</div>\r\n<br>\r\n<br>\r\nVisual Web Developer Express 2008 SP1 (currently in beta) supports Web Application Projects. Otherwise you will need to use a full version of Visual Studio 2008.<br>\r\n<br>\r\nYou can download the SP1 of Web Developer Express <a href=\"http://www.microsoft.com/express/sp1/download/default.aspx\">here</a>:\r\n",
    "PostedDate": "2008-06-05T21:10:49.213-07:00",
    "UserRole": null,
    "MarkedAsAnswerDate": null
  }
]