[
  {
    "Id": "844821",
    "ThreadId": "358367",
    "Html": "\r\n<p>Hello, I am rather new to WEB and ticketDesk.</p>\r\n<p>I have installed ticketDesk 1.2.3 on a server with active directory. all groups are properly set. but i can't seem to make the auto assign tickets according to category work. can some one please guide me through of how to make this work ? all I did was create\r\n a new table called &quot;dbo.defaultAssignment&quot; and put the categories on the left and users on the right. is that how it should be done ?</p>\r\n<p>thank you for your patience and time !</p>\r\n",
    "PostedDate": "2012-06-04T23:38:39.587-07:00",
    "UserRole": null,
    "MarkedAsAnswerDate": null
  },
  {
    "Id": "845085",
    "ThreadId": "358367",
    "Html": "<p>You'll need to modify the code to use your new table and make the appropriate auto-assignments when the ticket is created. Most of your changes will be in the TicketDesk.Domain project. You'll need to add your new table to the entity model in TicketDeskEntities.edmx, then create a repository class that handles reading/writing data for that table. The main place you ultimately want to change is the TicketService class's CreateNewTicket method. That's where you'd read from your table, and then set the appropriate name for the user that should be assigned to the new ticket.</p>",
    "PostedDate": "2012-06-05T10:06:21.197-07:00",
    "UserRole": null,
    "MarkedAsAnswerDate": null
  }
]