[
  {
    "Id": "165046",
    "ThreadId": "49337",
    "Html": "OK, I'm starting to feel like a needy puppy....  :)<br>\r\n<br>\r\nIf I try to access the RSS feeds on Ticketdesk, I get a 404 not found error...  It doesn't matter what RSS feed I try...  For example:<br>\r\n<br>\r\n<a href=\"http://cww.namfg.com/TicketDesk/services/rss.svc/createfeed/\">http://cww.namfg.com/TicketDesk/services/rss.svc/createfeed/</a><br>\r\n<br>\r\n<a href=\"http://cww.namfg.com/TicketDesk/services/rss.svc/createfeed/?status=closed\">http://cww.namfg.com/TicketDesk/services/rss.svc/createfeed/?status=closed</a><br>\r\n<br>\r\nEtc. etc...<br>\r\n<br>\r\ncww.namfg.com is the name of our web server (internal only)...  And the app's installed in the /TicketDesk/ folder.<br>\r\n<br>\r\nOdd thind is that it runs OK if I run in Debug mode on my local machine through Visual WebDev 2008 Express.  But if I copy the app over to our intranet server (IIS7, Server 2008)  then the RSS doesn't work.  <br>\r\n<br>\r\nYes, I've got the key in the web.config<br>\r\n<br>\r\n&lt;add key=&quot;EnableRSS&quot; value=&quot;true&quot;/&gt;<br>\r\n<br>\r\nSo, it's probably not a TicketDesk issue, but I'm stumped as to why it's not working...  There are no errors in the System Application log, and the only thing in the IIS log is the 404 error.<br>\r\n<br>\r\nJoe P\r\n",
    "PostedDate": "2009-03-05T14:04:21.623-08:00",
    "UserRole": null,
    "MarkedAsAnswerDate": null
  },
  {
    "Id": "165441",
    "ThreadId": "49337",
    "Html": "OK, ya leave me alone to poke at something long enough, and eventually I figure something out.  I'll post my finding here in case it helps someone in the future...  <br>\r\n<br>\r\nI found that I did not have the *.svc script file type mapped within IIS.  These instructions allowed me to rectify the error: <br>\r\n<br>\r\n<a href=\"http://msdn.microsoft.com/en-us/library/ms752252.aspx\">http://msdn.microsoft.com/en-us/library/ms752252.aspx</a><br>\r\n<br>\r\nHowever, after that, I was getting another error when accessing any RSS URL, as follows:<br>\r\n<br>\r\n<em>This collection already contains an address with scheme http.  There can be at most one address per scheme in this collection. <br>\r\nParameter name: item</em> <br>\r\n<br>\r\netc etc etc (sorry, didn't copy the whole error message, but I can reproduce it agian if someone wants to see it)<br>\r\n<br>\r\nUpon more digging, I found that I had to modify the &lt;serviceHostingEnvironment&gt; section of web.confiig as follows:<br>\r\n<br>\r\nOriginal (located in &lt;system.serviceModel&gt; :<br>\r\n<br>\r\n<strong>&lt;serviceHostingEnvironment aspNetCompatibilityEnabled=&quot;true&quot;/&gt;</strong><br>\r\n<br>\r\nModified: <br>\r\n<br>\r\n<strong>&lt;serviceHostingEnvironment aspNetCompatibilityEnabled=&quot;true&quot;&gt;<br>\r\n   &lt;baseAddressPrefixFilters&gt;<br>\r\n      &lt;add prefix=&quot;</strong><a href=\"http://cww.namfg.com/ticketdesk/&quot;/\"><strong>http://cww.namfg.com/ticketdesk/&quot;/</strong></a><strong>&gt;<br>\r\n   &lt;/baseAddressPrefixFilters&gt;<br>\r\n&lt;/serviceHostingEnvironment&gt;<br>\r\n</strong><br>\r\nThe 'prefix =' portion is the beginning URL of the Ticketdesk web app in my environment.<br>\r\n<br>\r\n<br>\r\n...and that's it...  Now the RSS feeds work correctly.  If anyone has feedback on what quirks in my enviorment may have caused this, or of there's a better fix than what I've implimented, let me know!  Otherwise, maybe these instructions will help someone in the future.<br>\r\n<br>\r\nJP\r\n",
    "PostedDate": "2009-03-06T10:22:38.99-08:00",
    "UserRole": null,
    "MarkedAsAnswerDate": null
  },
  {
    "Id": "165474",
    "ThreadId": "49337",
    "Html": "I don't really know about the configuration options you ended up with there at the end.... <div><br></div><div>What I do know is that the initial problem you first reported sounds exactly like a problem we ran into with older versions of TicketDesk when we were pre-compiling the app. </div><div><br></div><div>We used to do a full pre-compile version of TicketDesk where there were no aspx, ascx, etc files at all. But asp.net hosted WCF services require an actual *.svc file to be on the file system or it doesn't correctly handle the requests (at least it doesn't in the default configuration)... so you'd get a 404 on the RSS service if you had fully pre-compiled the app. </div><div><br></div><div>So instead we switched to using the editable pre-compile... asp.net build tools often call it &quot;Make the web site editable&quot; or what not. This is where the code behind gets all compiled up to the bin folder but the aspx, ascx, svc, etc files don't.   </div><div><br></div><div><br></div><div><br></div>",
    "PostedDate": "2009-03-06T11:40:09.057-08:00",
    "UserRole": null,
    "MarkedAsAnswerDate": null
  },
  {
    "Id": "165497",
    "ThreadId": "49337",
    "Html": "I tried going into Build &gt; Configuration Manager and switching my &quot;Active Solution Configuration&quot; to &quot;EditablePreCompile&quot; ...  Compiled into a local dir..  Then I tried changing from EditablePreCompile to &quot;Release&quot;  (the only other option is Debug)....  Compiled into another directory..   Then I compared both directories and both contained the exact same set of files...<br>\r\n<br>\r\nDon't know if I'm flipping the right switch, but either option yeilded the same results... I tried copying them both to my web server and neither worked right without the changes to web.config that I outlined above.<br>\r\n<br>\r\nJP  \r\n",
    "PostedDate": "2009-03-06T12:51:05.07-08:00",
    "UserRole": null,
    "MarkedAsAnswerDate": null
  },
  {
    "Id": "165624",
    "ThreadId": "49337",
    "Html": "Sounds like the solution you ended up with is the correct one.  <div><br></div><div>The EditablePreCompile configuration in configuration manager actually won't do much in your case. The settings for the web project itself for EditablePreCompile are pretty much identical to the Release configuration. Where EditablePreCompile makes a difference is in the deployment project, but you said earlier that you were using Visual Web Developer Express. Deployment projects aren't compatible with VWD (sadly... ).</div><div><br></div><div><br></div><div>  </div>",
    "PostedDate": "2009-03-07T01:33:07.75-08:00",
    "UserRole": null,
    "MarkedAsAnswerDate": null
  }
]