[
  {
    "Id": "165750",
    "ThreadId": "49529",
    "Html": "Hi Stephen<br>\r\n<br>\r\nAs a UK user, one of the first things noticed by my submitters was the date format displayed, which before an explanation from myself  was totally 'Alien' to them. This was easy enough to fix in the code ( (MM/dd/yy) to (dd/MM/yy))  but having doing myself this divorces  my current source from your ongoing updates. maybe it would be a better idea for your app to get the date format from System.Globalization.Cultureinfo...<br>\r\nthoughts?<br>\r\nColin\r\n",
    "PostedDate": "2009-03-07T17:15:25.733-08:00",
    "UserRole": null,
    "MarkedAsAnswerDate": null
  },
  {
    "Id": "165780",
    "ThreadId": "49529",
    "Html": "This discussion has been copied to a work item. Click <a href=\"http://ticketdesk.codeplex.com/WorkItem/View.aspx?WorkItemId=12774\">here</a> to go to the work item and continue the discussion.",
    "PostedDate": "2009-03-08T01:42:44.833-08:00",
    "UserRole": null,
    "MarkedAsAnswerDate": null
  },
  {
    "Id": "165781",
    "ThreadId": "49529",
    "Html": "I'll address that in 1.3.<div><br></div><div>If you are using incremental updates from source control between now and then you'll still need to merge the changes with your customizations. I recommend Beyond Compare. Fortunatly there aren't too many places where dates are formatted.  </div>",
    "PostedDate": "2009-03-08T01:45:13.613-08:00",
    "UserRole": null,
    "MarkedAsAnswerDate": null
  },
  {
    "Id": "166286",
    "ThreadId": "49529",
    "Html": "Thanks<br>\r\nBeyond compare 'Was' definitely the tool i've been looking for. I have used CompareIT for many years it but lacks dir comparison. Also very reasonably priced at $29. \r\n",
    "PostedDate": "2009-03-09T15:34:57.513-07:00",
    "UserRole": null,
    "MarkedAsAnswerDate": null
  }
]