[
  {
    "Id": "1227862",
    "ThreadId": "540462",
    "Html": "I am trying to filter the &quot;ticketsList&quot; variable in the view model.  Maybe not the appropriate place, however, I have run into issues where using code like the following:\r<br />\n<br />\nticketsList.Where(x=&gt;x.Type == &quot;some type&quot;).AsPagination(ticketsList.PageNumber, ticketsList.PageSize);\r<br />\n<br />\nalso tried\r<br />\n<br />\nvar list = new LazyPagination&lt;Ticket&gt;(ticketsList.Where(x =&gt; x.Type ==  &quot;some type&quot;).AsQueryable&lt;Ticket&gt;(), ticketsList.PageNumber, ticketsList.PageSize);\r<br />\n<br />\nI just want to filter the results, but it seems that I am missing something crucial here because it completely hoses the paginating (only displays a fraction of what it should, page number links aren't working, etc.).\r<br />\n<br />\nAny ideas?<br />\n",
    "PostedDate": "2014-03-28T08:39:21.59-07:00",
    "UserRole": null,
    "MarkedAsAnswerDate": null
  },
  {
    "Id": "1227870",
    "ThreadId": "540462",
    "Html": "Ok, so a thought just occurred to me.  The ticketsList is a list of pages of Tickets, right?  So my query is probably just filtering the first page and that is it.  Am i correct?<br />\n<br />\nEDIT:  Nope, thats not it.<br />\n",
    "PostedDate": "2014-03-28T08:48:51.383-07:00",
    "UserRole": null,
    "MarkedAsAnswerDate": null
  },
  {
    "Id": "1227940",
    "ThreadId": "540462",
    "Html": "Well, once again i have solved my own issue with much beating of my head against a wall.  The solution (if anyone is interested) that I came up with was to create a new method in the TicketRepository called ListTicketsFor.  This method is exactly the same as ListTickets, but it takes the listName as an additional parameter.  i pre-filter the list according to my needs based on which list is getting retrieved.<br />\n",
    "PostedDate": "2014-03-28T11:54:14.867-07:00",
    "UserRole": null,
    "MarkedAsAnswerDate": null
  }
]