[
  {
    "Id": "1449822",
    "ThreadId": "646686",
    "Html": "Hi! I'm new with the codeplex projects.\r<br />\nI need som every basic hints to get the system op and running.\r<br />\nI have a server 2012 with sql 2012 (virtual box)\r<br />\n<br />\nI followed the documentation, but can't open the website localy. (copied everyting in new website.)\r<br />\nnor can I create the database &quot;v11.0&quot;. ( whan i leave out the periode i can, but I assume it won't work with a database called &quot;v110&quot;. \r<br />\n<br />\ncan someone help me?\r<br />\n<br />\nThanx, \r<br />\n<br />\nPeter<br />\n",
    "PostedDate": "2015-10-27T03:48:43.47-07:00",
    "UserRole": null,
    "MarkedAsAnswerDate": null
  },
  {
    "Id": "1450026",
    "ThreadId": "646686",
    "Html": "v11 is for localdb edition of SQL server express 2012; you probably have the regular SQL Express 2012 installed instead... which is fine; just change your connection string to point to your real SQL Express instance instead of using a file based database. \r<br />\n<br />\nYou can real all about how this in great detail on the  GitHub wiki here. There you will find info on connection strings, the different versions of SQL server, etc.<br />\n",
    "PostedDate": "2015-10-28T07:07:08.143-07:00",
    "UserRole": null,
    "MarkedAsAnswerDate": null
  },
  {
    "Id": "1450049",
    "ThreadId": "646686",
    "Html": "thanx or the hint.\r<br />\n<br />\nI'm still struggeling with the &quot;Once you have copied the application's files to the server, run the application. Login as as &quot;admin&quot; with the password &quot;admin&quot;. &quot;\r<br />\ni copied all files in a IIS folder and configured that in the iss, but can't open the websit.\r<br />\nwhat do they mean with 'run the application'?\r<br />\n<br />\n<br />\nI'm sorry, but this is all quite new to me...<br />\n",
    "PostedDate": "2015-10-28T08:27:53.503-07:00",
    "UserRole": null,
    "MarkedAsAnswerDate": null
  },
  {
    "Id": "1450054",
    "ThreadId": "646686",
    "Html": "If you are using 2.5, login as <a href=\"mailto:admin@example.com\" rel=\"nofollow\">admin@example.com</a> with pass 123456.<br />\n",
    "PostedDate": "2015-10-28T08:36:43.527-07:00",
    "UserRole": null,
    "MarkedAsAnswerDate": null
  },
  {
    "Id": "1450055",
    "ThreadId": "646686",
    "Html": "Run the application means open it in a browser, assuming iis is setup and running of course.<br />\n",
    "PostedDate": "2015-10-28T08:39:23.333-07:00",
    "UserRole": null,
    "MarkedAsAnswerDate": null
  },
  {
    "Id": "1450290",
    "ThreadId": "646686",
    "Html": "I started over from scratch. (using 2.5)\r<br />\nfollowed the tutorial step by step (with localDB)\r<br />\nbut still can't get the site up and running.\r<br />\n<br />\nIn internet explorer I get an error 500.19\r<br />\n<br />\nand it referres to the config file:\r<br />\n<br />\n 164:   &lt;system.webServer&gt;\r<br />\n __ 165:     &lt;modules runAllManagedModulesForAllRequests=&quot;true&quot;&gt;__\r<br />\n  166:       &lt;remove name=&quot;ApplicationInsightsWebTracking&quot; /&gt;\r<br />\n<br />\nany Idea?\r<br />\n<br />\nthanx!<br />\n",
    "PostedDate": "2015-10-29T06:25:02.7-07:00",
    "UserRole": null,
    "MarkedAsAnswerDate": null
  },
  {
    "Id": "1450292",
    "ThreadId": "646686",
    "Html": "This is almost always one of two things: either your windows installation is missing some critical components needed to run asp.net applications or your application pool is set to &quot;classic&quot; mode instead of &quot;integrated pipeline&quot;. The former is more common.\r<br />\n<br />\nSee this for info: <a href=\"http://stackoverflow.com/questions/12486089/iis8-win8-and-runallmanagedmodulesforallrequests-true\" rel=\"nofollow\">http://stackoverflow.com/questions/12486089/iis8-win8-and-runallmanagedmodulesforallrequests-true</a>\r<br />\n<br />\nAlso, there are screenshots of exactly what components you need to have installed in windows <a href=\"https://github.com/NullDesk/TicketDesk/wiki/Windows-Server-and-IIS-Configuration\" rel=\"nofollow\">on the wiki here</a>; if you are using a different version the screen would look a little different, but the options you need to select are pretty much identical.\r<br />\n<br />\nSorry you are having so much trouble, normally the IIS part is the easy part.<br />\n",
    "PostedDate": "2015-10-29T06:45:15.32-07:00",
    "UserRole": null,
    "MarkedAsAnswerDate": null
  },
  {
    "Id": "1450961",
    "ThreadId": "646686",
    "Html": "HI, \r<br />\n<br />\nI finally got the site running after insatlling the missing components and playing around with some settings.\r<br />\n<br />\nhowever, when i press the button 'Create Database' i get the error below: \r<br />\nI did some looking around, and it might be because i installed the full sql express first and local db afterwards.\r<br />\nbut than i tried it on a brand new virtual machine, with only local db, with the same result.\r<br />\n<br />\ncould you please help me? \r<br />\n<br />\nprovider: SQL Network Interfaces, error: 50 - Er is een fout in de Local Database Runtime opgetreden. Cannot create an automatic instance. See the Windows Application event log for error details.\r<br />\n)\r<br />\n   bij System.Data.ProviderBase.DbConnectionPool.TryGetConnection(DbConnection owningObject, UInt32 waitForMultipleObjectsTimeout, Boolean allowCreate, Boolean onlyOneCheckConnection, DbConnectionOptions userOptions, DbConnectionInternal&amp; connection)\r<br />\n   bij System.Data.ProviderBase.DbConnectionPool.TryGetConnection(DbConnection owningObject, TaskCompletionSource<code>1 retry, DbConnectionOptions userOptions, DbConnectionInternal&amp; connection)\r<br />   bij System.Data.ProviderBase.DbConnectionFactory.TryGetConnection(DbConnection owningConnection, TaskCompletionSource</code>1 retry, DbConnectionOptions userOptions, DbConnectionInternal oldConnection, DbConnectionInternal&amp; connection)\r<br />\n   bij System.Data.ProviderBase.DbConnectionInternal.TryOpenConnectionInternal(DbConnection outerConnection, DbConnectionFactory connectionFactory, TaskCompletionSource<code>1 retry, DbConnectionOptions userOptions)\r<br />   bij System.Data.SqlClient.SqlConnection.TryOpenInner(TaskCompletionSource</code>1 retry)\r<br />\n   bij System.Data.SqlClient.SqlConnection.TryOpen(TaskCompletionSource<code>1 retry)\r<br />   bij System.Data.SqlClient.SqlConnection.Open()\r<br />   bij System.Data.Entity.Infrastructure.Interception.InternalDispatcher</code>1.Dispatch[TTarget,TInterceptionContext](TTarget target, Action<code>2 operation, TInterceptionContext interceptionContext, Action</code>3 executing, Action<code>3 executed)\r<br />   bij System.Data.Entity.Infrastructure.Interception.DbConnectionDispatcher.Open(DbConnection connection, DbInterceptionContext interceptionContext)\r<br />   bij System.Data.Entity.SqlServer.SqlProviderServices.&lt;&gt;c__DisplayClass33.&lt;UsingConnection&gt;b__32()\r<br />   bij System.Data.Entity.SqlServer.DefaultSqlExecutionStrategy.&lt;&gt;c__DisplayClass1.&lt;Execute&gt;b__0()\r<br />   bij System.Data.Entity.SqlServer.DefaultSqlExecutionStrategy.Execute[TResult](Func</code>1 operation)\r<br />\n   bij System.Data.Entity.SqlServer.SqlProviderServices.UsingMasterConnection(DbConnection sqlConnection, Action<code>1 act)\r<br />   bij System.Data.Entity.SqlServer.SqlProviderServices.DbCreateDatabase(DbConnection connection, Nullable</code>1 commandTimeout, StoreItemCollection storeItemCollection)\r<br />\n   bij System.Data.Entity.Migrations.Utilities.DatabaseCreator.Create(DbConnection connection)\r<br />\n   bij System.Data.Entity.Migrations.DbMigrator.EnsureDatabaseExists(Action mustSucceedToKeepDatabase)\r<br />\n   bij System.Data.Entity.MigrateDatabaseToLatestVersion<code>2.InitializeDatabase(TContext context)\r<br />   bij System.Data.Entity.Internal.InternalContext.PerformInitializationAction(Action action)\r<br />   bij System.Data.Entity.Internal.InternalContext.PerformDatabaseInitialization()\r<br />   bij TicketDesk.Web.Client.Controllers.FirstRunSetupController.CreateDatabase()\r<br />   bij lambda_method(Closure , ControllerBase , Object[] )\r<br />   bij System.Web.Mvc.ReflectedActionDescriptor.Execute(ControllerContext controllerContext, IDictionary</code>2 parameters)\r<br />\n   bij System.Web.Mvc.ControllerActionInvoker.InvokeActionMethod(ControllerContext controllerContext, ActionDescriptor actionDescriptor, IDictionary<code>2 parameters)\r<br />   bij System.Web.Mvc.Async.AsyncControllerActionInvoker.&lt;BeginInvokeSynchronousActionMethod&gt;b__39(IAsyncResult asyncResult, ActionInvocation innerInvokeState)\r<br />   bij System.Web.Mvc.Async.AsyncResultWrapper.WrappedAsyncResult</code>2.CallEndDelegate(IAsyncResult asyncResult)\r<br />\n   bij System.Web.Mvc.Async.AsyncControllerActionInvoker.AsyncInvocationWithFilters.&lt;InvokeActionMethodFilterAsynchronouslyRecursive&gt;b__3d()\r<br />\n   bij System.Web.Mvc.Async.AsyncControllerActionInvoker.AsyncInvocationWithFilters.&lt;&gt;c__DisplayClass46.&lt;InvokeActionMethodFilterAsynchronouslyRecursive&gt;b__3f()\r<br />\n   bij System.Web.Mvc.Async.AsyncControllerActionInvoker.AsyncInvocationWithFilters.&lt;&gt;c__DisplayClass46.&lt;InvokeActionMethodFilterAsynchronouslyRecursive&gt;b__3f()\r<br />\n   bij System.Web.Mvc.Async.AsyncControllerActionInvoker.AsyncInvocationWithFilters.&lt;&gt;c__DisplayClass46.&lt;InvokeActionMethodFilterAsynchronouslyRecursive&gt;b__3f()\r<br />\n   bij System.Web.Mvc.Async.AsyncControllerActionInvoker.&lt;&gt;c__DisplayClass33.&lt;BeginInvokeActionMethodWithFilters&gt;b__32(IAsyncResult asyncResult)\r<br />\n   bij System.Web.Mvc.Async.AsyncControllerActionInvoker.&lt;&gt;c__DisplayClass21.&lt;&gt;c__DisplayClass2b.&lt;BeginInvokeAction&gt;b__1c()\r<br />\n   bij System.Web.Mvc.Async.AsyncControllerActionInvoker.&lt;&gt;c__DisplayClass21.&lt;BeginInvokeAction&gt;b__1e(IAsyncResult asyncResult)\r<br />\n   bij System.Web.Mvc.Controller.&lt;BeginExecuteCore&gt;b__1d(IAsyncResult asyncResult, ExecuteCoreState innerState)\r<br />\n   bij System.Web.Mvc.Async.AsyncResultWrapper.WrappedAsyncVoid<code>1.CallEndDelegate(IAsyncResult asyncResult)\r<br />   bij System.Web.Mvc.Controller.EndExecuteCore(IAsyncResult asyncResult)\r<br />   bij System.Web.Mvc.Async.AsyncResultWrapper.WrappedAsyncVoid</code>1.CallEndDelegate(IAsyncResult asyncResult)\r<br />\n   bij System.Web.Mvc.MvcHandler.&lt;BeginProcessRequest&gt;b__5(IAsyncResult asyncResult, ProcessRequestState innerState)\r<br />\n   bij System.Web.Mvc.Async.AsyncResultWrapper.WrappedAsyncVoid`1.CallEndDelegate(IAsyncResult asyncResult)\r<br />\n   bij System.Web.HttpApplication.CallHandlerExecutionStep.System.Web.HttpApplication.IExecutionStep.Execute()\r<br />\n   bij System.Web.HttpApplication.ExecuteStep(IExecutionStep step, Boolean&amp; completedSynchronously)\r<br />\n<br />\n \r<br />\n \r<br />\nRequest information: <br />\n<pre><code>Request URL: http://10.200.115.59/first-run-setup/create-database \nRequest path: /first-run-setup/create-database \nUser host address: 10.200.115.87 \nUser:  \nIs authenticated: False \nAuthentication Type:  \nThread account name: IIS APPPOOL\\.NET v4.5 \n</code></pre>\n\nThread information: <br />\n<pre><code>Thread ID: 5 \nThread account name: IIS APPPOOL\\.NET v4.5 \nIs impersonating: False \nStack trace:    bij System.Data.ProviderBase.DbConnectionPool.TryGetConnection(DbConnection owningObject, UInt32 waitForMultipleObjectsTimeout, Boolean allowCreate, Boolean onlyOneCheckConnection, DbConnectionOptions userOptions, DbConnectionInternal&amp; connection)</code></pre>\n\nbij System.Data.ProviderBase.DbConnectionPool.TryGetConnection(DbConnection owningObject, TaskCompletionSource<code>1 retry, DbConnectionOptions userOptions, DbConnectionInternal&amp; connection)\r<br />   bij System.Data.ProviderBase.DbConnectionFactory.TryGetConnection(DbConnection owningConnection, TaskCompletionSource</code>1 retry, DbConnectionOptions userOptions, DbConnectionInternal oldConnection, DbConnectionInternal&amp; connection)\r<br />\n   bij System.Data.ProviderBase.DbConnectionInternal.TryOpenConnectionInternal(DbConnection outerConnection, DbConnectionFactory connectionFactory, TaskCompletionSource<code>1 retry, DbConnectionOptions userOptions)\r<br />   bij System.Data.SqlClient.SqlConnection.TryOpenInner(TaskCompletionSource</code>1 retry)\r<br />\n   bij System.Data.SqlClient.SqlConnection.TryOpen(TaskCompletionSource<code>1 retry)\r<br />   bij System.Data.SqlClient.SqlConnection.Open()\r<br />   bij System.Data.Entity.Infrastructure.Interception.InternalDispatcher</code>1.Dispatch[TTarget,TInterceptionContext](TTarget target, Action<code>2 operation, TInterceptionContext interceptionContext, Action</code>3 executing, Action<code>3 executed)\r<br />   bij System.Data.Entity.Infrastructure.Interception.DbConnectionDispatcher.Open(DbConnection connection, DbInterceptionContext interceptionContext)\r<br />   bij System.Data.Entity.SqlServer.SqlProviderServices.&lt;&gt;c__DisplayClass33.&lt;UsingConnection&gt;b__32()\r<br />   bij System.Data.Entity.SqlServer.DefaultSqlExecutionStrategy.&lt;&gt;c__DisplayClass1.&lt;Execute&gt;b__0()\r<br />   bij System.Data.Entity.SqlServer.DefaultSqlExecutionStrategy.Execute[TResult](Func</code>1 operation)\r<br />\n   bij System.Data.Entity.SqlServer.SqlProviderServices.UsingMasterConnection(DbConnection sqlConnection, Action<code>1 act)\r<br />   bij System.Data.Entity.SqlServer.SqlProviderServices.DbCreateDatabase(DbConnection connection, Nullable</code>1 commandTimeout, StoreItemCollection storeItemCollection)\r<br />\n   bij System.Data.Entity.Migrations.Utilities.DatabaseCreator.Create(DbConnection connection)\r<br />\n   bij System.Data.Entity.Migrations.DbMigrator.EnsureDatabaseExists(Action mustSucceedToKeepDatabase)\r<br />\n   bij System.Data.Entity.MigrateDatabaseToLatestVersion<code>2.InitializeDatabase(TContext context)\r<br />   bij System.Data.Entity.Internal.InternalContext.PerformInitializationAction(Action action)\r<br />   bij System.Data.Entity.Internal.InternalContext.PerformDatabaseInitialization()\r<br />   bij TicketDesk.Web.Client.Controllers.FirstRunSetupController.CreateDatabase()\r<br />   bij lambda_method(Closure , ControllerBase , Object[] )\r<br />   bij System.Web.Mvc.ReflectedActionDescriptor.Execute(ControllerContext controllerContext, IDictionary</code>2 parameters)\r<br />\n   bij System.Web.Mvc.ControllerActionInvoker.InvokeActionMethod(ControllerContext controllerContext, ActionDescriptor actionDescriptor, IDictionary`2 parameters)\r<br />\n   bij System.Web.Mvc.Async.AsyncControllerActionInvoker.&lt;BeginInvokeSynchronousActionMethod&gt;b__39(IAsyncResult asyncResult, ActionInvocation innerInvokeState)\r<br />\n   ...<br />\n",
    "PostedDate": "2015-11-04T23:26:26.347-08:00",
    "UserRole": null,
    "MarkedAsAnswerDate": null
  },
  {
    "Id": "1451090",
    "ThreadId": "646686",
    "Html": "The &quot;SQL Network Interfaces, error: 50&quot; means the name of the database server cannot be resolved.\r<br />\n<br />\nIf you have localdb 2012, the connection string should have exactly &quot;Data Source=(LocalDB)\\v11.0;&quot;\r<br />\n<br />\nIf you have localdb 2014, then then: &quot;Data Source=(LocalDB)\\MSSQLLocalDB;&quot;\r<br />\n<br />\nAlso, make sure your application pool user has write permissions to the app_data folder. See this for info: <a href=\"http://serverfault.com/questions/81165/how-to-assign-permissions-to-applicationpoolidentity-account\" rel=\"nofollow\">http://serverfault.com/questions/81165/how-to-assign-permissions-to-applicationpoolidentity-account</a> <br />\n",
    "PostedDate": "2015-11-05T15:27:01.7-08:00",
    "UserRole": null,
    "MarkedAsAnswerDate": null
  },
  {
    "Id": "1451278",
    "ThreadId": "646686",
    "Html": "I started all over again, now with the sql 2012 express (not local db) and the v2.1.4 ticketdesk\r<br />\nI created  the TicketDeskUser and created the database, even ran the scripts to fill in the database.\r<br />\ni created a udl on y desktop to see itf the user and pw can connect, that works without any problem.\r<br />\n<br />\nstill can't get the site to run.\r<br />\niis keeps giving errors on the configuration script. I tried so manny differentthing in the configfile...\r<br />\ni got iis to accept the first line of the connection strings, but now it keeps failing on the second line (51)\r<br />\n<br />\nPlease, can you tell me what i'm doing wrong?\r<br />\nI assue line 53 will be the next thing iis will complain about...\r<br />\n<br />\nhere are the 3 connection strings:\r<br />\n<br />\n   50:    &lt;add name=&quot;TicketDeskSecurityConnectionString&quot; connectionString=&quot;data source=WIN-9Q6S99JEJO1\\SQLEXPRESS;database=TicketDesk;user id=TicketDeskUser;password=TicketDeskUserPwd;&quot; /&gt;\r<br />\n <br />\n51:     &lt;add name=&quot;TicketDeskEntities&quot; connectionString=&quot;metadata=res://<em>/Models.TicketDeskEntities.csdl|res://</em>/Models.TicketDeskEntities.ssdl|res://*/Models.TicketDeskEntities.msl;provider=System.Data.SqlClient;provider connection string=&quot;data source=WIN-9Q6S99JEJO1\\SQLEXPRESS;database=TicketDesk;user id=TicketDeskUser;password=TicketDeskUserPwd;&quot; providerName=&quot;System.Data.EntityClient&quot; /&gt;\r<br />\n<br />\n 52:    &lt;add name=&quot;ElmahLog&quot; connectionString=&quot;data source=WIN-9Q6S99JEJO1\\SQLEXPRESS;database=TicketDesk;user id=TicketDeskUser;password=TicketDeskUserPwd;&quot; /&gt;<br />\n",
    "PostedDate": "2015-11-07T13:22:50.793-08:00",
    "UserRole": null,
    "MarkedAsAnswerDate": null
  },
  {
    "Id": "1451281",
    "ThreadId": "646686",
    "Html": "It sounds like there is something off about this server, but I'd be happy to help you out. \r<br />\n<br />\nTell you what, hit me up offline (just pm me through CodePlex from here <a href=\"https://www.codeplex.com/site/users/view/StephenRedd\" rel=\"nofollow\">https://www.codeplex.com/site/users/view/StephenRedd</a>). Maybe we can arrange time for a screen share with teamviewer or something?  If you can send me the URL for the site, I can look at the specific errors myself. <br />\n",
    "PostedDate": "2015-11-07T13:49:27.303-08:00",
    "UserRole": null,
    "MarkedAsAnswerDate": null
  },
  {
    "Id": "1451283",
    "ThreadId": "646686",
    "Html": "Hi StephenRedd, The site isn’t public. It’s on a virtual machine on my laptop as a test to see if we can use it in real life… If you want, I can give youteamviewer access of anything else you prefer…   <br />\n Van: StephenRedd [email removed]  Verzonden: zaterdag 7 november 2015 22:50 Aan: [email removed] Onderwerp: Re: initial setup [TicketDesk:646686]    From: StephenRedd  It sounds like there is something off about this server, but I'd be happy to help you out.   Tell you what, hit me up offline (just pm me through CodePlex from here  <a href=\"https://www.codeplex.com/site/users/view/StephenRedd\" rel=\"nofollow\">https://www.codeplex.com/site/users/view/StephenRedd</a>). Maybe we can arrange time for a screen share with teamviewer or something? If you can send me the URL for the site, I can look at the specific errors myself.    <br />\n",
    "PostedDate": "2015-11-07T13:57:24.37-08:00",
    "UserRole": null,
    "MarkedAsAnswerDate": null
  },
  {
    "Id": "1451647",
    "ThreadId": "646686",
    "Html": "Hi redd, \r<br />\nI skipped the whole virtual testing enviroment and deployed the site on a live server.\r<br />\nguess what... it worked from the first try! :)\r<br />\n<br />\nis there a kind of language file I can edit to translate the website,  or are all text labels hard coded?\r<br />\n<br />\nI'm struggeling now with the email feature, but i'll do some searching first before starting to nag you...\r<br />\n<br />\nstill, thanx for the help before!\r<br />\n<br />\nlooks great!<br />\n",
    "PostedDate": "2015-11-10T13:24:22.137-08:00",
    "UserRole": null,
    "MarkedAsAnswerDate": null
  },
  {
    "Id": "1451675",
    "ThreadId": "646686",
    "Html": "Glad you got it working; I suspected something was jacked up on the server you were using... normally it isn't quite so hard to setup.\r<br />\n<br />\n2.1 does not have much to ease translation. TicketDesk 2.5 does have good internationalization support, thanks to one of our community contributors. For 2.5, you just add standard .net resource files for whatever languages you want to support --which takes care of about 95% of internationalization; it's still a beta though, so I can't promise we've worked out all the issues yet... in particular there are some issues with sorting on fields like category, priority, and ticket type which are compounded by the ability for users to edit those lists --I have a solution, but haven't had time lately to get back to implementing them. <br />\n",
    "PostedDate": "2015-11-10T19:42:32.263-08:00",
    "UserRole": null,
    "MarkedAsAnswerDate": null
  },
  {
    "Id": "1451904",
    "ThreadId": "646686",
    "Html": "\r\n<div>\r\n<p><span lang=\"EN-US\" style=\"font-size:11.0pt; font-family:\">I’m troubleshooting the notofocations…</span></p>\r\n<p><span lang=\"EN-US\" style=\"font-size:11.0pt; font-family:\">How am I sure a mail is send?</span></p>\r\n<p><span lang=\"EN-US\" style=\"font-size:11.0pt; font-family:\"></span></p>\r\n<p><span lang=\"EN-US\" style=\"font-size:11.0pt; font-family:\">A ‘send test mail’-function wouldn’t be bad for the 3.0 release\r\n</span><span lang=\"EN-US\" style=\"font-size:11.0pt; font-family:Wingdings; color:#1F497D\">J</span><span lang=\"EN-US\" style=\"font-size:11.0pt; font-family:\"><br>\r\n<br>\r\n</span></p>\r\n<p><span lang=\"EN-US\" style=\"font-size:11.0pt; font-family:\">Also, how difficult would it be (for me, with little to no experience in code writing) to change the homepage to an overview of all open issues?\r\n</span></p>\r\n<p><span lang=\"EN-US\" style=\"font-size:11.0pt; font-family:\"></span></p>\r\n<p><span lang=\"EN-US\" style=\"font-size:11.0pt; font-family:\">thnx</span></p>\r\n<p><span lang=\"EN-US\" style=\"font-size:11.0pt; font-family:\"></span></p>\r\n<div>\r\n<div style=\"border:none; border-top:solid #E1E1E1 1.0pt; padding:3.0pt 0cm 0cm 0cm\">\r\n<p><b><span lang=\"NL\" style=\"font-size:11.0pt; font-family:\">Van:</span></b><span lang=\"NL\" style=\"font-size:11.0pt; font-family:\"> StephenRedd [email removed]\r\n<br>\r\n<b>Verzonden:</b> woensdag 11 november 2015 4:43<br>\r\n<b>Aan:</b> [email removed]<br>\r\n<b>Onderwerp:</b> Re: initial setup [TicketDesk:646686]</span></p>\r\n</div>\r\n</div>\r\n<p></p>\r\n<p><span style=\"font-size:9.0pt; font-family:\">From: StephenRedd</span></p>\r\n<div id=\"ThreadNotificationPostBody\" style=\"margin-bottom:24.0pt\">\r\n<p><span style=\"font-size:9.0pt; font-family:\">Glad you got it working; I suspected something was jacked up on the server you were using... normally it isn't quite so hard to setup.\r\n<br>\r\n<br>\r\n2.1 does not have much to ease translation. TicketDesk 2.5 does have good internationalization support, thanks to one of our community contributors. For 2.5, you just add standard .net resource files for whatever languages you want to support --which takes\r\n care of about 95% of internationalization; it's still a beta though, so I can't promise we've worked out all the issues yet... in particular there are some issues with sorting on fields like category, priority, and ticket type which are compounded by the ability\r\n for users to edit those lists --I have a solution, but haven't had time lately to get back to implementing them.\r\n</span></p>\r\n</div>\r\n</div>\r\n",
    "PostedDate": "2015-11-11T23:11:45.91-08:00",
    "UserRole": null,
    "MarkedAsAnswerDate": null
  },
  {
    "Id": "1452140",
    "ThreadId": "646686",
    "Html": "just remember that the email system doesn't notify you of changes you make yourself... and there is a time delay built-in by default to allow it to consolidate rapid changes into a single message. For testing, make changes to a ticket you own or assigned to using another user account... that way you'll get an email. You can see what's happening pretty clearly in the notifications table; just open it up in a SQL editor and you can figure out what's happening.\r<br />\n<br />\nIt isn't hard at all to put in a custom home page. For the most part it's a standard asp.net MVC site, and the other pages serve as an example you can use as a guide. How hard that turns out to be depends mostly on how quickly you learn asp.net, and how comfortable you are with coding. In general though, it should be fairly straight forward to get a simple overview dashboard in there. <br />\n",
    "PostedDate": "2015-11-12T11:27:27.707-08:00",
    "UserRole": null,
    "MarkedAsAnswerDate": null
  }
]