[
  {
    "Id": "24722",
    "Title": "Contributing to TicketDesk",
    "LatestDate": "2008-03-25T22:40:08.097-07:00"
  },
  {
    "Id": "26573",
    "Title": "scrollbars in asp:textbox fields",
    "LatestDate": "2008-05-19T21:33:08.51-07:00"
  },
  {
    "Id": "27820",
    "Title": "Reports",
    "LatestDate": "2008-05-18T01:44:53.047-07:00"
  },
  {
    "Id": "28825",
    "Title": "Has any opened TicketDesk with Visual Web Dev Express?",
    "LatestDate": "2008-06-05T21:10:49.213-07:00"
  },
  {
    "Id": "32159",
    "Title": "AD Security",
    "LatestDate": "2008-07-30T21:40:03.297-07:00"
  },
  {
    "Id": "33863",
    "Title": "Users able to see other user tickets",
    "LatestDate": "2008-12-20T14:26:36.837-08:00"
  },
  {
    "Id": "47225",
    "Title": "Why is TicketDesk.csproj_deploy(unavailable)",
    "LatestDate": "2009-02-16T09:56:53.553-08:00"
  },
  {
    "Id": "47230",
    "Title": "Error when loggon on as Admin and click Administration Link",
    "LatestDate": "2009-02-16T11:36:30.827-08:00"
  },
  {
    "Id": "47513",
    "Title": "How to include more than one AD Group",
    "LatestDate": "2009-02-18T13:26:20.577-08:00"
  },
  {
    "Id": "47921",
    "Title": "RSS",
    "LatestDate": "2009-02-19T12:57:43.403-08:00"
  },
  {
    "Id": "48033",
    "Title": "Ticket query links",
    "LatestDate": "2009-02-20T14:15:13.973-08:00"
  },
  {
    "Id": "48103",
    "Title": "Ability to restrict user creation to admin users only.",
    "LatestDate": "2009-02-21T16:10:27.19-08:00"
  },
  {
    "Id": "48669",
    "Title": "Ticket search",
    "LatestDate": "2009-02-26T18:40:11.74-08:00"
  },
  {
    "Id": "49092",
    "Title": "Email Notifications",
    "LatestDate": "2011-09-21T14:47:37.2-07:00"
  },
  {
    "Id": "49337",
    "Title": "RSS Feed 404",
    "LatestDate": "2009-03-07T01:33:07.75-08:00"
  },
  {
    "Id": "49529",
    "Title": "Date Format",
    "LatestDate": "2009-03-09T15:34:57.513-07:00"
  },
  {
    "Id": "50407",
    "Title": "Localization in another language?",
    "LatestDate": "2009-03-16T23:12:18.297-07:00"
  },
  {
    "Id": "50855",
    "Title": "mobile device submit error",
    "LatestDate": "2009-03-23T20:58:01.247-07:00"
  },
  {
    "Id": "51496",
    "Title": "Email Notification",
    "LatestDate": "2009-05-12T09:11:27.89-07:00"
  },
  {
    "Id": "51570",
    "Title": "Ticketdesk Does not work on blackberry ",
    "LatestDate": "2009-03-27T20:00:42.983-07:00"
  },
  {
    "Id": "51668",
    "Title": "Email Notification",
    "LatestDate": "2009-03-29T21:33:10.213-07:00"
  },
  {
    "Id": "52389",
    "Title": "Filtering Disabled AD Accounts",
    "LatestDate": "2009-04-06T11:57:39.29-07:00"
  },
  {
    "Id": "55061",
    "Title": "The TicketDesk website is SLOW!",
    "LatestDate": "2009-05-03T20:24:11.403-07:00"
  },
  {
    "Id": "55631",
    "Title": "Request for Sub-Categories(list) under Categories ?",
    "LatestDate": "2009-05-08T23:52:47.767-07:00"
  },
  {
    "Id": "55968",
    "Title": "page times out. Not taking multiple requests.",
    "LatestDate": "2009-08-29T11:37:29.043-07:00"
  },
  {
    "Id": "56566",
    "Title": "Extra feature ideas",
    "LatestDate": "2009-06-02T01:10:03.727-07:00"
  },
  {
    "Id": "56611",
    "Title": "Adding extra fields to the application?",
    "LatestDate": "2009-05-17T23:40:04.47-07:00"
  },
  {
    "Id": "56822",
    "Title": "1.3 Release?",
    "LatestDate": "2009-09-02T08:41:07.44-07:00"
  },
  {
    "Id": "58448",
    "Title": "Urgent: Escalations?",
    "LatestDate": "2009-06-04T13:06:56.943-07:00"
  },
  {
    "Id": "61336",
    "Title": "List View Settings",
    "LatestDate": "2009-07-13T12:36:17.397-07:00"
  },
  {
    "Id": "62219",
    "Title": "Running in Medium Trust",
    "LatestDate": "2009-07-13T12:45:27.663-07:00"
  },
  {
    "Id": "63019",
    "Title": "Changing Skin for Ticket Desk",
    "LatestDate": "2009-07-21T07:52:17.84-07:00"
  },
  {
    "Id": "66336",
    "Title": "Default Users and Roles not in installation script",
    "LatestDate": "2009-08-19T12:01:34.84-07:00"
  },
  {
    "Id": "66466",
    "Title": "changing list view text",
    "LatestDate": "2009-08-21T08:45:20.743-07:00"
  },
  {
    "Id": "67816",
    "Title": "TicketDesk 2.0 MVC - Alpha Demo",
    "LatestDate": "2010-02-01T03:22:38.467-08:00"
  },
  {
    "Id": "69164",
    "Title": "Error submitting new tickets",
    "LatestDate": "2009-09-17T15:50:24.803-07:00"
  },
  {
    "Id": "69279",
    "Title": "CKEditor 3.0 ?",
    "LatestDate": "2009-09-18T09:15:11.717-07:00"
  },
  {
    "Id": "69626",
    "Title": "Open on behalf of doesn't email user",
    "LatestDate": "2009-09-25T13:29:37.327-07:00"
  },
  {
    "Id": "72767",
    "Title": "Mail Error",
    "LatestDate": "2009-11-24T05:25:45.44-08:00"
  },
  {
    "Id": "73418",
    "Title": "SQL Exception",
    "LatestDate": "2009-10-28T22:09:31.757-07:00"
  },
  {
    "Id": "74793",
    "Title": "Time Zones",
    "LatestDate": "2009-11-12T10:54:28.99-08:00"
  },
  {
    "Id": "77069",
    "Title": "Installation Walkthrough",
    "LatestDate": "2011-04-20T11:28:01.57-07:00"
  },
  {
    "Id": "77348",
    "Title": "Ticket Desk -Windows Azure Problem",
    "LatestDate": "2009-12-07T07:41:44.227-08:00"
  },
  {
    "Id": "79219",
    "Title": "Weird issue responding to tickets",
    "LatestDate": "2009-12-28T16:27:44.203-08:00"
  },
  {
    "Id": "82830",
    "Title": "Ticket Desk - windows server 2003 problem",
    "LatestDate": "2010-02-02T09:30:41.853-08:00"
  },
  {
    "Id": "82908",
    "Title": "Screenshots of Version 1.2.3",
    "LatestDate": "2010-04-19T05:51:45.817-07:00"
  },
  {
    "Id": "207703",
    "Title": "Roles are not defined correctly",
    "LatestDate": "2010-03-29T14:35:19.483-07:00"
  },
  {
    "Id": "212871",
    "Title": "error on submit",
    "LatestDate": "2010-05-17T05:49:59.11-07:00"
  },
  {
    "Id": "212886",
    "Title": "Resolved",
    "LatestDate": "2010-05-18T04:32:51.357-07:00"
  },
  {
    "Id": "212931",
    "Title": "only \"partial\" authentication using another sqlmembershipprovider",
    "LatestDate": "2010-05-19T07:50:35.66-07:00"
  },
  {
    "Id": "213654",
    "Title": "Can't log onto TicketDesk DB attached to SQL Server 2008",
    "LatestDate": "2010-05-25T14:04:59.137-07:00"
  },
  {
    "Id": "213943",
    "Title": "Error after logon: Incorrect syntax near ','",
    "LatestDate": "2010-05-26T12:55:55.037-07:00"
  },
  {
    "Id": "214972",
    "Title": "Affects Customer(s)",
    "LatestDate": "2010-06-04T14:02:53.197-07:00"
  },
  {
    "Id": "227329",
    "Title": "localisation ",
    "LatestDate": "2011-03-30T13:06:02.363-07:00"
  },
  {
    "Id": "229131",
    "Title": "Unable to login",
    "LatestDate": "2010-10-01T06:39:23.3-07:00"
  },
  {
    "Id": "234727",
    "Title": "News on Version 2.0 - with ongoing updates ",
    "LatestDate": "2011-01-04T16:26:39.54-08:00"
  },
  {
    "Id": "236423",
    "Title": "Any input on the home page for the packaged 2.0 release?",
    "LatestDate": "2010-11-29T11:31:08.807-08:00"
  },
  {
    "Id": "240937",
    "Title": "TicketDesk 2.x Ongoing Development Updates",
    "LatestDate": "2011-01-16T01:41:40.567-08:00"
  },
  {
    "Id": "245013",
    "Title": "Possible missing Dll's with current deployment.",
    "LatestDate": "2011-02-08T08:56:30.407-08:00"
  },
  {
    "Id": "249873",
    "Title": "Help with Install",
    "LatestDate": "2011-03-15T23:03:27.563-07:00"
  },
  {
    "Id": "250185",
    "Title": "adding email input functionality",
    "LatestDate": "2015-09-16T19:20:14.593-07:00"
  },
  {
    "Id": "252058",
    "Title": "Reports",
    "LatestDate": "2011-04-01T08:24:21.297-07:00"
  },
  {
    "Id": "252549",
    "Title": "How to add new role and giving them some rights",
    "LatestDate": "2011-04-07T07:03:02.237-07:00"
  },
  {
    "Id": "252551",
    "Title": "Install Errors",
    "LatestDate": "2011-07-29T14:44:03.467-07:00"
  },
  {
    "Id": "254303",
    "Title": "Application Pool Stops",
    "LatestDate": "2011-04-18T23:59:01.413-07:00"
  },
  {
    "Id": "254315",
    "Title": "File Attachments",
    "LatestDate": "2011-04-18T11:53:31.36-07:00"
  },
  {
    "Id": "255467",
    "Title": "Release",
    "LatestDate": "2011-05-02T12:58:47.077-07:00"
  },
  {
    "Id": "255981",
    "Title": "Getting Error in Preview button click",
    "LatestDate": "2011-05-02T09:13:20.223-07:00"
  },
  {
    "Id": "256125",
    "Title": "How to check two filter columns with \"OR\" operator",
    "LatestDate": "2011-05-03T22:50:59.94-07:00"
  },
  {
    "Id": "257886",
    "Title": "How to pass items per page as per user selection",
    "LatestDate": "2011-05-17T16:19:27.157-07:00"
  },
  {
    "Id": "259297",
    "Title": "The underlying provider failed on Open.",
    "LatestDate": "2011-05-27T10:34:00.37-07:00"
  },
  {
    "Id": "261782",
    "Title": "TicketDesk using DNN Login and Roles",
    "LatestDate": "2011-06-17T08:13:34.74-07:00"
  },
  {
    "Id": "263239",
    "Title": "using Html.Action() with MefControllerFactory",
    "LatestDate": "2011-06-29T10:37:43.84-07:00"
  },
  {
    "Id": "266773",
    "Title": "Reports",
    "LatestDate": "2011-07-27T14:06:15.36-07:00"
  },
  {
    "Id": "268217",
    "Title": "Cant upload .docx files",
    "LatestDate": "2011-08-08T23:27:16.543-07:00"
  },
  {
    "Id": "270583",
    "Title": "Error trying to get TD to run using AD security",
    "LatestDate": "2011-08-30T12:12:59.913-07:00"
  },
  {
    "Id": "272017",
    "Title": "TicketDesk Has Converted to Mercurial Source Control",
    "LatestDate": "2011-09-09T00:33:03.123-07:00"
  },
  {
    "Id": "272606",
    "Title": "Local Server LInk",
    "LatestDate": "2011-09-19T13:20:36.283-07:00"
  },
  {
    "Id": "274352",
    "Title": "_ticket.TicketComments not displaying comment for the ticket",
    "LatestDate": "2011-09-30T11:25:46.39-07:00"
  },
  {
    "Id": "285221",
    "Title": "error",
    "LatestDate": "2012-01-06T08:33:24.31-08:00"
  },
  {
    "Id": "286153",
    "Title": "Error sending email",
    "LatestDate": "2013-09-07T21:59:01.143-07:00"
  },
  {
    "Id": "287525",
    "Title": "New Users and changes in DB disappear",
    "LatestDate": "2012-01-26T09:55:07.52-08:00"
  },
  {
    "Id": "292061",
    "Title": "Use of AD security and TicketSecurity concurrently",
    "LatestDate": "2012-02-04T01:07:50.877-08:00"
  },
  {
    "Id": "292066",
    "Title": "Help Staff only see tickets they have created or been assigned?",
    "LatestDate": "2012-02-04T19:23:33.623-08:00"
  },
  {
    "Id": "346398",
    "Title": "Email Settings over Production Server",
    "LatestDate": "2012-02-28T09:27:53.143-08:00"
  },
  {
    "Id": "349529",
    "Title": "Install Error",
    "LatestDate": "2012-03-23T14:02:23.327-07:00"
  },
  {
    "Id": "354612",
    "Title": "Unable to deploy in server. Please give me solution ASAP",
    "LatestDate": "2012-05-07T11:39:58.15-07:00"
  },
  {
    "Id": "354868",
    "Title": "Need to correct my Connection string.",
    "LatestDate": "2012-05-07T22:30:15.807-07:00"
  },
  {
    "Id": "358367",
    "Title": "Auto Assign Tickets",
    "LatestDate": "2012-06-05T10:06:21.197-07:00"
  },
  {
    "Id": "358689",
    "Title": "Approvals.",
    "LatestDate": "2012-06-19T04:24:04.947-07:00"
  },
  {
    "Id": "361354",
    "Title": "How to hide All Open Tickets Tab only for submitter group",
    "LatestDate": "2014-01-14T06:21:58.323-08:00"
  },
  {
    "Id": "362476",
    "Title": "TicketDesk doesn't allow group Domain Users on submitter group to create a ticket",
    "LatestDate": "2012-07-09T00:19:53.33-07:00"
  },
  {
    "Id": "368100",
    "Title": "Resolving and Closing Tickets",
    "LatestDate": "2012-07-14T13:50:12.733-07:00"
  },
  {
    "Id": "398949",
    "Title": "HTTP Error 500.19 - Internal Server Error",
    "LatestDate": "2012-10-11T04:43:13.333-07:00"
  },
  {
    "Id": "399265",
    "Title": "Management Menu where are they defined?",
    "LatestDate": "2012-10-16T12:46:15.23-07:00"
  },
  {
    "Id": "431041",
    "Title": "TicketDesk 2.1 - Script refresh issues reported",
    "LatestDate": "2013-01-29T01:18:41.5-08:00"
  },
  {
    "Id": "436365",
    "Title": "New to MVC and TicketDesk",
    "LatestDate": "2013-03-18T12:21:17.71-07:00"
  },
  {
    "Id": "443727",
    "Title": "New to TicketDesk - Installation problem",
    "LatestDate": "2013-05-15T14:04:07.133-07:00"
  },
  {
    "Id": "443735",
    "Title": "Filtering and Sorting",
    "LatestDate": "2013-05-15T14:55:30.323-07:00"
  },
  {
    "Id": "444601",
    "Title": "Integrated Security on Ticketdesk",
    "LatestDate": "2013-05-22T12:45:34.9-07:00"
  },
  {
    "Id": "445845",
    "Title": "Email Notifications not working on production",
    "LatestDate": "2013-06-03T08:59:07.56-07:00"
  },
  {
    "Id": "449765",
    "Title": "I added chat functionality ",
    "LatestDate": "2013-07-15T20:55:00.783-07:00"
  },
  {
    "Id": "450096",
    "Title": "Search is not getting result in the server",
    "LatestDate": "2013-07-15T15:22:04.273-07:00"
  },
  {
    "Id": "450858",
    "Title": "TicketDesk 3 - progress update",
    "LatestDate": "2014-08-13T09:46:17.043-07:00"
  },
  {
    "Id": "451725",
    "Title": "TicketDesk 3 Repository available on GitHub",
    "LatestDate": "2013-07-31T14:44:59.833-07:00"
  },
  {
    "Id": "452028",
    "Title": "switched codeplex repo to git",
    "LatestDate": "2013-07-31T14:42:53.207-07:00"
  },
  {
    "Id": "452709",
    "Title": "What happend with MEF?",
    "LatestDate": "2013-08-09T01:51:37.803-07:00"
  },
  {
    "Id": "453590",
    "Title": "Add a single field - Hours",
    "LatestDate": "2013-08-17T00:27:40.977-07:00"
  },
  {
    "Id": "453652",
    "Title": "Owner Drop Down",
    "LatestDate": "2013-08-16T23:21:55.263-07:00"
  },
  {
    "Id": "453719",
    "Title": "Assigning a task to user is not obvious",
    "LatestDate": "2013-08-19T06:39:25.463-07:00"
  },
  {
    "Id": "454132",
    "Title": "Custom Profile Properties",
    "LatestDate": "2013-08-21T14:03:54.8-07:00"
  },
  {
    "Id": "459841",
    "Title": "Localization",
    "LatestDate": "2014-01-27T01:13:06.233-08:00"
  },
  {
    "Id": "469033",
    "Title": "E-mail settings",
    "LatestDate": "2014-02-04T22:09:56.537-08:00"
  },
  {
    "Id": "476748",
    "Title": "Pop3 integration",
    "LatestDate": "2013-12-20T11:21:45.033-08:00"
  },
  {
    "Id": "501529",
    "Title": "Integration with SimpleMembership",
    "LatestDate": "2014-01-27T11:33:08.71-08:00"
  },
  {
    "Id": "540462",
    "Title": "Filtering the Ticket List in TicketCenterListViewModel",
    "LatestDate": "2014-03-28T11:54:14.867-07:00"
  },
  {
    "Id": "540697",
    "Title": "Survey",
    "LatestDate": "2014-04-02T09:27:05.907-07:00"
  },
  {
    "Id": "541129",
    "Title": "Error\t4\tThe command \"cd..TicketDesk-3\\TicketDesk.Web\\ weyland build\" exited with code 9009.\t",
    "LatestDate": "2014-04-04T10:04:17.647-07:00"
  },
  {
    "Id": "541423",
    "Title": "I will need to create db in SQL Server 2008R2 ",
    "LatestDate": "2014-04-07T11:06:04.9-07:00"
  },
  {
    "Id": "541552",
    "Title": "Could not find stored procedure 'dbo.aspnet_CheckSchemaVersion",
    "LatestDate": "2014-04-08T10:23:18.467-07:00"
  },
  {
    "Id": "544818",
    "Title": "Installing compiled solution problem",
    "LatestDate": "2014-05-12T03:53:16.793-07:00"
  },
  {
    "Id": "551162",
    "Title": "Ticketdesk Admin login unsuccessful",
    "LatestDate": "2014-07-11T10:06:07.653-07:00"
  },
  {
    "Id": "561998",
    "Title": "How can i edit About page i want to create my own about page can you please help",
    "LatestDate": "2014-08-26T06:06:23.467-07:00"
  },
  {
    "Id": "567842",
    "Title": "Email Notification not working",
    "LatestDate": "2014-09-19T09:30:39.157-07:00"
  },
  {
    "Id": "568179",
    "Title": "\"Value cannot be null\" error (using AD web.config)",
    "LatestDate": "2014-09-24T00:22:59.033-07:00"
  },
  {
    "Id": "569353",
    "Title": "Can't get new install of TicketDesk to work",
    "LatestDate": "2014-10-08T20:12:27.013-07:00"
  },
  {
    "Id": "569641",
    "Title": "Support few companies on the same TicketDesk / DB ",
    "LatestDate": "2014-11-01T10:19:36.163-07:00"
  },
  {
    "Id": "571050",
    "Title": "Adding a customer name in registratiion page",
    "LatestDate": "2014-11-01T10:12:07.35-07:00"
  },
  {
    "Id": "571128",
    "Title": "Add a New field in Registration Page",
    "LatestDate": "2014-11-03T09:16:32.033-08:00"
  },
  {
    "Id": "572765",
    "Title": "Setup problems...",
    "LatestDate": "2014-11-21T09:23:56.103-08:00"
  },
  {
    "Id": "575576",
    "Title": "Installation help, please",
    "LatestDate": "2014-12-16T13:51:57.277-08:00"
  },
  {
    "Id": "575845",
    "Title": "Active Directory security setup",
    "LatestDate": "2014-12-22T05:21:11.48-08:00"
  },
  {
    "Id": "576057",
    "Title": "User assignments",
    "LatestDate": "2014-12-22T07:45:26.15-08:00"
  },
  {
    "Id": "576062",
    "Title": "Email flow",
    "LatestDate": "2015-06-11T05:23:34.893-07:00"
  },
  {
    "Id": "576298",
    "Title": "Development Moved to GitHub",
    "LatestDate": "2014-12-28T13:13:59.207-08:00"
  },
  {
    "Id": "578180",
    "Title": "Delete a ticket",
    "LatestDate": "2015-01-23T06:28:23.7-08:00"
  },
  {
    "Id": "578576",
    "Title": "Ticket Desk Setup",
    "LatestDate": "2015-01-26T14:20:55.767-08:00"
  },
  {
    "Id": "578913",
    "Title": "SQL Instance error",
    "LatestDate": "2015-01-30T14:33:28.47-08:00"
  },
  {
    "Id": "579935",
    "Title": "AD Groups",
    "LatestDate": "2015-02-11T14:29:13.27-08:00"
  },
  {
    "Id": "580689",
    "Title": "When will the TicketDesk 2.5 source code will be released?",
    "LatestDate": "2015-02-23T11:29:38.843-08:00"
  },
  {
    "Id": "616446",
    "Title": "ERROR LOADING PRECOMPILED VERSION 2.1",
    "LatestDate": "2015-04-02T08:32:06.253-07:00"
  },
  {
    "Id": "627041",
    "Title": "TicketDesk 2.1 not working",
    "LatestDate": "2015-04-16T06:18:44.95-07:00"
  },
  {
    "Id": "631112",
    "Title": "System.Reflection.ReflectionTypeLoadException",
    "LatestDate": "2015-05-04T14:40:03.69-07:00"
  },
  {
    "Id": "631805",
    "Title": "Running into issue",
    "LatestDate": "2015-04-21T05:44:23.983-07:00"
  },
  {
    "Id": "636592",
    "Title": "Security.ExportAuthenticationModule",
    "LatestDate": "2015-05-03T12:46:12.223-07:00"
  },
  {
    "Id": "637330",
    "Title": "Is it possible to greate a ticket a guest?",
    "LatestDate": "2015-05-15T05:31:48.773-07:00"
  },
  {
    "Id": "637547",
    "Title": "Tutorial",
    "LatestDate": "2015-05-09T12:42:55.153-07:00"
  },
  {
    "Id": "637802",
    "Title": "Finish and Closing Tickets",
    "LatestDate": "2015-05-14T05:26:18.783-07:00"
  },
  {
    "Id": "638507",
    "Title": "How to change front-end tekst, logo, ect....",
    "LatestDate": "2015-05-21T03:30:45.283-07:00"
  },
  {
    "Id": "638513",
    "Title": "How to start project in local machine to enable edit?",
    "LatestDate": "2015-05-25T00:03:52.053-07:00"
  },
  {
    "Id": "638845",
    "Title": "SMS Alert for new ticket?",
    "LatestDate": "2015-05-29T10:30:10.237-07:00"
  },
  {
    "Id": "640202",
    "Title": "2.5 Release",
    "LatestDate": "2015-07-22T10:46:51.823-07:00"
  },
  {
    "Id": "640536",
    "Title": "Opinions wanted - default editor in TD 2.5",
    "LatestDate": "2015-06-28T00:49:50.69-07:00"
  },
  {
    "Id": "641065",
    "Title": "2.5 Configuration",
    "LatestDate": "2015-10-28T07:04:36.323-07:00"
  },
  {
    "Id": "645091",
    "Title": "Assign tickets to a group and not an induvidual",
    "LatestDate": "2017-02-14T11:11:01.057-08:00"
  },
  {
    "Id": "645886",
    "Title": "Email Notification",
    "LatestDate": "2015-10-08T10:15:21.183-07:00"
  },
  {
    "Id": "645938",
    "Title": "System.NullReferenceException error",
    "LatestDate": "2015-10-07T19:11:31.16-07:00"
  },
  {
    "Id": "646686",
    "Title": "initial setup",
    "LatestDate": "2015-11-12T11:27:27.707-08:00"
  },
  {
    "Id": "647772",
    "Title": "internet explorer vs chrome view",
    "LatestDate": "2015-11-19T06:50:34.423-08:00"
  },
  {
    "Id": "648202",
    "Title": "Install TicketDesk su IIS 7",
    "LatestDate": "2015-12-04T02:45:43.377-08:00"
  },
  {
    "Id": "648352",
    "Title": "error on \\tickets page",
    "LatestDate": "2015-12-10T16:49:10.277-08:00"
  },
  {
    "Id": "651561",
    "Title": "Problems with SMPT configuration to notification",
    "LatestDate": "2016-02-21T09:38:31.963-08:00"
  },
  {
    "Id": "651645",
    "Title": "User Guide",
    "LatestDate": "2016-02-22T18:53:38.803-08:00"
  },
  {
    "Id": "653301",
    "Title": "Getting error \"The virtual path '/' maps to another application, which is not allowed\"",
    "LatestDate": "2016-04-09T21:23:38.26-07:00"
  },
  {
    "Id": "653506",
    "Title": "SQL Server Connection problem",
    "LatestDate": "2016-04-14T22:18:06.35-07:00"
  },
  {
    "Id": "655158",
    "Title": "Installation Issue (2.1.4 Compiled)",
    "LatestDate": "2016-06-02T01:13:17.21-07:00"
  },
  {
    "Id": "660396",
    "Title": "is this project dead?",
    "LatestDate": "2016-12-29T10:36:50.467-08:00"
  }
]