[
  {
    "Id": "925160",
    "ThreadId": "398949",
    "Html": "\r\n<p>Hi all,</p>\r\n<p>I have a problem with the installation process. TicketDesk returns me a server error like this:</p>\r\n<h3>The requested page cannot be accessed because the related configuration data for the page is invalid.</h3>\r\n<p>In other discussions I read that the problem was a .NET version conflict or some similar but I have all configurated correctly.&nbsp;</p>\r\n<p>&iquest;Can you help me?</p>\r\n<p>Thanks for all!! &nbsp; =)</p>\r\n",
    "PostedDate": "2012-10-11T03:42:05.063-07:00",
    "UserRole": null,
    "MarkedAsAnswerDate": null
  },
  {
    "Id": "925181",
    "ThreadId": "398949",
    "Html": "<p>If I change:</p>\r\n<p>1. Change the settings in C:\\Windows\\System32\\inetsrv\\config\\applicationHost.config and changed the attributes to Allow for &lt;Section Name=handlers and also &lt;Section name=Module</p>\r\n<p>TicketDesk report me another error:</p>\r\n<h2>HTTP Error 403.14 - Forbidden</h2>\r\n<h3>The Web server is configured to not list the contents of this directory.&ccedil;</h3>\r\n<p>But I don't want to list the content; I want to show the main/index page</p>",
    "PostedDate": "2012-10-11T04:43:13.333-07:00",
    "UserRole": null,
    "MarkedAsAnswerDate": null
  }
]