[
  {
    "Id": "664052",
    "ThreadId": "270583",
    "Html": "\r\n<div style=\"color:black; background-color:white\">\r\n<pre>Getting a Value cannot be null exception when trying to run new installation of TD against our AD.  See the </pre>\r\n<pre>Line 3:      var controller = ViewContext.Controller as TicketDesk.Web.Client.Controllers.ApplicationController;\r\nLine 4:  \r\n<span style=\"color:#ff0000\">Line 5:      if (Request.IsAuthenticated &amp;&amp; controller != null &amp;&amp; controller.Security.IsInValidTdUserRole())\r\n</span>Line 6:      {\r\nLine 7:          using (Html.BeginForm(MVC.TicketSearch.Index(), FormMethod.Post, new { @class = &quot;searchArea&quot; }))\r\n</pre>\r\n</div>\r\n<p>Stack Trace:</p>\r\n<p>[ArgumentNullException: Value cannot be null.<br>\r\nParameter name: value]<br>\r\n&nbsp;&nbsp; System.Runtime.Caching.MemoryCacheEntry..ctor(String key, Object value, DateTimeOffset absExp, TimeSpan slidingExp, CacheItemPriority priority, Collection`1 dependencies, CacheEntryRemovedCallback removedCallback, MemoryCache cache) &#43;470<br>\r\n&nbsp;&nbsp; System.Runtime.Caching.MemoryCache.AddOrGetExistingInternal(String key, Object value, CacheItemPolicy policy) &#43;620<br>\r\n&nbsp;&nbsp; System.Runtime.Caching.ObjectCache.Add(String key, Object value, CacheItemPolicy policy, String regionName) &#43;25<br>\r\n&nbsp;&nbsp; TicketDesk.Domain.Services.AdSecurityCacheService.SetCache(ObjectCache cache, String key, Object value, CacheItemPolicy policy) in C:\\Projects\\Personal\\VS2010\\TicketDesk\\TicketDesk-2-branch\\TicketDesk.Domain\\Services\\AdSecurityCacheService.cs:142<br>\r\n&nbsp;&nbsp; TicketDesk.Domain.Services.AdSecurityCacheService.GetRoleMembers(String groupName) in C:\\Projects\\Personal\\VS2010\\TicketDesk\\TicketDesk-2-branch\\TicketDesk.Domain\\Services\\AdSecurityCacheService.cs:81<br>\r\n&nbsp;&nbsp; TicketDesk.Domain.Repositories.AdSecurityRepository.IsUserInRoleName(String userName, String roleName) in C:\\Projects\\Personal\\VS2010\\TicketDesk\\TicketDesk-2-branch\\TicketDesk.Domain\\Repositories\\AdSecurityRepository.cs:77<br>\r\n&nbsp;&nbsp; TicketDesk.Domain.Services.SecurityService.IsInValidTdUserRole() in C:\\Projects\\Personal\\VS2010\\TicketDesk\\TicketDesk-2-branch\\TicketDesk.Domain\\Services\\SecurityService.cs:304<br>\r\n&nbsp;&nbsp; ASP.views_shared_quickseach_ascx.__Render__control1(HtmlTextWriter __w, Control parameterContainer) in e:\\TicketDesk\\Views\\Shared\\QuickSeach.ascx:5<br>\r\n&nbsp;&nbsp; System.Web.UI.Control.RenderChildrenInternal(HtmlTextWriter writer, ICollection children) &#43;131<br>\r\n&nbsp;&nbsp; System.Web.UI.Control.RenderChildrenInternal(HtmlTextWriter writer, ICollection children) &#43;246<br>\r\n&nbsp;&nbsp; System.Web.Mvc.ViewPage.Render(HtmlTextWriter writer) &#43;85<br>\r\n&nbsp;&nbsp; System.Web.UI.Page.ProcessRequestMain(Boolean includeStagesBeforeAsyncPoint, Boolean includeStagesAfterAsyncPoint) &#43;4943</p>\r\n<p>Any help appreciated!</p>\r\n<p>Thanks!</p>\r\n<p>Lee</p>\r\n",
    "PostedDate": "2011-08-26T13:35:48.447-07:00",
    "UserRole": null,
    "MarkedAsAnswerDate": null
  },
  {
    "Id": "664176",
    "ThreadId": "270583",
    "Html": "<p>The most likely problem is that the web.config appSettings values are not correct for your environment (or are missing completely). It's hard to know for sure without more information though, but that seems a likely issue. The part of the code reporting the problem is working with caching the members of the the AD groups that TicketDesk is using. Beyond that, it's difficult to tell exactly what is null, but the odds are that the list of members fetched back from AD is empty for one or more of the groups TD is checking.</p>\r\n<p>This is, in a way, a bug. I have marked it to be fixed. But the solution in your case is to make sure TD has the right AD groups specified in web.config, and that the groups all contain at least one user account. &nbsp; &nbsp;</p>",
    "PostedDate": "2011-08-26T23:20:40.687-07:00",
    "UserRole": null,
    "MarkedAsAnswerDate": null
  },
  {
    "Id": "664828",
    "ThreadId": "270583",
    "Html": "<p>The AD groups are specified in the web.config and each group has multiple members.&nbsp; Any other ideas?&nbsp; I'll DL the source later today and see if I can pinpoint the problem.</p>\r\n<p>Thanks,</p>\r\n<p>Lee</p>",
    "PostedDate": "2011-08-29T06:44:13.047-07:00",
    "UserRole": null,
    "MarkedAsAnswerDate": null
  },
  {
    "Id": "665452",
    "ThreadId": "270583",
    "Html": "<p>i have no other ideas. With that stack trace the only clear cause I can see from an audit of the code is if the AD query returned zero users for one of the groups it was checking (but did not throw an error). I can't see any other unguarded openings for a null ref, though there could easily be something I'm not seeing from a simple code audit, and I don't have good unit tests for the AD repository (AD is not fun to mock for testing at that level). &nbsp;&nbsp;</p>",
    "PostedDate": "2011-08-30T12:12:59.913-07:00",
    "UserRole": null,
    "MarkedAsAnswerDate": null
  }
]