[
  {
    "Id": "168907",
    "ThreadId": "50407",
    "Html": "<span id=spBody>\r\n<p>Hi there,</p>\r\n<p>&nbsp;</p>\r\n<p>I have installed it and its working, looks great... I would like to\r\nhave it localized in spanish, is there a set procedure for doing this?</p>\r\n<p>&nbsp;</p>\r\n<p>Any ideas on where i would start would be great, the users that will\r\nbe reporting bugs to my application speak spanish only. So it would be\r\ngreat to be able to have it localized.</p>\r\n<p>&nbsp;</p>\r\n<p>I tried searching the forums but didn't find anything, maybe there\r\nis a set of files that exist already?? Satellite dlls or something??</p>\r\n<p>&nbsp;</p>\r\n<p>Any help really appreciated</p>\r\n<p>&nbsp;</p>\r\n<p>Thanks</p>\r\n<p>&nbsp;</p>\r\n<p>John</p>\r\n</span>\r\n",
    "PostedDate": "2009-03-16T22:55:20.72-07:00",
    "UserRole": null,
    "MarkedAsAnswerDate": null
  },
  {
    "Id": "168913",
    "ThreadId": "50407",
    "Html": "TicketDesk does not leverage any specific localization features of asp.net nor does it provide any of its own. <div><br></div><div>However, it is a fairly simple application and most of the hard-coded text is in the aspx, ascx and their associated code-behind files. Any developer reasonably familiar with asp.net localization could create a simple translated version for one target language fairly easily. </div><div><br></div><div>It would not be too difficult to go a step further and support true localization for multiple languages. </div><div><br></div><div>I did not do that myself in 1.x for a few different reasons:</div><div><ol id=false>    <li>I don't speak any other languages and I have very limited experience with localization.</li>    <li>Localization complicates the application. No single localization task is very difficult, but it adds up over the life of the project complicating everything along the way.   </li>    <li>Localization requires more formal testing than I was prepared to put into the project for version 1.x, especially considering I am not qualified to validate any language other than english myself.  </li>    <li>No one else has yet volunteered to contribute localization features to the project.</li></ol><div>Localization may be more formally supported in 2.x. </div><div><br></div><div><br></div></div>",
    "PostedDate": "2009-03-16T23:12:18.297-07:00",
    "UserRole": null,
    "MarkedAsAnswerDate": null
  }
]