[
  {
    "Id": "1347115",
    "ThreadId": "578913",
    "Html": "As in the instructions, I tried to name the SQL instance - v11.0 and I get an error. It says it does not following naming conventions - I guess the &quot;.&quot; is the problem. Any suggestions?\r<br />\nThanks<br />\n",
    "PostedDate": "2015-01-29T06:39:43.79-08:00",
    "UserRole": null,
    "MarkedAsAnswerDate": null
  },
  {
    "Id": "1347659",
    "ThreadId": "578913",
    "Html": "(LocalDB)\\V11.0 is the default instance name for SQL Express <strong>LocalDB</strong> Edition 2012, which is the standard developer version that comes with Visual Studio 2012 and 2013. <br />\n<br />\nNote that with LocalDB, the server name is an alias (LocalDb) and the instance name is pre-defined for you.<br />\n<br />\nIf you install SQL Express LocalDB Edition 2014, then the instance name would be (LocalDB)\\MSSQLLocalDB... because Microsoft's SQL team hates naming convention consistency. These aren't usually custom configurable names in LocalDB, though you can use the command line to custom create a different instance name... I have no idea why anyone would do that though. <br />\n<br />\nIf you are using a regular SQL Server or Express edition, you would just use whatever instance name you want (or no instance name), then just adjust the connection strings in web.config to match your particular server and instance name.<br />\n",
    "PostedDate": "2015-01-30T14:33:28.47-08:00",
    "UserRole": null,
    "MarkedAsAnswerDate": null
  }
]