[
  {
    "Id": "522107",
    "ThreadId": "234727",
    "Html": "\r\n<p>&nbsp;Knowing you only or mainly developed this app for personal use and have a fulltime job I just had to ask after not speaking with you in over a year if you had made any headway on version 2.0 ?</p>\r\n<p>&nbsp;Granted I know this is opensource and anyone with any GOOD prgramming knowledge can make adjustments to it at will, However I particularly am NOT a good programmer but do love good software that works well.&nbsp; Thats why I have been using this for\r\n almost 3 years now.</p>\r\n<p>&nbsp;If you have time. Please let us know what your plans or intentions are on Ticketdesk at the moment or if anyone else is reading this and has made any improvements themselves, I would like to hear about what others have done with it.</p>\r\n",
    "PostedDate": "2010-11-15T06:06:06.74-08:00",
    "UserRole": null,
    "MarkedAsAnswerDate": null
  },
  {
    "Id": "522263",
    "ThreadId": "234727",
    "Html": "\r\n<p>I'm still working on 2.0, though not as fast as I'd like to (what else is new eh?). There are now two branches of the project in source control here. One is for 1.x, and the other is a beta of 2.x. The 2.x branch is not quite fully featured enough for a\r\n packaged release though.</p>\r\n<p>The core of the back-end system is in good shape, and complete.</p>\r\n<p>The front end has working versions of the ticket center, new ticket, and ticket view/edit pages. The major missing front-end components are the admin tools and ticket search features.&nbsp;</p>\r\n<p>I'm working with the email notification features. The queue side of notifications is in place and working already. &nbsp;I'm putting together the outgoing notification system. That's going very well, but since I'm not using asp.net to generate the HTML body\r\n this time I'm having to write a new content generator for it.</p>\r\n<p>I'm unhappy with the UI in general. It works decent enough on desktop browsers, but the code and JQuery is more than a little sloppy. It does work decently enough though. I'll probably finish the remaining feature and create a release package before I come\r\n back through and do a whole front-end re-design though. When I do come back through for the re-design of the UI, I'll probably migrate it over to the newer razor view engine.&nbsp;</p>\r\n<p>Overall, I am trying for a workable release version before&nbsp;Christmas, and it still look promising that I'll be able to meet that timeline;&nbsp;but I also&nbsp;know better than to make any promises on that date too.&nbsp;&nbsp; &nbsp;&nbsp;</p>\r\n",
    "PostedDate": "2010-11-15T11:01:45.03-08:00",
    "UserRole": null,
    "MarkedAsAnswerDate": null
  },
  {
    "Id": "523657",
    "ThreadId": "234727",
    "Html": "\r\n<p>&nbsp;</p>\r\n<p>Update:</p>\r\n<p>The email sending features are falling into place now. I did find a decent way to get the MVC view engine to render the email body content (this time it will have both a text and html body for emails). I have to say, the MVC view engine is nice, but still\r\n has some tight coupling that makes it hard to use outside of a user request (a problem most other view engines don't have). The current source has the back-end functionality for sending emails, and a good start on the front-end content generation. &nbsp;I\r\n have not yet put it on a timer though (I won't do that until the code is nearly complete).</p>\r\n<p>I expect that I'll have the email system fully implemented within the week.&nbsp;</p>\r\n<p>&nbsp;</p>\r\n<p>My next major venture will likely be the AD system. Any of you who've used TD 1.x in AD environments are probably aware that performance is far slower than it is in SQL environments. First, I HATE AD. My HATE also HATES AD. The AD membership system doesn't\r\n quite expose enough functionality, so TD has a custom component that reads into AD for additional info (user display names and email addresses mainly). The TD 1.x system has a simple cache mechanism to take some of the pain out of the process, and that is\r\n what TD 2.x is currently using (in a modified form).&nbsp;</p>\r\n<p>The big problem though is that AD still takes forever to query, and it is still one of the worst all-around&nbsp;technologies I've ever encountered. To work around the performance issues, and also to keep the system from becoming unreliable should AD be\r\n unavailable, I plan to replace this entire mechanism with a much more aggressive cache mechanism.</p>\r\n<p>The new system will use a cache manager that runs in the background. It will query AD periodically for every value it might needs, and then store the fetched values in new tables in the SQL database. The rest of TicketDesk will use the cached AD data stored\r\n the SQL database, never directly&nbsp;requesting&nbsp;anything from AD.</p>\r\n<p>In theory, this should have comparable performance (from the end-user perspective) as a setup with pure SQL membership. &nbsp;</p>\r\n",
    "PostedDate": "2010-11-18T00:00:11.213-08:00",
    "UserRole": null,
    "MarkedAsAnswerDate": null
  },
  {
    "Id": "524920",
    "ThreadId": "234727",
    "Html": "\r\n<p>Update:</p>\r\n<p>I've finished the majority of the email system. HTML and PlainText content bodies will be sent. The timer automation is in place as well. For the current default dev environment the emails are setup to use the file system and &nbsp;drop to C:\\temp, but you\r\n should be able to setup web.config to use SMTP in web.config if you want to test that out too.</p>\r\n<p>Outlook is a bit of a problem. Even outlook 2010 still uses MS Word to render email content, and word really sucks at HTML... and not even a little bit.&nbsp;Unfortunately, many environments (mine included) are stuck with crippled HTML emails due to the\r\n reliance on outlook. I've created an outlook specific view template, but haven't fully re-designed around all the limitations of MS Word yet. You can set a flag in web.config if you want to enable the outlook template though.</p>\r\n<p>Right now, there are still some screen views you can use to render an HTML content body and plain text body for example purposes. The URLs for these are: ~/EmailTemplate/DisplayHtml &nbsp;and ~/EmailTemplate/DisplayText. Note that the plain text template\r\n is designed for a 75 character display, and uses word-wrapping and field truncation to contain the data to those widths. It isn't meant to be &quot;pretty&quot; really, just functional for the 5 places that still don't allow any HTML emails :P&nbsp;</p>\r\n<p>I also added ELMAH logging back. There is no GUI link to it, but the error logs should be at: ~<a href=\"http://localhost:2534/Admin/elmah.axd\">Admin/elmah.axd</a>&nbsp;if you are logged in as an admin user. This is only setup in the base web.config right\r\n now (I'll add it to the SQL and AD specific ones in the next few days.&nbsp;</p>\r\n<p>I plan to provide user-selectable email format options (including outlook specific HTML) once I have the admin tools in place. I will also provide the option for users to opt-out of email notifications.</p>\r\n<p>In a later release (after 2.0) I'll extend notifications to support RSS feeds and possibly SMS, twitter, etc. &nbsp;&nbsp;</p>\r\n<p>At any rate... email notifications as they are planned for 2.0 are functionally complete now (both the queuing and sending sides). All that remains is some final polishing.</p>\r\n<p>Enjoy!&nbsp;</p>\r\n",
    "PostedDate": "2010-11-21T05:02:07.967-08:00",
    "UserRole": null,
    "MarkedAsAnswerDate": null
  },
  {
    "Id": "525107",
    "ThreadId": "234727",
    "Html": "\r\n<p>Update:</p>\r\n<p>I managed to get the outlook specific email template to render something similar to the standard HTML template. It isn't as elegant, and I'm sure I left a bunch of CSS stuff in there that outlook just ignores. I've only tested with outlook 2010 so far too...\r\n so I can't be sure it displays as well in older versions (but the Word HTML rendering hasn't changed much in 2010).</p>\r\n<p>I've also wired up a temporary on-screen view for the template at: ~/EmailTemplate/DisplayOutlookHtml</p>\r\n<p>Of course, on-screen it will look slightly better than in actual outlook.</p>\r\n<p>This should conclude most of the email work for a while. I'll leave the controller actions for on-screen rendering in for a while though until I'm sure I'm about done with the development.</p>\r\n<p>I'll also have to clean up the database test data soon.</p>\r\n<p>Now I'll be moving on to the AD issues.... might take a while though, but I should have plenty of time to work on it over the holiday weekend. &nbsp; &nbsp;</p>\r\n<p>&nbsp;</p>\r\n",
    "PostedDate": "2010-11-21T17:25:28.567-08:00",
    "UserRole": null,
    "MarkedAsAnswerDate": null
  },
  {
    "Id": "526288",
    "ThreadId": "234727",
    "Html": "\r\n<p>Update:</p>\r\n<p>I've fixed a problem with the WMD editor that only appears to affect newer releases of Google's Chrome browser.&nbsp;</p>\r\n<p>I've also just checked in the first revision of the new AD cache system. It has NOT been fully tested yet, so don't expect too much if you pull and run the latest source.</p>\r\n<p>The cache system does NOT deal with the user passwords or authentication; the cache system ONLY deals with the list of usernames for each of the AD groups that TicketDesk is using (for use in dropdown lists) and the users' display name and email address.\r\n TicketDesk relies on the operating system for the true &quot;security&quot; features of AD (authenticating users). But the windows security mechanisms do not provide TicketDesk with access to additional information from AD that it needs, such as the user's &quot;friendly\r\n display name&quot; and the user's email address. Additionally, the built-in security systems do not provide a way for the system to get a list of all users in an AD group.</p>\r\n<p>Because of these limits, TicketDesk (including 1.x) has always used a direct connection to AD to fetch these additional details. That's what those AD credentials in web.config are needed for. TicketDesk needs the list of users in each AD group so it can\r\n generate certain dropdown lists (the filters in ticketcenter, assigned to and owned by lists, etc.). TicketDesk also needs the email address for use in notificaitons, and it needs the user's display name so it can show a friendly names for each user in place\r\n of the ugly AD account names.</p>\r\n<p>Unfortunately, AD is not exactly a high-performance database and ticketdesk often needs to pull quite a bit of AD data for use on screen (especially in ticketcenter where it has a lot of different names to display). TicketDesk's perforamcne suffers severely\r\n when it has to talk to AD. To mitigate that, it has always used an in-memory cache. But when the cache is empty, or has been dumped, it has to fall back on reading from AD again... resulting delays for the users.</p>\r\n<p>The new cache mechanism is an aggressive mechanism designed to keep the user experience from being affected by reads from AD. The basic idea of the new cache system is based on the following:</p>\r\n<ul>\r\n<li>TicketDesk will store AD information in the local SQL database. This is a persistent cache. A background process in TD is responsible for reading from AD and keeping the SQL store updated from AD periodically. This periodic update doesn't have to occur\r\n very frequently since AD information tends not to change often. This background process is the ONLY part of ticketdesk that ever talks to AD.\r\n</li><li>All other parts of TicketDesk rely on a cache service to get at the user data. When data is needed, the cache system will fetch it from the SQL persistent cache. If the data is NOT in the SQL store, it will just not be available to TicketDesk until the\r\n background process runs another refresh cycle. If the data is in the SQL store, the cache service will then add it to an in-memory cache so that future requests can be serviced without talking to SQL.\r\n</li><li>The in-memory cache is cleared by the background process when it updates the SQL store from AD.&nbsp;&nbsp;\r\n</li></ul>\r\n<p>The overall result should be that TD will perform very well from a user perspective. The drawback is that changes in AD can take a while to show up in TicketDesk.</p>\r\n<p>I will be testing the new system over the next few days in a real AD environment to work out any bugs or problems. &nbsp;&nbsp;</p>\r\n<p>&nbsp;</p>\r\n",
    "PostedDate": "2010-11-24T00:53:27.917-08:00",
    "UserRole": null,
    "MarkedAsAnswerDate": null
  },
  {
    "Id": "527740",
    "ThreadId": "234727",
    "Html": "\r\n<p>Update:</p>\r\n<p>Today is a big(ish) day for for TicketDesk 2.0. I've just checked in a major update that adds search back to the app. This time, I'm using Lucene.net for&nbsp;full text indexing and search.</p>\r\n<p style=\"padding-left:30px\"><em>RANT: </em></p>\r\n<p style=\"padding-left:30px\"><em>I'm not particularly experienced with Lucene, nor the .NET port so this has been quite an experience for me. The core of Lucene is quite amazing in terms of capability, performance, etc. It is one of the most powerful indexing\r\n and search libraries available. However; the .NET port of lucene is also one of the most frustratingly annoying I've ever encountered too. Fist of all, the .NET version is a minimal and raw port from the Java implementation. Worse, the Lucene API's public\r\n facade is changed more often than I change my underwear. So, every version introduces radically different APIs. This means that any code samples you find for how to use it are probably referring not only to methods that don't exist anymore, but possibly even\r\n to entire sub-systems that don't exist, were moved, or whose behavior is radically different. The actual documentation itself is also some of the worst I've ever seen. Very little is actually described in the documentation, and none of it gives practical examples.\r\n The handful of too-simple &quot;demo&quot; apps that ship with it are horribly broken. And even worse, the release builds are WAY behind the actual current source versions too.</em></p>\r\n<p style=\"padding-left:30px\"><em>I think the part that bothers me the most is that a lot of the people doing the .NET porting don't appear to actually know C# at a proficient level. They know Java, but when they port to C# they fail to take advantage of the\r\n appropriate .NET mechanisms.</em></p>\r\n<p style=\"padding-left:30px\"><em>Despite that though; Lucene.NET remains one of the best search systems available. This is because the real &quot;hard part&quot; is the deep internal&nbsp;algorithms; and lucene has nailed this stuff well. There are other .NET native\r\n search systems, but most are either incomplete or commercial.&nbsp;</em></p>\r\n<p>Ok, so in TicketDesk, I'm using Lucene.NET as best as I was able to figure out. I've pulled the newest source from SVN and compiled it against .NET 4.</p>\r\n<p>The system is setup to create a file system stored index. This is controlled (currently) by a web.config appSetting. You can change the value there to &quot;ram&quot; if you want to do all the indexing in-memory. This is viable for small environments, or development,\r\n but I recommend using the file system for production deployements. &nbsp;Asp.net will need read/write access to the folder where you store the indexes.</p>\r\n<p>The back-end framework will re-build the entire index on application startup (runs as a background thread, so it shouldn't prevent users from working in the system while the index is built-up). As tickets are changed, the index is updated on-the-fly; but\r\n again on a background thread. Changes in tickets should be reflected in searches within a few seconds of being saved.&nbsp;</p>\r\n<p>The ticket's title, tags, details, and text from all comments are included in the index. I've done some work to prioritize the fields a little. Open tickets will get a boost, and should bubble up to the top of most searches. Tags and titles get more emphasis\r\n than the details text, while comment text is slightly de-emphasized. The actual weights I've used are probably horribly in-effective though so they may need some tweaking. &nbsp;</p>\r\n<p>On the front-end, the search is implemented as a simple &quot;search&quot; box at the top of the page. There is no longer a deticated &quot;search&quot; section of the&nbsp;application&nbsp;like there was in TicketDesk 1.x. There are also no complex filters and such either.\r\n Just type what you are looking for and Lucene will do what it can to find the best matches.</p>\r\n<p>One thing missing from search currently are &quot;people&quot;. You can't search for user's names. This is because the system doesn't store the display names for users in a way that search can easily leverage. I'll be looking at enhancing that in a later release,\r\n but if you need to view tickets for a particular user currently you'll have to use the ticketcenter's filters and do an eye-ball search.</p>\r\n<p>If you are familiar with lucene search syntax, you can do a lot of really advanced stuff. For example &quot;tags:mytag&quot; will search ONLY for tickets whose tag field is &quot;mytag&quot;. You can also do wildcards * and ?, and the system supports operators (and/or). And\r\n there are fuzzy searches by appending &quot;~&quot; to the end of a search term.&nbsp;</p>\r\n<p>Unless there are problems with the search system, I'm probably done coding in this area for this immediate release.</p>\r\n<p>&nbsp;</p>\r\n<p>My next projects are enabling multi-column sorting in TicketCenter, Admin tools, and some back-end&nbsp;architectural&nbsp;fix-ups. &nbsp;&nbsp;</p>\r\n<p>&nbsp;</p>\r\n<p>&nbsp;</p>\r\n<p>&nbsp;</p>\r\n",
    "PostedDate": "2010-11-27T14:31:45.197-08:00",
    "UserRole": null,
    "MarkedAsAnswerDate": null
  },
  {
    "Id": "527831",
    "ThreadId": "234727",
    "Html": "\r\n<p>Update:</p>\r\n<p>Ok, now I'm (hopefully) done with search for a while. I found a number of bugs and performance deficiencies during live testing in my company's live instance. Mostly the problems were not apparent until the system ran into larger databases (we have upwards\r\n of 10k tickets in there now).</p>\r\n<p>I've also discovered that the advanced query syntax doesn't quite work. You can do the field filters (example: &quot;tags:mytag&quot;) but the wildcards and other features don't appear to work with the kind of query object I'm using. I'll take a closer look at that\r\n for a later release. &nbsp;</p>\r\n",
    "PostedDate": "2010-11-28T01:28:05.13-08:00",
    "UserRole": null,
    "MarkedAsAnswerDate": null
  },
  {
    "Id": "528415",
    "ThreadId": "234727",
    "Html": "\r\n<p>Update:</p>\r\n<p>Added Multi-Column Sorting back to TicketCenter.</p>\r\n<p>Multi-column sorts were either ignored, or loved in the previous versions of TicketDesk. Most people just ignored them, but some people lived by them. In adding it back, I wanted an unobtrusive way to handle it in the UI, instead of some complex pop-up sort\r\n configurator. So in TicketDesk 2, the new mechanism is based on a simple click vs. shift&#43;click action link in the header.</p>\r\n<ul>\r\n<li>Click an unsorted column's header to sort by that column (will remove other sorts).\r\n</li><li>Click a sorted column's header to change the sort direction (will not remove other sorts).\r\n</li><li>Shift&#43;Click an unsorted column's header to add that column to the sort </li><li>Shift&#43;Click a sorted column's header to remove that column from the sort (will not remove the last sort column though, at least one sort column is required)\r\n</li></ul>\r\n<p>By using this simple pattern, any sort is possible. To assist in creating multi-sorts, column headers now also flag the order of the column in the sort chain with a simple numeric superscript along with the up/down arrow to show sort direction. A title element\r\n will pop-up simple instructions about the shift&#43;click alternative.&nbsp;</p>\r\n<p>For users that don't care about multi-sort, the standard click-to-sort behavior will function as it does in just about web app on the planet, producing the expected single column sorting each time. More advanced users that actually care about multi-sort\r\n can hopefully figure out how it works for themselves without too much trouble.&nbsp;</p>\r\n<p>&nbsp;</p>\r\n<p>&nbsp;</p>\r\n",
    "PostedDate": "2010-11-29T11:17:38.43-08:00",
    "UserRole": null,
    "MarkedAsAnswerDate": null
  },
  {
    "Id": "531207",
    "ThreadId": "234727",
    "Html": "\r\n<p>Update:</p>\r\n<p>Today's check-in is mostly about getting the admin tools in place. I've created an admin area that contains the admin home page, link to ELMAH logs, application settings section, and email diagnostics section.</p>\r\n<p>The user management tools are NOT in place yet.</p>\r\n<p>The Email Diagnostics section is basically the new home for the HTML body content generator for the notifications system. This admin page lets you preview how the the body contents will render from each of the templates (html, outlook html, and plain/text).\r\n It also contains a link that will manually invoke the email send routine; which is really only useful if you are working in development and have the email notifications disabled in application settings (notifications are still queued up even if the system\r\n is disabled, it just doesn't send the notifications out... this behavior may change in the future as I'm not sure that's the best design).</p>\r\n<p>The application setting section is an expanded version of the same section from TD 1x. In TD 1.x this only controlled content for the drop down lists (ticket type, category, and priority). In TD 2, this system now stores most of the configuration that was\r\n previously in web.config. These changes required a significant change in the Settings table in the database, and also requires that there be some &quot;seed&quot; data in the table to provide default values and descriptions.</p>\r\n<p>Web.config still has settings that control the overall behavior of the security mechanisms. The SqlRole/AdGroup to TDRole mappings are still required in web.config, as is the security mode (SQL or AD) setting. The system needs these values long before enough\r\n of the system is initialized to query the settings table in the DB. In AD environments, the AD domain and user account settings are also required. These will get refactored out of web.config (hopefully) in a future version after TD 2 is released. I plan to\r\n replace the simple role mappings with a full blown groups and permissions system down the road a bit, and at that time I'll pull these settings into the database where possible. &nbsp; &nbsp;&nbsp;</p>\r\n<p>The new admin tools aren't quite finished, and are rough around the edges a bit. The Application Settings in particularly is a tad &quot;minimalist&quot; in design. I plan to redesign this entire section in a later version when I switch the front-end over to a more\r\n formal MVVM design pattern. For the initial TD 2 roll-out though, this mechanism should be sufficient.</p>\r\n<p>I also fixed a couple moderate bugs that crept in recently. One was that adding attachments with new tickets broke the lucene search indexing. Another was a problem with the &quot;edit details&quot; action in ticket editior not correctly recording the &quot;before&quot; and\r\n &quot;after&quot; values for the changed properties.</p>\r\n<p>There were a few UI tweaks, nothing special aside from the TD 2 logo (my graphics skills are minimal, so don't be too disappointed)&nbsp;</p>\r\n",
    "PostedDate": "2010-12-04T13:37:51.62-08:00",
    "UserRole": null,
    "MarkedAsAnswerDate": null
  },
  {
    "Id": "531491",
    "ThreadId": "234727",
    "Html": "\r\n<p>Update:</p>\r\n<p>I've taken the time to clean up the databases a bit:</p>\r\n<ul>\r\n<li>Combined security and ticketdesk SQLExpress databases: The development project and default file-attached SQLExpress databases will use only a single SQL database for both security and ticketdesk objects now. This should simplify the default configuration\r\n of TicketDesk. There will still be&nbsp;separate&nbsp;connection strings in the web.config, but they will all point to the same database in the default distribution. Users will still be able to split their security and ticketdesk among two databases manually\r\n if they choose, and I'll document this before I package up the application for the final 2.0 release.\r\n</li><li>Re-created the 3 stock user accounts; toastman, admin, and otherstaffer. These demonstrate the three typical kinds of user in TicketDesk. I recommend, for production environments, that administrators reconfigure the membership provider to use encrypted\r\n passwords and setup a &nbsp;machine key in web.config. But for simplicity in the default distribution version, passwords are clear text.\r\n</li><li>Cleaned out all the tickets and related data from the stock SQLExpress database in app_data.\r\n</li><li>Created SQL scripts for users that want to do a fresh database setup themselves. Included are scripts for the TD objects, the asp.net security objects, and a script to generate the three stock user accounts. &nbsp; &nbsp; &nbsp;&nbsp;\r\n</li></ul>\r\n",
    "PostedDate": "2010-12-05T16:06:02.613-08:00",
    "UserRole": null,
    "MarkedAsAnswerDate": null
  },
  {
    "Id": "533239",
    "ThreadId": "234727",
    "Html": "\r\n<p>Update:</p>\r\n<p>Today's check-in adds the Security Management Admin section, and completes the User Management tools. In addition, the user registration page has finally been updated and brought in-sync with the admin tools.&nbsp;</p>\r\n<p>TicketDesk 2.0 now includes the ability for admins to create and delete users, as well as change user details, role assignments, and approval status. However, TD 2 will not support password retrieval out-of-the-box, nor can admins reset/change passwords\r\n via the UI (maybe in a later version).&nbsp;</p>\r\n<p>I also fixed/updated:</p>\r\n<ul>\r\n<li>A rendering problem with HTML and Outlook templates and the height of the details area.\r\n</li><li>Code blocks in details and comments of tickets </li><li>Wrong controller was rendering the admin home section's views </li><li>Hide security section when in AD security mode&nbsp; </li><li>Minor refactoring of Security Service and Security Repositories </li><li>General tweaks </li><li>New stock images for admin section </li><li>Fixed up the admin mini-nav side-bar&nbsp; </li></ul>\r\n",
    "PostedDate": "2010-12-08T22:17:19.593-08:00",
    "UserRole": null,
    "MarkedAsAnswerDate": null
  },
  {
    "Id": "535033",
    "ThreadId": "234727",
    "Html": "\r\n<p>Update:</p>\r\n<p>This check-in is mostly about trying to clean-up the UIs a little for workable cross-browser rendering. This is very much still a work in progress.</p>\r\n<p>The biggest change is that I've moved the ticket editor activities back to the middle of the screen (similar to where it was in TD 1.x). I liked having the side-bar activity area, but getting it to render and animate correctly cross browser just wasn't working\r\n out. So it's back where it used to be.&nbsp;</p>\r\n<p>I also switched back to the MarkItUp! editor for now. First of all, I needed to make sure that rendering still looked decent with the other editor; but also, I'm still having major problems with the WMD editor. I'm using the openlibrary version of WMD, but\r\n even still it has a lot of behavior annoyances that need to be tracked down and killed before it will be usable as a default editor. I have not yet put in the FCKEditor, PlainText editor, nor the configuration support for runtime editor switching... that might\r\n slip to version 2.1 though.</p>\r\n<p>While I was tweaking screen UIs, I also got more time to test the email rendering. To my disgust, outlook rendering continued to fail miserably. So I've done research on the &quot;rendering&quot; engine that Office 2007/2010 use (OMGWTF?!?! seriously?!?!?). I had\r\n to completely rebuild the UI for the outlook email template. The result is actually quite an excellent example of table layouts... excellent for 1997! I remember writing HTML exactly like that back in the day, yo!</p>\r\n<p>The other area of major work has been the attachment uploader. TD 2 is using a flash uploader, which works great for SQL environments... but wouldn't upload at all in my AD environment. Turns out that the major problem seems to be a flash issue with windows\r\n authentication. Failing to find a workable solution to authenticate the uploads in AD environments, I had to hack the controller so that it doesn't authenticate AT ALL for AD setups.</p>\r\n<p>I plan to add a non-flash uploader, and make the flash uploader a optional setting instead; but that's another feature that might slip to the 2.1 packaged release.</p>\r\n<p>Anyway, this check-in may still have some issues. I'm still ironing out and testing the UIs in multiple browsers; plus I &nbsp;made a lot of changes in areas where I don't have reliable unit testing (the views and javascript behaviors in particular)....\r\n so there could be some regressions this check-in. &nbsp;&nbsp;</p>\r\n",
    "PostedDate": "2010-12-13T07:40:39.28-08:00",
    "UserRole": null,
    "MarkedAsAnswerDate": null
  },
  {
    "Id": "535302",
    "ThreadId": "234727",
    "Html": "\r\n<p>Update:</p>\r\n<p>After continued problems with flash multi-uploader and AD security, I've replaced attachment uploading with a simplistic JQuery uploader. Keeps the same overall pattern of use, but works without flash, can authenticate correctly in AD, and is just plain\r\n simple.</p>\r\n<p>I also cleaned up some of the unused scripts from source. &nbsp;</p>\r\n",
    "PostedDate": "2010-12-13T19:15:23.097-08:00",
    "UserRole": null,
    "MarkedAsAnswerDate": null
  },
  {
    "Id": "535754",
    "ThreadId": "234727",
    "Html": "\r\n<p>&nbsp;Well after just coming back from vacation, I wanted to give you a shout and let you know I have been monitoring the emails coming in from all your updates.&nbsp; Sounds really nice so far stephen.&nbsp; And I have to agree on the one last note you\r\n made.&nbsp; SIMPLISTIC.. Thats what is sooooo attractive about this whole application is the simplicity of it.</p>\r\n<p>&nbsp;Although as noted before I am by far not a programmer and couldnt manipulate it the way you do if I had to, and hearing you change code in and out looking for what works best based on trial and analysis of real points of interst in each piece is quite\r\n intriguing alone.&nbsp; I can't wait till it's finished and we all start debugging it.&nbsp;</p>\r\n<p>&nbsp;I did not see however an upgrade path?&nbsp; I presume a clean install at this point will be best as the data structure has changed unless you have any insights into keeping the old data ?</p>\r\n",
    "PostedDate": "2010-12-14T12:00:50.267-08:00",
    "UserRole": null,
    "MarkedAsAnswerDate": null
  },
  {
    "Id": "536088",
    "ThreadId": "234727",
    "Html": "\r\n<p>An upgrade path is included. It should be rather simple too; just run one upgrade script against any TD 1.x database and you should be good to go on that end. For the web application, all you have to do is replace the old one with the new one.&nbsp;</p>\r\n<p>One thing I was very careful about with 2.x was keeping the number of database changes to a minimum. I had several features I'd planned for 2.0 that I cut from the release just because it would complicate the database more than I wanted and make upgrades\r\n difficult.</p>\r\n<p>In this at least, I was successful. It is possible to run both TD 1.x and TD 2.x against the same database concurrently... I'm doing that in our offices now for pre-release testing. I've upgraded our database using the upgrade script, and then left the old\r\n TD 1.x installation online. Our end-users still use the TD 1.x instance. Our help desk is beta-testing 2.x by using a separate instance of the TD 2.x web app. Both instances are using the same database. The only catch is that you have to disable email notifications\r\n in one instance or the other to prevent then both trying to send emails. This is possible largely because the changes to the database schema were very minor, and most of them are new features that only TD 2 needs.</p>\r\n<p>Part of the upgrade script that is very important is creating the default configuration values in the database. These are used by TD 2 instead of using settings in web.config; so after you upgrade the database from the script you need to verify go to the\r\n application settings admin tool and make sure everything is setup the way you want. The defaults are pretty sensible though.</p>\r\n<p>For releases after TD 2.0, I plan to have the system perform it's own database upgrades when it starts-up. I've added a version setting that the system can use to decide which upgrade scripts would be needed. So, when 2.1 is ready, all you have to do is\r\n deploy the web app and it should take care of the database all by itself. &nbsp; &nbsp;&nbsp;<br>\r\n<br>\r\n<br>\r\nNow... if I can just get IE to behave! &nbsp;</p>\r\n",
    "PostedDate": "2010-12-15T05:27:51.073-08:00",
    "UserRole": null,
    "MarkedAsAnswerDate": null
  },
  {
    "Id": "536936",
    "ThreadId": "234727",
    "Html": "\r\n<p>Update:</p>\r\n<p>I have managed to work out most of the IE rendering problems (I hope).</p>\r\n<p>I also modified the MarkItUp! editor to use a side-by-side layout for the preview windows. That should make better use of screen real-estate.&nbsp;</p>\r\n<p>I put the finishing touches on the last of the application settings that hadn't been implemented in 2.x yet (flags for submitter allowed to edit priority and submitter allowed to edit tags, and auto-assigning new user registrations to the submitters role).&nbsp;</p>\r\n<p>I've also removed the role editor admin tool (for now). With the new front-end for editing users, this mechanism didn't seem necessary. I will add it back in a later release though since it can sometimes be&nbsp;convenient; but I was also planning to overhaul\r\n the roles/permissions system in one of the 2.x follow-on releases anyway.&nbsp;&nbsp;</p>\r\n<p>&nbsp;</p>\r\n",
    "PostedDate": "2010-12-16T12:01:12.35-08:00",
    "UserRole": null,
    "MarkedAsAnswerDate": null
  },
  {
    "Id": "543851",
    "ThreadId": "234727",
    "Html": "\r\n<p>Update:</p>\r\n<p>I've started to put together the 2.0 documentation here on CodePlex. This is rough-draft right now, and far from complete, but I've already put up installation, configuration, and upgrade instructions.</p>\r\n<p>I'll be filling in the docs over the next several days. &nbsp;</p>\r\n",
    "PostedDate": "2011-01-04T10:49:37.293-08:00",
    "UserRole": null,
    "MarkedAsAnswerDate": null
  },
  {
    "Id": "544031",
    "ThreadId": "234727",
    "Html": "\r\n<p>I've release TicketDesk 2.0 in beta form, and completed most of the draft documentation.</p>\r\n<p>I'll continue work over the next several days until the product reaches a point where I'm comfortable creating a &quot;stable&quot; release. I will also be producing more documentation, screen-shots, etc.&nbsp;</p>\r\n<p>Thanks for all your support :)</p>\r\n<p>I'll create a new thread in the discussion board for future updates.&nbsp;</p>\r\n<p>&nbsp;</p>\r\n",
    "PostedDate": "2011-01-04T16:26:39.54-08:00",
    "UserRole": null,
    "MarkedAsAnswerDate": null
  }
]