[
  {
    "Id": "1474892",
    "ThreadId": "655158",
    "Html": "I am having an issue running/installing the compiled application.  I have it hosted on my discountasp.net account in a subdirectory.  the directory is set up as a web application.\r<br />\n<br />\nI have created tables /objects by running the scripts on my sql server 2008 db and configured the web.config with the appropriate connection string.  when i try to run the application i get a &quot;HTTP Error 403.14 - Forbidden\r<br />\nThe Web server is configured to not list the contents of this directory&quot; error.\r<br />\n<br />\nI have configured index.aspx &amp; default.aspx as the default document(s) for the website.  I do not have a global.asax file.\r<br />\n<br />\nany ideas where this gremlin may be?<br />\n",
    "PostedDate": "2016-06-02T00:49:24.81-07:00",
    "UserRole": null,
    "MarkedAsAnswerDate": null
  },
  {
    "Id": "1474896",
    "ThreadId": "655158",
    "Html": "Quite often, this is the result of there not being a default document defined in IIS for the site, but there are a lot of other potential causes; the application pool user might not have permission to access the files on the drive, etc. Also could be a mis-configured application pool, or an app pool that isn't set for the .NET 4.0 framework.\r<br />\n<br />\nIt isn't an issue specific to ticketdesk though, it is more a general IIS issue. You should be able to google around for that error and find lots of info; look for the one that most closely matches your specific environment's configuration. <br />\n",
    "PostedDate": "2016-06-02T01:13:17.21-07:00",
    "UserRole": null,
    "MarkedAsAnswerDate": null
  }
]