[
  {
    "Id": "1447518",
    "ThreadId": "645938",
    "Html": "Got null reference exception when browsing to <a href=\"http://ticketdesk2.azurewebsites.net/tickets\" rel=\"nofollow\">http://ticketdesk2.azurewebsites.net/tickets</a> \r<br />\n<br />\nuserid: <a href=\"mailto:yahoo@yahoo.com\r\npwd:\" rel=\"nofollow\">yahoo@yahoo.com\r\npwd:</a> 123456\r<br />\n<br />\nPlease advise.\r<br />\n<br />\nThanks\r<br />\n<br />\nKris\r<br />\n<br />\n<br />\nException message below..\r<br />\nServer Error in '/' Application.\r<br />\n<br />\nObject reference not set to an instance of an object.\r<br />\n<br />\nDescription: An unhandled exception occurred during the execution of the current web request. Please review the stack trace for more information about the error and where it originated in the code. \r<br />\n<br />\nException Details: System.NullReferenceException: Object reference not set to an instance of an object.\r<br />\n<br />\nSource Error: \r<br />\n<br />\nAn unhandled exception was generated during the execution of the current web request. Information regarding the origin and location of the exception can be identified using the exception stack trace below.\r<br />\n<br />\nStack Trace: \r<br />\n<br />\n<br />\n[NullReferenceException: Object reference not set to an instance of an object.]\r<br />\n   TicketDesk.Web.Client.Models.&lt;ListTicketsAsync&gt;d__13.MoveNext() +59\r<br />\n   System.Runtime.CompilerServices.TaskAwaiter.ThrowForNonSuccess(Task task) +99\r<br />\n   System.Runtime.CompilerServices.TaskAwaiter.HandleNonSuccessAndDebuggerNotification(Task task) +58\r<br />\n   TicketDesk.Web.Client.Models.&lt;GetViewModelAsync&gt;d__1.MoveNext() +827\r<br />\n   System.Runtime.CompilerServices.TaskAwaiter.ThrowForNonSuccess(Task task) +99\r<br />\n   System.Runtime.CompilerServices.TaskAwaiter.HandleNonSuccessAndDebuggerNotification(Task task) +58\r<br />\n   TicketDesk.Web.Client.Controllers.&lt;Index&gt;d__6.MoveNext() +265\r<br />\n   System.Runtime.CompilerServices.TaskAwaiter.ThrowForNonSuccess(Task task) +99\r<br />\n   System.Runtime.CompilerServices.TaskAwaiter.HandleNonSuccessAndDebuggerNotification(Task task) +58\r<br />\n   System.Web.Mvc.Async.TaskAsyncActionDescriptor.EndExecute(IAsyncResult asyncResult) +97\r<br />\n   System.Web.Mvc.Async.&lt;&gt;c__DisplayClass37.&lt;BeginInvokeAsynchronousActionMethod&gt;b__36(IAsyncResult asyncResult) +17\r<br />\n   System.Web.Mvc.Async.WrappedAsyncResult<code>1.CallEndDelegate(IAsyncResult asyncResult) +10\r<br />   System.Web.Mvc.Async.WrappedAsyncResultBase</code>1.End() +49\r<br />\n   System.Web.Mvc.Async.AsyncControllerActionInvoker.EndInvokeActionMethod(IAsyncResult asyncResult) +34\r<br />\n   System.Web.Mvc.Async.AsyncInvocationWithFilters.&lt;InvokeActionMethodFilterAsynchronouslyRecursive&gt;b__3d() +50\r<br />\n   System.Web.Mvc.Async.&lt;&gt;c__DisplayClass46.&lt;InvokeActionMethodFilterAsynchronouslyRecursive&gt;b__3f() +225\r<br />\n   System.Web.Mvc.Async.&lt;&gt;c__DisplayClass46.&lt;InvokeActionMethodFilterAsynchronouslyRecursive&gt;b__3f() +225\r<br />\n   System.Web.Mvc.Async.&lt;&gt;c__DisplayClass33.&lt;BeginInvokeActionMethodWithFilters&gt;b__32(IAsyncResult asyncResult) +10\r<br />\n   System.Web.Mvc.Async.WrappedAsyncResult<code>1.CallEndDelegate(IAsyncResult asyncResult) +10\r<br />   System.Web.Mvc.Async.WrappedAsyncResultBase</code>1.End() +49\r<br />\n   System.Web.Mvc.Async.AsyncControllerActionInvoker.EndInvokeActionMethodWithFilters(IAsyncResult asyncResult) +34\r<br />\n   System.Web.Mvc.Async.&lt;&gt;c__DisplayClass2b.&lt;BeginInvokeAction&gt;b__1c() +26\r<br />\n   System.Web.Mvc.Async.&lt;&gt;c__DisplayClass21.&lt;BeginInvokeAction&gt;b__1e(IAsyncResult asyncResult) +100\r<br />\n   System.Web.Mvc.Async.WrappedAsyncResult<code>1.CallEndDelegate(IAsyncResult asyncResult) +10\r<br />   System.Web.Mvc.Async.WrappedAsyncResultBase</code>1.End() +48\r<br />\n   System.Web.Mvc.Async.AsyncControllerActionInvoker.EndInvokeAction(IAsyncResult asyncResult) +27\r<br />\n   System.Web.Mvc.Controller.&lt;BeginExecuteCore&gt;b__1d(IAsyncResult asyncResult, ExecuteCoreState innerState) +13\r<br />\n   System.Web.Mvc.Async.WrappedAsyncVoid<code>1.CallEndDelegate(IAsyncResult asyncResult) +29\r<br />   System.Web.Mvc.Async.WrappedAsyncResultBase</code>1.End() +48\r<br />\n   System.Web.Mvc.Controller.EndExecuteCore(IAsyncResult asyncResult) +38\r<br />\n   System.Web.Mvc.Controller.&lt;BeginExecute&gt;b__15(IAsyncResult asyncResult, Controller controller) +12\r<br />\n   System.Web.Mvc.Async.WrappedAsyncVoid<code>1.CallEndDelegate(IAsyncResult asyncResult) +22\r<br />   System.Web.Mvc.Async.WrappedAsyncResultBase</code>1.End() +48\r<br />\n   System.Web.Mvc.Controller.EndExecute(IAsyncResult asyncResult) +28\r<br />\n   System.Web.Mvc.Controller.System.Web.Mvc.Async.IAsyncController.EndExecute(IAsyncResult asyncResult) +10\r<br />\n   System.Web.Mvc.MvcHandler.&lt;BeginProcessRequest&gt;b__5(IAsyncResult asyncResult, ProcessRequestState innerState) +21\r<br />\n   System.Web.Mvc.Async.WrappedAsyncVoid<code>1.CallEndDelegate(IAsyncResult asyncResult) +29\r<br />   System.Web.Mvc.Async.WrappedAsyncResultBase</code>1.End() +48\r<br />\n   System.Web.Mvc.MvcHandler.EndProcessRequest(IAsyncResult asyncResult) +45\r<br />\n   System.Web.Mvc.MvcHandler.System.Web.IHttpAsyncHandler.EndProcessRequest(IAsyncResult result) +9\r<br />\n   System.Web.CallHandlerExecutionStep.OnAsyncHandlerCompletion(IAsyncResult ar) +129<br />\n",
    "PostedDate": "2015-10-07T12:24:14.087-07:00",
    "UserRole": null,
    "MarkedAsAnswerDate": null
  },
  {
    "Id": "1447565",
    "ThreadId": "645938",
    "Html": "I've seen these before in the logs, and they always seem to be a transient issue. I've never reproduced one of these locally. The errors are usually, like this one, quite obtuse. As best as I have been able to figure out, I think these happen when the site is in demo mode and re-initializes --in which case it re-seeds the database. So far though, I've seen no evidence that the problem exists under normal operating conditions... but it is a point of concern I've been monitoring. <br />\n",
    "PostedDate": "2015-10-07T19:11:31.16-07:00",
    "UserRole": null,
    "MarkedAsAnswerDate": null
  }
]