[
  {
    "Id": "654570",
    "ThreadId": "268217",
    "Html": "\r\n<p>Hi,</p>\r\n<p>&nbsp;</p>\r\n<p>Have a problem with ticketdesk, Is it a known problem that you can upload files with file extension of more than 3 characters?</p>\r\n<p>&nbsp;</p>\r\n<p>Best regards Mats</p>\r\n",
    "PostedDate": "2011-08-08T07:58:43.64-07:00",
    "UserRole": null,
    "MarkedAsAnswerDate": null
  },
  {
    "Id": "654941",
    "ThreadId": "268217",
    "Html": "<p>What version of TicketDesk are you using? Can you give me more specifics about the problem; error messages, a description of how it behaves, etc.?&nbsp;</p>\r\n<p>As far as I am aware though, there are no problems related to the number of characters in the file extension.</p>\r\n<p>There was a bug with some older releases of TicketDesk 1.2.x with the mime types. Microsoft Office uses exceedingly crazy long mime types for the office files. For example, the word docx files have a mime-type of \"<em>application/vnd.openxmlformats-officedocument.</em><em>wordprocessingml.document</em>\". The table in the database where TicketDesk stores file attachments did not have enough room in the column where the mime type is recorded. This was fixed in <a href=\"http://ticketdesk.codeplex.com/SourceControl/changeset/changes/35462\">changeset&nbsp;35462</a>&nbsp;with a simple alter script. This was fixed in 1.2.3.</p>\r\n<p>&nbsp;</p>",
    "PostedDate": "2011-08-08T22:23:16.427-07:00",
    "UserRole": null,
    "MarkedAsAnswerDate": null
  },
  {
    "Id": "654952",
    "ThreadId": "268217",
    "Html": "<p>That was the problem. Thanks stephen you rock.</p>\r\n<p>Awesome to get that to work. Many many thanx.</p>\r\n<p>(will still give the beta a test)</p>\r\n<p>&nbsp;</p>\r\n<p>/best regards Mats</p>",
    "PostedDate": "2011-08-08T23:27:16.543-07:00",
    "UserRole": null,
    "MarkedAsAnswerDate": null
  }
]