[
  {
    "Id": "1464029",
    "ThreadId": "651645",
    "Html": "\r\n<div dir=\"ltr\">Stephen,\r\n<div><br>\r\n</div>\r\n<div>Is there a way you can send me the User Guide? I will take it, even if it is not fully complete.</div>\r\n<div><br>\r\n</div>\r\n<div>I need to get a training session to the users.</div>\r\n<div><br>\r\n</div>\r\n<div>Thanks</div>\r\n<div><br>\r\n</div>\r\n<div>Kris<br>\r\n<br>\r\n<div>\r\n<hr id=\"stopSpelling\">\r\n</div>\r\n</div>\r\n</div>\r\n",
    "PostedDate": "2016-02-22T18:53:38.803-08:00",
    "UserRole": null,
    "MarkedAsAnswerDate": null
  }
]