[
  {
    "Id": "866839",
    "ThreadId": "368100",
    "Html": "\r\n<p>Good job on the TicketDESK system! I've been using it for a couple days and it works great. It's easy to use and I haven't had any problems with it yet that weren't my own fault.&nbsp;</p>\r\n<p>Regarding resolving &amp; closing tickets, I read what you wrote about the workflow for this process, and I understand the tech should resolve it and the submitter should close it. However, I'm in both roles but I can't see how to do either one those tasks.\r\n When I navigate to <strong>Ticket Center &gt; Tickets Assigned to Me</strong> and click on a ticket, I have these options:\r\n<strong>Add Comment, Take Over, Assign, Attachments, Edit Details</strong>. I just can't figure out how to mark a ticket as resolved or closed. What am I missing?</p>\r\n",
    "PostedDate": "2012-07-14T12:58:15.23-07:00",
    "UserRole": null,
    "MarkedAsAnswerDate": null
  },
  {
    "Id": "866896",
    "ThreadId": "368100",
    "Html": "<p>Update - I found that I have to \"Take Over\" the ticket to see the additional options for Resolving, etc, even if the ticket is already assigned to me. Perhaps that is the system's way of allowing me to accept the task? In any case, I've got it now!&nbsp;</p>",
    "PostedDate": "2012-07-14T13:50:12.733-07:00",
    "UserRole": null,
    "MarkedAsAnswerDate": null
  }
]