[
  {
    "Id": "443754",
    "ThreadId": "212886",
    "Html": "<p>when an item is resolved it still shows as open.</p>\r\n<p>Is this how it supposed to be?</p>",
    "PostedDate": "2010-05-17T05:44:55.417-07:00",
    "UserRole": null,
    "MarkedAsAnswerDate": null
  },
  {
    "Id": "443759",
    "ThreadId": "212886",
    "Html": "<p>Yes... the ticket remains open until the submitter closes it. The workflow goes like this:</p>\r\n<ul>\r\n<li>Helpdesk does some magic. They resolve the ticket, telling the user what was done in the comments.</li>\r\n<li>The submitter views the resolution. They can &nbsp;agree that the issue is solved and close the ticket. If they disagree or the issue isn't fixed, they can re-open instead explaining why they don't think it is fixed in the comments.&nbsp;</li>\r\n</ul>\r\n<p>This process allows the submitter to &quot;sign-off&quot; on the resolution, and completes the cycle of ownership (they own the ticket from start to finish).&nbsp;</p>\r\n<p>The force close option allows help-desk to close tickets when your users are too lazy to do so, but you should try to encourage the submitters (through policy or threats of physical violence if necessary) to always review resolved tickets and close them out in a timely fashion.&nbsp;</p>",
    "PostedDate": "2010-05-17T05:56:48.403-07:00",
    "UserRole": null,
    "MarkedAsAnswerDate": null
  },
  {
    "Id": "443762",
    "ThreadId": "212886",
    "Html": "<p>LOL,</p>\r\n<p>Brilliant, I must say the lack of documentation doesn't do this justice. Once you get to know it and around the install bugs it is the perfect ticket system. Nice and simple, easy to use. Is there a user guide anywhere and i am just being dense and missing?</p>\r\n<p>Please keep up the great work as i kid you not i spent 5 hours on friday trialling others and found this one this morning asn it beat them hands down. the only thing they had was FAQs and to be honest thats not the point of a ticket system.</p>\r\n<p>Look forward to 2.0 and let me know if you need help testing it.</p>\r\n<p>Robs</p>",
    "PostedDate": "2010-05-17T06:01:16.487-07:00",
    "UserRole": null,
    "MarkedAsAnswerDate": null
  },
  {
    "Id": "444036",
    "ThreadId": "212886",
    "Html": "<p>Thanks for the praise. Honestly, I'd hoped to have done such a bang-up job that it didn't need documentation. I almost got there :)</p>\r\n<p>If you are interested though, I did write <a href=\"http://reddnet.net/code/ticketdesk-design-philosophies-explained/\">some about the philosophies</a> behind the system on my own site... not what you'd call &quot;user documentation&quot;, but it goes into detail about why things work the way they work.&nbsp;</p>\r\n<p>I'll make sure 2.0 gets decent docs though.&nbsp;</p>",
    "PostedDate": "2010-05-17T16:16:23.54-07:00",
    "UserRole": null,
    "MarkedAsAnswerDate": null
  },
  {
    "Id": "444146",
    "ThreadId": "212886",
    "Html": "<p>thanks, look forward to it. when is v 2 out as it were?</p>",
    "PostedDate": "2010-05-18T00:13:17.283-07:00",
    "UserRole": null,
    "MarkedAsAnswerDate": null
  },
  {
    "Id": "444251",
    "ThreadId": "212886",
    "Html": "<p>Eventually.... I'm clearly going to miss my initial spring 2010 estimate by a pretty wide margin though. My paid projects have to come first, and one of those took some rather nasty scope changes recently. &nbsp;&nbsp;</p>",
    "PostedDate": "2010-05-18T04:32:51.357-07:00",
    "UserRole": null,
    "MarkedAsAnswerDate": null
  }
]