[
  {
    "Id": "1410399",
    "ThreadId": "627041",
    "Html": "Hi\r<br />\nI have followed the &quot;installation&quot; instructions to a T, but still the app does not work.  Error messages are as follows:<br />\n<blockquote>\nServer Error in'/' Application<br />\n HTTP Error 403.14 - Forbidden (The Web server is configured to not list the contents of this directory)<br />\n HTTP Error 404.8 - Not Found (The request filtering module is configured to deny a path in the URL that contains a hiddenSegment section)<br />\n HTTP Error 400.19 - Internal Server Error (The requested page cannot be accessed because the related configuration data for the page is invalid)<br />\n</blockquote>\nThen when I finally do get the website to display SOMETHING, it only displays localhost -/ and two directories, which I cannot access because I get one or all of the above error messages.\r<br />\n<br />\nI have reached the end of my patience, so please please please help?<br />\n",
    "PostedDate": "2015-04-14T00:57:35.76-07:00",
    "UserRole": null,
    "MarkedAsAnswerDate": null
  },
  {
    "Id": "1414778",
    "ThreadId": "627041",
    "Html": "These sound like IIS configuration issues. From these errors, out doesn't seem like the request is being sent to aspnet at all. \r<br />\n<br />\nCheck the basics, is IIS installed correctly? In windows features, were all the ASP.net related components added when IIS was installed? Is ticketdesk installed in a site or virtual directory that is marked as an application? Does it have a separate application pool, and I'd it configured right? Is the current version of the .Net framework installed?\r<br />\n<br />\nWithout knowing more about you server, it's hard to troubleshoot further. Ticketdesk doesn't have any unique requirements in IIS that aren't completely standard for ASP.net applications, so usually it just works. <br />\n",
    "PostedDate": "2015-04-16T06:18:44.95-07:00",
    "UserRole": null,
    "MarkedAsAnswerDate": null
  }
]