[
  {
    "Id": "446706",
    "ThreadId": "213654",
    "Html": "<p>Hi,</p>\r\n<p>When I attach the included TicketDesk.MDF file in Sql management Studio 2008, it all seems to go fine. But then I cannot connect to that DB with fully qualified and permissioned&nbsp;accounts, either via windows (integrated)&nbsp;or SQL Sever authentication specified in the connection string. I've triple checked the settings and permissions and all seems to be in order. Any reason you know of why this can't be done, or anything I may have&nbsp;missed?</p>\r\n<p>&nbsp;</p>\r\n<p>Thanks!</p>",
    "PostedDate": "2010-05-24T09:43:13.863-07:00",
    "UserRole": null,
    "MarkedAsAnswerDate": null
  },
  {
    "Id": "446715",
    "ThreadId": "213654",
    "Html": "<p>Need some more specifics. What version of SQL 2008 (express, std?). With what are you having problems connecting? The web site, the management studio? What kind of error are you getting back? &nbsp;</p>",
    "PostedDate": "2010-05-24T09:56:27.043-07:00",
    "UserRole": null,
    "MarkedAsAnswerDate": null
  },
  {
    "Id": "446764",
    "ThreadId": "213654",
    "Html": "<pre>Tried it in both SQL Server STD 2008 and Express 2008; and on different servers. Here's the asp.net error generated once </pre>\r\n<pre>I successfully logon and it tries to navigate to a page:</pre>\r\n<pre>[SqlException (0x80131904): Cannot open database &quot;TicketDesk&quot; requested by the login. The login failed.\r\nLogin failed for user '&lt;username&gt;'.]\r\n   System.Data.SqlClient.SqlInternalConnection.OnError(SqlException exception, Boolean breakConnection) +4846887\r\n   System.Data.SqlClient.TdsParser.ThrowExceptionAndWarning(TdsParserStateObject stateObj) +194\r\n</pre>\r\n<pre>Thanks for any suggestions!</pre>\r\n<pre> </pre>",
    "PostedDate": "2010-05-24T11:30:58.92-07:00",
    "UserRole": null,
    "MarkedAsAnswerDate": null
  },
  {
    "Id": "446844",
    "ThreadId": "213654",
    "Html": "<p>When you attached the database in SQL Management Studio , did you set the &quot;attach as&quot; property for the database to &quot;TicketDesk&quot;? &nbsp;</p>\r\n<p>By default, Studio would use a name that is the same as the file path... something like &quot;c:\\somefolder\\TicketDesk.MDF&quot;....&nbsp;</p>",
    "PostedDate": "2010-05-24T15:36:15.237-07:00",
    "UserRole": null,
    "MarkedAsAnswerDate": null
  },
  {
    "Id": "447302",
    "ThreadId": "213654",
    "Html": "<p>Thx! I'll check that</p>",
    "PostedDate": "2010-05-25T14:04:59.137-07:00",
    "UserRole": null,
    "MarkedAsAnswerDate": null
  }
]