[
  {
    "Id": "1426851",
    "ThreadId": "638513",
    "Html": "Hi,<br />\nI frist time use this opensource project, need help how to start project on local machine to enable custimize , front end ect?<br />\n<br />\nI use VS 2013 and MS SQL Server 2008 Menagment studio.<br />\n",
    "PostedDate": "2015-05-21T05:41:45.05-07:00",
    "UserRole": null,
    "MarkedAsAnswerDate": null
  },
  {
    "Id": "1426982",
    "ThreadId": "638513",
    "Html": "You should start by cloning or forking the <a href=\"https://github.com/NullDesk/TicketDesk\" rel=\"nofollow\">TicketDesk source code repository on github</a>. If you've never worked with git and github before, they have excellent getting <a href=\"https://help.github.com/categories/bootcamp/\" rel=\"nofollow\">started resources in their bootcamp</a>.<br />\n<br />\nOnce you have cloned the repository, or forked it and cloned the fork, then you just open the solution in Visual Studio. <br />\n<br />\nYou can clone or fork the repo here on codeplex if you prefer, but you will get better results using GitHub. Also, primary development for this project takes place on GitHub, so that's where you'll find the current list of issues and such.<br />\n",
    "PostedDate": "2015-05-21T19:57:47.103-07:00",
    "UserRole": null,
    "MarkedAsAnswerDate": null
  },
  {
    "Id": "1427405",
    "ThreadId": "638513",
    "Html": "Thank you for your response. I started everything.<br />\n",
    "PostedDate": "2015-05-25T00:03:52.053-07:00",
    "UserRole": null,
    "MarkedAsAnswerDate": null
  }
]