[
  {
    "Id": "1432123",
    "ThreadId": "640536",
    "Html": "TicketDesk 2.5 supports an HTML editor (Summernote) and a markdown editor (Pagedown). \r<br />\n<br />\nDoes anyone have an option as to which should be the default editor for new installations?<br />\n",
    "PostedDate": "2015-06-27T03:53:55.54-07:00",
    "UserRole": null,
    "MarkedAsAnswerDate": null
  },
  {
    "Id": "1432186",
    "ThreadId": "640536",
    "Html": "Hi Stephen,\r<br />\n<br />\n Summernote as default <br />\n",
    "PostedDate": "2015-06-28T00:49:50.69-07:00",
    "UserRole": null,
    "MarkedAsAnswerDate": null
  }
]