[
  {
    "Id": "669539",
    "ThreadId": "272017",
    "Html": "\r\n<p>TicketDesk is now using Mercurial for source control instead of Team Foundation Server.</p>\r\n<p>The conversion, performed by CodePlex support, has not been the smoothest experience.&nbsp;Part of the problem is that I split the project into two branches in team system, one for 1.x and one for 2.x; which caused a bit of an issue since mercurial branches\r\n do not behave at all like TFS branches (thankfully). Anyway, they&nbsp;managed to keep the history (mostly) for the TicketDesk 2.x branch back to the point where I'd split the two branches from the original source branch. They basically just didn't keep any\r\n history from the 1.x branch after the split; so I had to manually re-add the files from the 1.x branch after the conversion. There was some loss of version history on the 1x branch files, though I do not believe this will cause anyone any pain.</p>\r\n<p>The current tip revision should contain the latest version of both 1x and 2x files. .</p>\r\n<p>I will not be maintaining separate named branches in the mercurial repository for the two versions going forward, each product will simply inhabit their own sub-folder within the same repository (for simplicity, especially since changes in 1.x are very rare\r\n these days). &nbsp; &nbsp; &nbsp; &nbsp;</p>\r\n",
    "PostedDate": "2011-09-09T00:33:03.123-07:00",
    "UserRole": null,
    "MarkedAsAnswerDate": null
  }
]