[
  {
    "Id": "1067370",
    "ThreadId": "449765",
    "Html": "Hello Team, \r<br />\n<br />\nI'm impressed by the work here and would love to be one of the team. \r<br />\n<br />\nLiveChat Starter Kit (LCSK) is an ASP.NET 4 C# .NET SignalR application allowing you to offer Live Support to your site visitors.\r<br />\n<br />\nI added this module to TicketDesk and its beautiful together.  now when you come to submit a ticket you can chat with support team live. If you find the answer then no need to submit a ticket. \r<br />\n<a href=\"https://livechatstarterkit.codeplex.com/\" rel=\"nofollow\">https://livechatstarterkit.codeplex.com/</a>\r<br />\n<br />\nIm working now on Knowledge base module where you can find answers to common questions. \r<br />\nor search the knowledge base for a specific topic.\r<br />\n \r<br />\nRegards,\r<br />\nHassan<br />\n",
    "PostedDate": "2013-07-11T23:19:16.547-07:00",
    "UserRole": null,
    "MarkedAsAnswerDate": null
  },
  {
    "Id": "1068675",
    "ThreadId": "449765",
    "Html": "That sounds like an excellent addition. Would you be willing to fork the project and submit it as pull request?<br />\n",
    "PostedDate": "2013-07-15T14:29:33.567-07:00",
    "UserRole": null,
    "MarkedAsAnswerDate": null
  },
  {
    "Id": "1068703",
    "ThreadId": "449765",
    "Html": "Yes sure, I don't know how!, I'm going to send my version to your email <br />\n",
    "PostedDate": "2013-07-15T15:21:37.41-07:00",
    "UserRole": null,
    "MarkedAsAnswerDate": null
  },
  {
    "Id": "1068782",
    "ThreadId": "449765",
    "Html": "TicketDesk is a mercurial repository, so you'd start by forking the repo here on codeplex. Then you clone your fork to your local system using Hg (TortoiseHG). In your local clone, create a new branch, add your code, commit your new code, then push it back up to the codeplex fork. Once pushed back to codeplex, use the web site UI to create a pull request.<br />\n<br />\nIf you are new to Mercurial source control in general, I highly recommend going through the tutorials at <a href=\"http://hginit.com/\" rel=\"nofollow\">http://hginit.com/</a> which give you a very detailed overview of how Hg works, and how to use the command line. TortoiseHG gives you a GUI on top of Hg, which can do almost everything the command line does, but you really need to have a basic grasp of what the command line does first.<br />\n<br />\nI'll be honest, I don't even open a sample app I've downloaded until I've first added it to a local Hg repo (I use git sometimes too, though I prefer Hg for most projects due to its simplicity and ease of use). TicketDesk 3 will be a git repository when I'm in a position where I can publish the project for it. <br />\n",
    "PostedDate": "2013-07-15T20:55:00.783-07:00",
    "UserRole": null,
    "MarkedAsAnswerDate": null
  }
]