[
  {
    "Id": "1047144",
    "ThreadId": "444601",
    "Html": "Hello,\r<br />\nI have recently installed Ticketdesk, it looks great , simple to use. I want to know if I can apply integrated security, os that any of my team whnever open this site , they dont have to logon everytime. Is it possible? Do I have to create separate user first through admin user , manage users page and then enable window authentication on IIS ?? or something else? Please suggest.\r<br />\n<br />\nThanks in advance<br />\n",
    "PostedDate": "2013-05-22T07:45:02.74-07:00",
    "UserRole": null,
    "MarkedAsAnswerDate": null
  },
  {
    "Id": "1047342",
    "ThreadId": "444601",
    "Html": "You can use active directory for authentication if you prefer. This is covered in detail in the <a href=\"https://ticketdesk.codeplex.com/wikipage?title=Configuration%20%26%20Settings&amp;referringTitle=Documentation\" rel=\"nofollow\">Configuration &amp; Settings section of the documentation</a>; see the sub-section titled Active Directory Security Environments.<br />\n",
    "PostedDate": "2013-05-22T12:45:34.9-07:00",
    "UserRole": null,
    "MarkedAsAnswerDate": null
  }
]