[
  {
    "Id": "613782",
    "ThreadId": "257886",
    "Html": "\r\n<p>Hi,</p>\r\n<p>Current system have shown records of page size 20. which is hard coded in &quot;ListViewSetting.cs&quot; as &quot;private int _itemsPerPage = 20&quot; and in &quot;ListViewSettingsCollection.cs&quot; passing items parameter as 20.</p>\r\n<p>so if user selected 100 records it shows correct output. but when user click on status dropdown then all records filtered with status selection and again page size become by default 20. it not retain at 100 or any thing which is selected by user previously.\r\n how i achieve this functionality.</p>\r\n<p>Thank you,</p>\r\n",
    "PostedDate": "2011-05-17T01:45:11.79-07:00",
    "UserRole": null,
    "MarkedAsAnswerDate": null
  },
  {
    "Id": "614252",
    "ThreadId": "257886",
    "Html": "<p>This is in one of the TicketDesk 1 releases obviously (TicketDesk 2 uses different names, though the mechanism is similar overall).</p>\r\n<p>The page size is not hard-coded; those are just the default values.&nbsp;In ListViewSetting.cs there is a default value of 20 on the private field in case a more specific value isn't supplied in the constructor call. The part of ListViewSettingsCollection.cs that you pointed out is just the part that creates the initiallists and settings for a user who doesn't not already have those settings stored in their profile (new users). Again, that's just a default value.&nbsp;</p>\r\n<p>I can confirm that there is a bug in how the ticket history handles changes to the filter columns and page size; but it doesn't appear related to the default page sizes, I can produce results where the system applies a previously selected page size, but which previous page size gets misapplied is not necessarily 20.</p>\r\n<p>I will try to track down where the problem is, but the two locations you've cited are not likely to be related to the problem.</p>",
    "PostedDate": "2011-05-17T14:47:58.797-07:00",
    "UserRole": null,
    "MarkedAsAnswerDate": null
  },
  {
    "Id": "614282",
    "ThreadId": "257886",
    "Html": "<p>BTW: The correct behavior is for the system to remember the page size (and the filter and sorts too) on a per user AND per list basis.</p>\r\n<p>The settings should persist between different sessions, as well from one browser/computer to another. &nbsp;</p>",
    "PostedDate": "2011-05-17T16:19:27.157-07:00",
    "UserRole": null,
    "MarkedAsAnswerDate": null
  }
]