[
  {
    "Id": "1469853",
    "ThreadId": "653506",
    "Html": "I am trying to integrate TicketDesk into my company intranet.  The existing setup is running on Windows Server 2012 with IIS 8 and SQL Server 2014.  The existing setup connects to the database and does its thing just fine.\r<br />\n<br />\nI added a new &quot;Application&quot; to the site in IIS, gave it its own application pool configured as indicated, and pointed it at the appropriate folder.\r<br />\n<br />\nI modified the <strong>web.config</strong> file inside the <strong>TicketDesk</strong> folder so that it references <strong>MSSQLLocalDB</strong> instead of &quot;v11.0&quot; since I'm using SQL Server 2014.\r<br />\n<br />\nAfter doing all this, I go to the site, where it spins its wheels for awhile and then spits out:\r<br />\n<br />\nA network-related or instance-specific error occurred while establishing a connection to SQL Server. The server was not found or was not accessible. Verify that the instance name is correct and that SQL Server is configured to allow remote connections. (provider: SQL Network Interfaces, error: 50 - Local Database Runtime error occurred. Cannot create an automatic instance. See the Windows Application event log for error details.)\r<br />\n<br />\nMy first question is, can I dump this <strong>localDb</strong> stuff and just use the same database connection as the rest of the website?   The main problem I see with this idea is the fact that there are pre-installed tables and data in the localdb setup that would need to be moved over.<br />\n",
    "PostedDate": "2016-04-12T09:41:43.13-07:00",
    "UserRole": null,
    "MarkedAsAnswerDate": null
  },
  {
    "Id": "1470070",
    "ThreadId": "653506",
    "Html": "It sounds like you are using a full instance of SQL Server 2014, or SQL Server 2014 Express Edition (that isn't LocalDB); but your connection string is configured for a user-instance database. Only SQL Server 2014 Express LocalDB Edition supports user instances though, so you just need to adjust the connection string.\r<br />\n<br />\nThe good news is that TicketDesk can use any version of SQL Server 2014, all you have to do is use the right connection string. You don't have to manually do anything manually, once you give TD a connection string it can use, EF Migrations will take care of setting everything up in the target database for you.<br />\n\r<br />\nThis is all covered in detail over on the <a href=\"https://github.com/NullDesk/TicketDesk/wiki/SQL-Server-Setup-and-Configuration\" rel=\"nofollow\">Wiki here</a>; including a lengthy description of the various SQL editions, what kinds of databases they support, and what connection strings for each should look like. <br />\n",
    "PostedDate": "2016-04-13T20:10:05.433-07:00",
    "UserRole": null,
    "MarkedAsAnswerDate": null
  },
  {
    "Id": "1470073",
    "ThreadId": "653506",
    "Html": "\r\n<div>\r\n<p><span style=\"font-size:11.0pt; font-family:\">I had already looked at that Wiki page and tried a regular connection. It didn’t work.</span></p>\r\n<p><span style=\"font-size:11.0pt; font-family:\"></span></p>\r\n<p><span style=\"font-size:11.0pt; font-family:\">And the SQL Server configuration manager seems to think I have LocalDB installed along with everything else.</span></p>\r\n<p><span style=\"font-size:11.0pt; font-family:\"></span></p>\r\n<p><span style=\"font-size:11.0pt; font-family:\">So… dunno where that leaves it.</span></p>\r\n<p><span style=\"font-size:11.0pt; font-family:\"></span></p>\r\n<div>\r\n<div style=\"border:none; border-top:solid #B5C4DF 1.0pt; padding:3.0pt 0in 0in 0in\">\r\n<p><b><span style=\"font-size:10.0pt; font-family:\"></span></b></p>\r\n</div>\r\n</div>\r\n</div>\r\n",
    "PostedDate": "2016-04-13T21:13:01.22-07:00",
    "UserRole": null,
    "MarkedAsAnswerDate": null
  },
  {
    "Id": "1470078",
    "ThreadId": "653506",
    "Html": "Make sure TCP/IP is enabled (also discussed in the wiki). And of course, you need to know what version and edition of SQL is installed, and if not localdb what the SQL instance name is... the source property is usually &lt;server&gt;/&lt;instance&gt; unless your instance is the &quot;default&quot;, in which case it's just the server name..\r<br />\n<br />\nIn either case though, the error message seems to be saying that it can't find the server at all --either TCP/IP isn't enabled, the server is on a different machine and a firewall or local network security suite is blocking access, or your server and/or instance name is incorrect.\r<br />\n<br />\nIf you are unsure about the instance name, re-run the installer and it should show you the list of installed instances. <br />\n",
    "PostedDate": "2016-04-13T22:21:15.52-07:00",
    "UserRole": null,
    "MarkedAsAnswerDate": null
  },
  {
    "Id": "1470164",
    "ThreadId": "653506",
    "Html": "\r\n<div>\r\n<p><span style=\"font-size:11.0pt; font-family:\">The website I’m trying to do this with already has a fully functional connection to SQL Server. I used the existing connection string as the basis for modifying the ones for TicketDesk. Here’s what I had tried\r\n (usernames & passwords redacted):<br>\r\n<br>\r\n</span></p>\r\n<p style=\"text-autospace:none\"><span style=\"font-size:9.5pt; font-family:Consolas; color:blue; background:white\">&lt;</span><span style=\"font-size:9.5pt; font-family:Consolas; color:#A31515; background:white\">connectionStrings</span><span style=\"font-size:9.5pt; font-family:Consolas; color:blue; background:white\">&gt;</span></p>\r\n<p style=\"text-autospace:none\"><span style=\"font-size:9.5pt; font-family:Consolas; color:black; background:white\"></span></p>\r\n<p style=\"text-autospace:none\"><span style=\"font-size:9.5pt; font-family:Consolas; color:blue; background:white\">&lt;</span><span style=\"font-size:9.5pt; font-family:Consolas; color:#A31515; background:white\">clear</span><span style=\"font-size:9.5pt; font-family:Consolas; color:blue; background:white\">\r\n /&gt;</span></p>\r\n<p style=\"text-autospace:none\"><span style=\"font-size:9.5pt; font-family:Consolas; color:black; background:white\"></span></p>\r\n<p style=\"text-autospace:none\"><span style=\"font-size:9.5pt; font-family:Consolas; color:blue; background:white\">&lt;</span><span style=\"font-size:9.5pt; font-family:Consolas; color:#A31515; background:white\">add</span><span style=\"font-size:9.5pt; font-family:Consolas; color:blue; background:white\">\r\n</span><span style=\"font-size:9.5pt; font-family:Consolas; color:red; background:white\">name</span><span style=\"font-size:9.5pt; font-family:Consolas; color:blue; background:white\">=</span><span style=\"font-size:9.5pt; font-family:Consolas; color:black; background:white\">&quot;</span><span style=\"font-size:9.5pt; font-family:Consolas; color:blue; background:white\">TicketDeskSecurityConnectionString</span><span style=\"font-size:9.5pt; font-family:Consolas; color:black; background:white\">&quot;</span><span style=\"font-size:9.5pt; font-family:Consolas; color:blue; background:white\">\r\n</span><span style=\"font-size:9.5pt; font-family:Consolas; color:red; background:white\">connectionString</span><span style=\"font-size:9.5pt; font-family:Consolas; color:blue; background:white\">=</span><span style=\"font-size:9.5pt; font-family:Consolas; color:black; background:white\">&quot;</span><span style=\"font-size:9.5pt; font-family:Consolas; color:blue; background:white\">Data\r\n Source=PACIFICAWEB;Initial Catalog=pacifica;Persist Security Info=True;User ID=#####;Password=#####</span><span style=\"font-size:9.5pt; font-family:Consolas; color:black; background:white\">&quot;</span><span style=\"font-size:9.5pt; font-family:Consolas; color:blue; background:white\">\r\n</span><span style=\"font-size:9.5pt; font-family:Consolas; color:red; background:white\">providerName</span><span style=\"font-size:9.5pt; font-family:Consolas; color:blue; background:white\">=</span><span style=\"font-size:9.5pt; font-family:Consolas; color:black; background:white\">&quot;</span><span style=\"font-size:9.5pt; font-family:Consolas; color:blue; background:white\">System.Data.SqlClient</span><span style=\"font-size:9.5pt; font-family:Consolas; color:black; background:white\">&quot;</span><span style=\"font-size:9.5pt; font-family:Consolas; color:blue; background:white\">\r\n /&gt;</span><span style=\"font-size:9.5pt; font-family:Consolas; color:black; background:white\"></span></p>\r\n<p style=\"text-autospace:none\"><span style=\"font-size:9.5pt; font-family:Consolas; color:blue; background:white\"></span></p>\r\n<p style=\"text-autospace:none\"><span style=\"font-size:9.5pt; font-family:Consolas; color:blue; background:white\">&lt;</span><span style=\"font-size:9.5pt; font-family:Consolas; color:#A31515; background:white\">add</span><span style=\"font-size:9.5pt; font-family:Consolas; color:blue; background:white\">\r\n</span><span style=\"font-size:9.5pt; font-family:Consolas; color:red; background:white\">name</span><span style=\"font-size:9.5pt; font-family:Consolas; color:blue; background:white\">=</span><span style=\"font-size:9.5pt; font-family:Consolas; color:black; background:white\">&quot;</span><span style=\"font-size:9.5pt; font-family:Consolas; color:blue; background:white\">TicketDeskEntities</span><span style=\"font-size:9.5pt; font-family:Consolas; color:black; background:white\">&quot;</span><span style=\"font-size:9.5pt; font-family:Consolas; color:blue; background:white\">\r\n</span><span style=\"font-size:9.5pt; font-family:Consolas; color:red; background:white\">connectionString</span><span style=\"font-size:9.5pt; font-family:Consolas; color:blue; background:white\">=</span><span style=\"font-size:9.5pt; font-family:Consolas; color:black; background:white\">&quot;</span><span style=\"font-size:9.5pt; font-family:Consolas; color:blue; background:white\">metadata=res://*/Models.TicketDeskEntities.csdl|res://*/Models.TicketDeskEntities.ssdl|res://*/Models.TicketDeskEntities.msl;provider=System.Data.SqlClient;provider\r\n connection string=</span><span style=\"font-size:9.5pt; font-family:Consolas; color:red; background:white\">&quot;</span><span style=\"font-size:9.5pt; font-family:Consolas; color:blue; background:white\"> Data Source=PACIFICAWEB;Initial Catalog=pacifica;Persist Security\r\n Info=True;User ID=#####;Password=#####;Connect Timeout=30;MultipleActiveResultSets=True</span><span style=\"font-size:9.5pt; font-family:Consolas; color:red; background:white\">&quot;</span><span style=\"font-size:9.5pt; font-family:Consolas; color:black; background:white\">&quot;</span><span style=\"font-size:9.5pt; font-family:Consolas; color:blue; background:white\">\r\n</span><span style=\"font-size:9.5pt; font-family:Consolas; color:red; background:white\">providerName</span><span style=\"font-size:9.5pt; font-family:Consolas; color:blue; background:white\">=</span><span style=\"font-size:9.5pt; font-family:Consolas; color:black; background:white\">&quot;</span><span style=\"font-size:9.5pt; font-family:Consolas; color:blue; background:white\">System.Data.EntityClient</span><span style=\"font-size:9.5pt; font-family:Consolas; color:black; background:white\">&quot;</span><span style=\"font-size:9.5pt; font-family:Consolas; color:blue; background:white\">\r\n /&gt;</span></p>\r\n<p style=\"text-autospace:none\"><span style=\"font-size:9.5pt; font-family:Consolas; color:black; background:white\"></span></p>\r\n<p style=\"text-autospace:none\"><span style=\"font-size:9.5pt; font-family:Consolas; color:blue; background:white\">&lt;</span><span style=\"font-size:9.5pt; font-family:Consolas; color:#A31515; background:white\">add</span><span style=\"font-size:9.5pt; font-family:Consolas; color:blue; background:white\">\r\n</span><span style=\"font-size:9.5pt; font-family:Consolas; color:red; background:white\">name</span><span style=\"font-size:9.5pt; font-family:Consolas; color:blue; background:white\">=</span><span style=\"font-size:9.5pt; font-family:Consolas; color:black; background:white\">&quot;</span><span style=\"font-size:9.5pt; font-family:Consolas; color:blue; background:white\">ElmahLog</span><span style=\"font-size:9.5pt; font-family:Consolas; color:black; background:white\">&quot;</span><span style=\"font-size:9.5pt; font-family:Consolas; color:blue; background:white\">\r\n</span><span style=\"font-size:9.5pt; font-family:Consolas; color:red; background:white\">connectionString</span><span style=\"font-size:9.5pt; font-family:Consolas; color:blue; background:white\">=</span><span style=\"font-size:9.5pt; font-family:Consolas; color:black; background:white\">&quot;</span><span style=\"font-size:9.5pt; font-family:Consolas; color:blue; background:white\">\r\n Data Source=PACIFICAWEB;Initial Catalog=pacifica;Persist Security Info=True;User ID=#####;Password=#####</span><span style=\"font-size:9.5pt; font-family:Consolas; color:black; background:white\">&quot;</span><span style=\"font-size:9.5pt; font-family:Consolas; color:blue; background:white\">\r\n</span><span style=\"font-size:9.5pt; font-family:Consolas; color:red; background:white\">providerName</span><span style=\"font-size:9.5pt; font-family:Consolas; color:blue; background:white\">=</span><span style=\"font-size:9.5pt; font-family:Consolas; color:black; background:white\">&quot;</span><span style=\"font-size:9.5pt; font-family:Consolas; color:blue; background:white\">System.Data.SqlClient</span><span style=\"font-size:9.5pt; font-family:Consolas; color:black; background:white\">&quot;</span><span style=\"font-size:9.5pt; font-family:Consolas; color:blue; background:white\">\r\n /&gt;</span></p>\r\n<p style=\"text-autospace:none\"><span style=\"font-size:9.5pt; font-family:Consolas; color:black; background:white\"></span></p>\r\n<p style=\"text-autospace:none\"><span style=\"font-size:9.5pt; font-family:Consolas; color:blue; background:white\">&lt;/</span><span style=\"font-size:9.5pt; font-family:Consolas; color:#A31515; background:white\">connectionStrings</span><span style=\"font-size:9.5pt; font-family:Consolas; color:blue; background:white\">&gt;</span><span style=\"font-size:9.5pt; font-family:Consolas; color:black; background:white\"></span></p>\r\n<p><span style=\"font-size:11.0pt; font-family:\"></span></p>\r\n<p><span style=\"font-size:11.0pt; font-family:\">That’s pretty straightforward, and if it doesn’t work, I have to think it’s either because of the metadata references in the second one, or because the ultimate problem isn’t the connection string.</span></p>\r\n<p><span style=\"font-size:11.0pt; font-family:\"></span></p>\r\n<p><span style=\"font-size:11.0pt; font-family:\">The wiki page you pointed at only shows one example connection string. Ideally, I’d want examples of all three with placeholder strings like “&lt;yourserver&gt;” and “&lt;username&gt;” and “&lt;password&gt;” that can be replaced.</span><span style=\"font-size:9.0pt; font-family:\"></span></p>\r\n</div>\r\n",
    "PostedDate": "2016-04-14T09:15:10.78-07:00",
    "UserRole": null,
    "MarkedAsAnswerDate": null
  },
  {
    "Id": "1470228",
    "ThreadId": "653506",
    "Html": "Those connection strings look fine to me, so I'm inclined to agree that these may not be the problem. \r<br />\n<br />\nDon't worry about the metadata part of the second string; that's just some ugly EF stuff but has nothing to do with the actual database connection; they just tell EF's where to find the logical model mappings, and the values should never be changed.\r<br />\n<br />\nI'd troubleshoot first by seeing if I could connect using these settings from my local system using SQL management studio; or if you have that installed on the web server try it from there (even better).  Try swapping the server name for the IP address, try ip and port (1433 usually), try using the sa login. If I still can't get in, start troubleshooting from SQL server side --make sure TCP/IP is enabled in SQL Config on the SQL server. If the server has multiple SQL instances, are they bound to explicit ports or is SQL browser brokering connections. Make sure the sql login exists, make sure the sql login was given access to this specific database, and the login has db_owner permssions to the DB.\r<br />\n<br />\nThere isn't anything magic or special about TicketDesk's database connections... it's just an older, but completely standard EF connection string; under the hood EF uses ADO SqlConnection just like everything else does. <br />\n",
    "PostedDate": "2016-04-14T22:18:06.35-07:00",
    "UserRole": null,
    "MarkedAsAnswerDate": null
  }
]