[
  {
    "Id": "284587",
    "ThreadId": "82830",
    "Html": "<p>i already make a virtual directory under \\wwwroot path, and i also configure the access control for web site.</p>\r\n<p>http://msdn.microsoft.com/en-us/library/33487zw6.aspx</p>\r\n<p>http://www.windowsnetworking.com/articles_tutorials/Web-Sites-Windows-2003.html</p>\r\n<p>but when i access the application through web browser the page cannot be display and sometimes show an error &quot;HTTP 403 forbidden&quot;.</p>\r\n<p>do you have any idea to resolve this problem?</p>\r\n<p>thanks.</p>\r\n<p>Choco</p>",
    "PostedDate": "2010-02-01T23:59:39.79-08:00",
    "UserRole": null,
    "MarkedAsAnswerDate": null
  },
  {
    "Id": "284844",
    "ThreadId": "82830",
    "Html": "<p>That's a big topic choco, but without knowing a lot about your internal configuration and security settings I'm not sure we can help you much here. The problem is not TicketDesk specific, so troubleshoot it like it were any virtual directory and/or security problem.</p>\r\n<p>Make sure you check your windows event logs to see if it is catching any additional info about the problem.</p>\r\n<p>The easiest way to troubleshoot this kind of issue is just to go step-by-step testing as you go.</p>\r\n<p>First make a virtual directory under wwwroot without changing anything at all. The default setup and security in IIS and the windows file system should already be sufficient for TicketDesk's needs. Create a static default.htm file in the root of this folder. Browse to it and make sure it loads in the browser. Then you can test asp.net by dropping in a simple default.aspx file with nothing but some static HTML content in it. See if that works. If so, then move on to copying in TicketDesk to this location.&nbsp;</p>",
    "PostedDate": "2010-02-02T09:30:41.853-08:00",
    "UserRole": null,
    "MarkedAsAnswerDate": null
  }
]