[
  {
    "Id": "170442",
    "ThreadId": "50855",
    "Html": "Has any one solve the submit error on mobile divce.<br>\r\n<br>\r\nplease help\r\n",
    "PostedDate": "2009-03-21T16:20:23.51-07:00",
    "UserRole": null,
    "MarkedAsAnswerDate": null
  },
  {
    "Id": "170815",
    "ThreadId": "50855",
    "Html": "It would be helpful if you told us what the error message was...  <br>\r\n<br>\r\nWhat mobile device platform and mobile web browser are you using?\r\n",
    "PostedDate": "2009-03-23T05:34:41.88-07:00",
    "UserRole": null,
    "MarkedAsAnswerDate": null
  },
  {
    "Id": "171160",
    "ThreadId": "50855",
    "Html": "Blackbery <br>\r\nget Script is not enable on this device <br>\r\nenable script get no error but nothin happens <br>\r\neverithing else looks fine just can not submit ticket<br>\r\n",
    "PostedDate": "2009-03-23T20:58:01.247-07:00",
    "UserRole": null,
    "MarkedAsAnswerDate": null
  }
]