[
  {
    "Id": "992795",
    "ThreadId": "431041",
    "Html": "\r\n<p>TicketDesk 2.1 has been released.&nbsp;<br>\r\n<br>\r\nSome of my users (IE 8 - 9) have reported problems with the ticket editor page not refreshing when edits are made.\r\n<br>\r\n<br>\r\nAs far as I can tell, this seems to be caused by some browsers using cached versions of the JavaScript files from the previous TD version. A hard-refresh of the page (F5 in IE) seems to sort this out, but I have been unable to reproduce this myself to completely\r\n verify the issue.<span style=\"font-size:10pt\">&nbsp;&nbsp;</span></p>\r\n",
    "PostedDate": "2013-01-27T14:49:23.973-08:00",
    "UserRole": null,
    "MarkedAsAnswerDate": null
  },
  {
    "Id": "993489",
    "ThreadId": "431041",
    "Html": "\r\n<p>I backed out the jQuery updates from the 2.1 release, and re-published it as release 2.1.1. There were just too many instabilities with older IE browsers using the newer UI components, and no real advantages over the old components.</p>\r\n",
    "PostedDate": "2013-01-29T01:18:41.5-08:00",
    "UserRole": null,
    "MarkedAsAnswerDate": null
  }
]