[
  {
    "Id": "235329",
    "ThreadId": "69164",
    "Html": "<p>I apologize for the direct email to the developer.&nbsp; I was on the issue tracker page and looking for where to submit for help and had a brain lapse by not seeing the discussion button.</p>\r\n<p>I set TicketDesk up several weeks ago and it's worked every time when we tested it within the IT department.&nbsp; I'm using integrated authentication and have all the tables stored on a seperate SQL server and a dedicated IIS server.&nbsp; Both servers have low workload.</p>\r\n<p>The day we announce the application within the company, we started getting errors submitting tickets.&nbsp; Sometimes it works just fine though, but there is a long delay after clicking submit.&nbsp; The ticket creates just fine, but the error message isn't exactly user friendly.&nbsp; In the mean time, I've put a try/catch block on the context.SubmitChanges() in the NewTicket.aspx.cs and redirecting users back to the homepage in the catch block.&nbsp; This is working as a bandaid, but we'd like it to work properly if possible.</p>\r\n<p>What I find odd in the elmah error is that it has my local project folder in the error path but the error is from the IIS server and I can't find any reference to the path in the files.</p>\r\n<p>Thank you for any help in advance.</p>\r\n<p>The elmah error says:</p>\r\n<p id=ErrorTitle><span id=ErrorType>System.Data.Linq.ChangeConflictException</span><span id=ErrorTypeMessageSeparator>: </span><span id=ErrorMessage>Row not found or changed.</span></p>\r\n<pre id=ErrorDetail>System.Web.HttpUnhandledException: Exception of type 'System.Web.HttpUnhandledException' was thrown. ---&gt; System.Data.Linq.ChangeConflictException: Row not found or changed.\r\n   at System.Data.Linq.ChangeProcessor.SubmitChanges(ConflictMode failureMode)\r\n   at System.Data.Linq.DataContext.SubmitChanges(ConflictMode failureMode)\r\n   at System.Data.Linq.DataContext.SubmitChanges()\r\n   at TicketDesk.Engine.NotificationService.PrepareTicketEventNotificationForDelivery(TicketDataDataContext ctx, TicketEventNotification note, List`1 consolidations) in C:\\Projects\\TicketDesk\\TicketDesk\\Engine\\NotificationService.cs:line 273\r\n   at TicketDesk.Engine.NotificationService.SendTicketEventNotificationEmail(TicketDataDataContext ctx, TicketEventNotification note, List`1 consolidations) in C:\\Projects\\TicketDesk\\TicketDesk\\Engine\\NotificationService.cs:line 225\r\n   at TicketDesk.Engine.NotificationService.QueueTicketEventNotification(TicketComment comment) in C:\\Projects\\TicketDesk\\TicketDesk\\Engine\\NotificationService.cs:line 103\r\n   at TicketDesk.NewTicket.CreateTicketButton_Click(Object sender, EventArgs e) in C:\\Projects\\TicketDesk\\TicketDesk\\NewTicket.aspx.cs:line 36\r\n   at System.Web.UI.WebControls.Button.OnClick(EventArgs e)\r\n   at System.Web.UI.WebControls.Button.RaisePostBackEvent(String eventArgument)\r\n   at System.Web.UI.WebControls.Button.System.Web.UI.IPostBackEventHandler.RaisePostBackEvent(String eventArgument)\r\n   at System.Web.UI.Page.RaisePostBackEvent(IPostBackEventHandler sourceControl, String eventArgument)\r\n   at System.Web.UI.Page.RaisePostBackEvent(NameValueCollection postData)\r\n   at System.Web.UI.Page.ProcessRequestMain(Boolean includeStagesBeforeAsyncPoint, Boolean includeStagesAfterAsyncPoint)\r\n   --- End of inner exception stack trace ---\r\n   at System.Web.UI.Page.HandleError(Exception e)\r\n   at System.Web.UI.Page.ProcessRequestMain(Boolean includeStagesBeforeAsyncPoint, Boolean includeStagesAfterAsyncPoint)\r\n   at System.Web.UI.Page.ProcessRequest(Boolean includeStagesBeforeAsyncPoint, Boolean includeStagesAfterAsyncPoint)\r\n   at System.Web.UI.Page.ProcessRequest()\r\n   at System.Web.UI.Page.ProcessRequestWithNoAssert(HttpContext context)\r\n   at System.Web.UI.Page.ProcessRequest(HttpContext context)\r\n   at ASP.newticket_aspx.ProcessRequest(HttpContext context) in c:\\WINDOWS\\Microsoft.NET\\Framework\\v2.0.50727\\Temporary ASP.NET Files\\ticketdesk\\c4f641c0\\e7d3fcc9\\App_Web_fofdhqnx.3.cs:line 0\r\n   at System.Web.HttpApplication.CallHandlerExecutionStep.System.Web.HttpApplication.IExecutionStep.Execute()\r\n   at System.Web.HttpApplication.ExecuteStep(IExecutionStep step, Boolean&amp; completedSynchronously)\r\n</pre>",
    "PostedDate": "2009-09-16T14:20:09.917-07:00",
    "UserRole": null,
    "MarkedAsAnswerDate": null
  },
  {
    "Id": "235365",
    "ThreadId": "69164",
    "Html": "<p>&nbsp;</p>\r\n<p>No worries on the direct email... I haven't gotten it (which is a little concerning), but I don't mind that you sent it.</p>\r\n<p>A lot of people are confused by the file paths that show up in the stack trace of exceptions. Those paths are based on system where the project was compiled. The compiler created pdb files that contain debugging information, and part of that includes the file paths from the source. It is those paths that show up in stack traces. You can omit the pdb files when you deploy, but that degrades the amount of information exceptions will convey through the stack trace.</p>\r\n<p>Anyway... I can only take educated guesses at the exact circumstances. What I can tell though is that your error is coming from the SubmitChanges() call that you've pinpointed.</p>\r\n<p>In this particular case, the stack trace also tells me that this is happening when the system is attempting to send the broadcast notifications to the help desk users. Unlike regular notifications, which are&nbsp;queued up and sent when a timer expires, the broadcast notifications for new tickets get sent&nbsp;immediately. So the QueueTicketEventNotification() method first creates the notifications, saves them to the database, then loops back though the notifications to see if any are helpdesk broadcasts. If so, it goes ahead and fires the send right then.</p>\r\n<p>In your case though, the notification record in the database has been changed between the time that it was created and the time the system tries to send the notification. Since that is happening during a single method call in the app, it is more than a little odd.</p>\r\n<p>There shouldn't have been enough time for something else to have changed those records in such a small amount of time (we are talking milliseconds between the creation and sending operations here).</p>\r\n<p>It is possible that the record didn't get created for some reason, but that should have thrown a different exception before the point where the system tried to send the notification.</p>\r\n<p>The most likely thing is that something in SQL is change the ticket record as soon as it is created in a way that ticketdesk can't see. &nbsp;Have you changed the database in any way? Is there some trigger or perhaps a custom default value or something that you may have put on the notifications table?</p>\r\n<p>Assuming you can not find the cause for the notification being changed as soon as it is created, I would suggest you can modify the QueueTicketEventNotification() method as a work-around. &nbsp;</p>\r\n<p>There is a secton of code at the end of that method that looks like this:</p>\r\n<p>&nbsp;</p>\r\n<div style=\"color:Black;background-color:White\">\r\n<pre><span style=\"color:Blue\">foreach</span> (<span style=\"color:Blue\">var</span> note <span style=\"color:Blue\">in</span> newNotes)\r\n{\r\n    <span style=\"color:Blue\">if</span> (note.NotifyUserReason == <span style=\"color:#A31515\">&quot;HelpDesk&quot;</span> &amp;&amp; note.NextDeliveryAttemptDate != <span style=\"color:Blue\">null</span>)\r\n    {\r\n        SendTicketEventNotificationEmail(ctx, note, <span style=\"color:Blue\">new</span> List&lt;TicketEventNotification&gt;());\r\n    }\r\n}\r\n</pre>\r\n</div>\r\n<p>&nbsp;</p>\r\n<p>&nbsp;</p>\r\n<p>You can comment that out completely. It will put a slight delay on notificaitons of new tickets for help-desk users, but they will still go out on the very next timer event. That should prevent the error from impacting end-users, and minimize the impact on staff users as well.&nbsp;</p>\r\n<p>&nbsp;</p>\r\n<p>&nbsp;</p>\r\n<p>&nbsp;</p>",
    "PostedDate": "2009-09-16T16:22:13.43-07:00",
    "UserRole": null,
    "MarkedAsAnswerDate": null
  },
  {
    "Id": "235561",
    "ThreadId": "69164",
    "Html": "<p>I appreciate the quick response.</p>\r\n<p>No, I haven't modified anything besides the web.config.&nbsp; I ran the scripts to create the database.&nbsp; I have the aspnet tables on the database as well.&nbsp; The only modification I made to the code was the try/catch block to keep the users from seeing the errors.&nbsp;</p>\r\n<p>I'll try commenting out the above section of code.&nbsp; Like I said, there's a weird delay when someone hits submit.&nbsp; The longer it takes, the more likely the error will show up.&nbsp; Neither server is under a heavy workload.&nbsp; The system alllows you to keep hitting submit, and it appears the block of code which looks to see if the rticket already exists doesn't work properly because it creates duplicates anyways.&nbsp; Just some things to think about.&nbsp;</p>",
    "PostedDate": "2009-09-17T06:20:22.613-07:00",
    "UserRole": null,
    "MarkedAsAnswerDate": null
  },
  {
    "Id": "235631",
    "ThreadId": "69164",
    "Html": "<p>Let me know how commenting that out goes.</p>\r\n<p>I can't say much about the delay or slowness you report. I have pretty much exactly the same environment and setup you describe and performance is pretty decent even with AD in the mix. There certainly is nothing terribly complicated about creating the ticket or the initial set of notifications. I've got first hand reports back from about a dozen moderatly large organizations that use TicketDesk (the 50 to 500 user range), and none of them are reporting severe performance issues.&nbsp;</p>\r\n<p>The only one that did was just running into problems with the number of sub-groups and non-human users that were in the AD group they had selected for the TicketDesk roles. After they created new AD groups that only included the real people users, that went away for them.</p>\r\n<p>&nbsp;</p>\r\n<p>&nbsp;</p>",
    "PostedDate": "2009-09-17T08:30:33.537-07:00",
    "UserRole": null,
    "MarkedAsAnswerDate": null
  },
  {
    "Id": "235697",
    "ThreadId": "69164",
    "Html": "<p>Ok, so I commented out the above code and removed my try/catch block.&nbsp; I submitted a ticket and it submitted without delay.&nbsp; Everything has been responding immediately except that one function and now that is resolved.&nbsp; I appreciate the help and if you have any other ideas to re-enable immediate emails let me know and I'll be more than happy to experiment.</p>",
    "PostedDate": "2009-09-17T11:00:29.093-07:00",
    "UserRole": null,
    "MarkedAsAnswerDate": null
  },
  {
    "Id": "235807",
    "ThreadId": "69164",
    "Html": "<p>I'll work out a different mechanism in TicketDesk 2.0 that doesn't suffer from the potential for this problem. I have no idea why this is coming up in your environment, but it is a very odd problem. The solution is probably to just close out the linq context that was used to create the notification before passing control off to the part that sends the notifications. The work around though shouldn't&nbsp;negatively&nbsp;impact your users too much.&nbsp;</p>",
    "PostedDate": "2009-09-17T15:40:08.31-07:00",
    "UserRole": null,
    "MarkedAsAnswerDate": null
  },
  {
    "Id": "235810",
    "ThreadId": "69164",
    "Html": "<p>Yea, it didn't impact anything at all.&nbsp; I lowered the mail interval times in the web.config and no one even noticed.&nbsp; Thank you for your help.</p>",
    "PostedDate": "2009-09-17T15:50:24.803-07:00",
    "UserRole": null,
    "MarkedAsAnswerDate": null
  }
]