[
  {
    "Id": "1081816",
    "ThreadId": "453719",
    "Html": "First of all, thank you for sharing your work here.\r<br />\n<br />\nI downloaded V2.1 and playing around to see if I can use this for my need. While adding or editing, there is no option to assign a ticket to given user. Am I missing anything obvious?\r<br />\n<br />\nThanks in advance.<br />\n",
    "PostedDate": "2013-08-18T05:31:14.227-07:00",
    "UserRole": null,
    "MarkedAsAnswerDate": null
  },
  {
    "Id": "1081882",
    "ThreadId": "453719",
    "Html": "If you are logged in as a user in the staff role, when viewing a ticket there will be a takeover and/or assign button in the activity bar. \r<br />\n<br />\nOnly staff can assign tickets, but they can perform an assignment, or takeover a ticket, at any time (regardless of who it is currently assigned to). This lets them pass tickets around to each other as needed without having to jump through any hoops or navigate through chains of escalation. <br />\n",
    "PostedDate": "2013-08-18T13:06:42.597-07:00",
    "UserRole": null,
    "MarkedAsAnswerDate": null
  },
  {
    "Id": "1082164",
    "ThreadId": "453719",
    "Html": "\r\n<div>Thank you.<br>\r\n<br>\r\nSent from my iPhone</div>\r\n<div><br>\r\n</div>\r\n",
    "PostedDate": "2013-08-19T06:39:25.463-07:00",
    "UserRole": null,
    "MarkedAsAnswerDate": null
  }
]