[
  {
    "Id": "263492",
    "ThreadId": "77069",
    "Html": "<p>Hi Stephen<br><br>This open source project looks like it&nbsp;could be best of breed for pure simple issue tracking and looks this way from the demo. I am however having trouble with the installation.<br><br>We have SQL Server 2005 SP1.<br>Server authentication is set to &quot;SQL Server and Windows Authentication mode&quot;.<br><br>1. I have setup a Database instance called <strong>TicketDesk</strong>.<br>2. I have executed the contents of the C:\\TicketDesk\\App_Data\\NewInstallSQL.txt file to create the tables etc<br>3. I have created a Virtual directory in IIS and enabled &quot;windows authentication&quot;<br><br>Our SQLServer name is &quot;BAYSDATAWORKS&quot;.&nbsp; We do have an active directory which is on a different server (bayswaterpdc)<br><br>Could you please assist with the appropriate connection string? How do I set the appropriate security etc?<span style=\"font-size:x-small;color:#0000ff\"><span style=\"font-size:x-small;color:#0000ff\"><br><br></span></span><span style=\"font-size:x-small;color:#a31515\"><span style=\"font-size:x-small;color:#a31515\">add</span></span><span style=\"font-size:x-small;color:#0000ff\"><span style=\"font-size:x-small;color:#0000ff\"> </span></span><span style=\"font-size:x-small;color:#ff0000\"><span style=\"font-size:x-small;color:#ff0000\">name</span></span><span style=\"font-size:x-small;color:#0000ff\"><span style=\"font-size:x-small;color:#0000ff\">=</span></span><span style=\"font-size:x-small\">&quot;</span><span style=\"font-size:x-small;color:#0000ff\"><span style=\"font-size:x-small;color:#0000ff\">TicketDeskConnectionString</span></span><span style=\"font-size:x-small\">&quot;</span><span style=\"font-size:x-small;color:#0000ff\"><span style=\"font-size:x-small;color:#0000ff\"> </span></span><span style=\"font-size:x-small;color:#ff0000\"><span style=\"font-size:x-small;color:#ff0000\">connectionString</span></span><span style=\"font-size:x-small;color:#0000ff\"><span style=\"font-size:x-small;color:#0000ff\">=</span></span><span style=\"font-size:x-small\">&quot;</span><span style=\"font-size:x-small;color:#0000ff\"><span style=\"font-size:x-small;color:#0000ff\">Data Source=BAYSDATAWORKS;Initial Catalog=TicketDesk;Integrated Security=True;User Instance=True</span></span><span style=\"font-size:x-small\">&quot;</span><span style=\"font-size:x-small;color:#0000ff\"><span style=\"font-size:x-small;color:#0000ff\"> </span></span><span style=\"font-size:x-small;color:#ff0000\"><span style=\"font-size:x-small;color:#ff0000\">providerName</span></span><span style=\"font-size:x-small;color:#0000ff\"><span style=\"font-size:x-small;color:#0000ff\">=</span></span><span style=\"font-size:x-small\">&quot;</span><span style=\"font-size:x-small;color:#0000ff\"><span style=\"font-size:x-small;color:#0000ff\">System.Data.SqlClient</span></span><span style=\"font-size:x-small\">&quot;</span><span style=\"font-size:x-small;color:#0000ff\"><span style=\"font-size:x-small;color:#0000ff\">/&gt;<br></span></span></p>",
    "PostedDate": "2009-12-03T22:23:12.467-08:00",
    "UserRole": null,
    "MarkedAsAnswerDate": null
  },
  {
    "Id": "263502",
    "ThreadId": "77069",
    "Html": "<p>The connection string is correct, but you need to add support for the ASP.NET security providers to your ticketdesk database. These objects are not included in the NewInstallSQL.txt file. Instead, you need to run <a href=\"http://msdn.microsoft.com/en-us/library/ms229862(VS.80).aspx\">aspnet_regsql</a> from the \\%windir%\\Microsoft.NET\\Framework\\<em>version</em>&nbsp;folder. Run it without parameters and it will pop-up a GUI and ask you which database to create the SQL objects in.</p>\r\n<p>The reasons that these objects aren't included in the NewInstallSQL scripts that ship with ticketdesk are</p>\r\n<ol>\r\n<li>Many people prefer to use a&nbsp;separate&nbsp;database for the security objects</li>\r\n<li>Some people want to point ticketdesk at an existing security database so it can share the same users and roles with another applicaiton</li>\r\n<li>Microsoft may release a new version of the security database, so relying on the MS tools to install the security objects ensures that TicketDesk doesn't hold you back to an older version of the security schema.</li>\r\n</ol>\r\n<p>&nbsp;</p>\r\n<p>Otherwise it sounds like your configuration is setup right given the information available.</p>\r\n<p>&nbsp;</p>",
    "PostedDate": "2009-12-03T23:19:30.307-08:00",
    "UserRole": null,
    "MarkedAsAnswerDate": null
  },
  {
    "Id": "263505",
    "ThreadId": "77069",
    "Html": "<p>Also, in case you missed it: The <a href=\"http://ticketdesk.codeplex.com/wikipage?title=Installation and Configuration\">installation documentation</a>&nbsp;here on codeplex does cover this topic. I've recently updated this to correctly reflect the recent upgrade to SQL2008 with TicketDesk 1.2.3</p>\r\n<p>&nbsp;</p>\r\n<p>&nbsp;</p>",
    "PostedDate": "2009-12-03T23:26:43.937-08:00",
    "UserRole": null,
    "MarkedAsAnswerDate": null
  },
  {
    "Id": "600546",
    "ThreadId": "77069",
    "Html": "<p>Hi&nbsp;<a class=\"UserProfileLink\" href=\"http://www.codeplex.com/site/users/view/StephenRedd\">StephenRedd</a></p>\r\n<p>I'm newby on this, and I want to know if there are a installation Documentation for the TicketDESK 2.</p>\r\n<p>&nbsp;</p>\r\n<p>I downloaded the \"TicketDesk 2.0.1 Beta - Compiled.zip\", created the folder under wwwroot and created the Virtual Directory&nbsp;TicketDESK assigned to the folder I already created under wwwroot.</p>\r\n<p>I Attached the database files in the App_Data Directory. I'm using&nbsp;&nbsp;Windows 7, IIS 7 (Of course), SQL Express Edition 2008 R2 with the default instance \\SQLExpress.</p>\r\n<p>When I open the browser http://localhost/TicketDESK it appears an error \"HTTP Error 403.14 - Forbidden\".</p>\r\n<p>What I notice is that when I go to&nbsp;wwwroot\\TicketDESK I do not see default.aspx or index.aspx file. I only see 6 files and 7 folders.</p>\r\n<p>&nbsp;</p>\r\n<p>Is there something I'm missing?</p>\r\n<p>&nbsp;</p>\r\n<p>Thanks!!</p>",
    "PostedDate": "2011-04-20T11:03:36.31-07:00",
    "UserRole": null,
    "MarkedAsAnswerDate": null
  },
  {
    "Id": "600561",
    "ThreadId": "77069",
    "Html": "<p>There are install instructions in on codeplex's <a href=\"http://ticketdesk.codeplex.com/documentation\">TicketDesk Documentation section</a> that includes extensive setup and configuration information.</p>\r\n<p>This is an asp.net MVC applicaiton, not a traditional asp.net webforms application. As such, it does not use the standard aspx and ascx files. Instead it uses controllers and views. You should read up on the MVC framework, design pattern, and usage patterns at the official <a href=\"http://www.asp.net/mvc\">asp.net MVC resource site</a> &nbsp;&nbsp;</p>",
    "PostedDate": "2011-04-20T11:28:01.57-07:00",
    "UserRole": null,
    "MarkedAsAnswerDate": null
  }
]