[
  {
    "Id": "1423886",
    "ThreadId": "637330",
    "Html": "really need the ability to create queries for unregistered users.<br />\n",
    "PostedDate": "2015-05-07T05:48:04.27-07:00",
    "UserRole": null,
    "MarkedAsAnswerDate": null
  },
  {
    "Id": "1423923",
    "ThreadId": "637330",
    "Html": "TicketDesk does not support anonymous ticket creation out of the box. Support for untrusted users is planned for a future release, but the focus for TD 2.1 and TD 2.5 is still high-trust and internal environments. \r<br />\n<br />\nYou could add that functionality of course. The easiest way to allow non-registered users to add tickets would be this:<br />\n<ul>\n<li>Modify new ticket controller to allow anonymous access. </li>\n<li>Modify the view to include fields for user registration (email, displayname, password, etc.).</li>\n<li>\nWhen user submits the new ticket form, create the user, add the user to the submitters role, then create the ticket for the newly created user account.<br />\n</li>\n</ul>\nIt wouldn't exactly be anonymous users, because they would have a user account after submitting the first ticket, but it is the least invasive way to add that functionality.<br />\n",
    "PostedDate": "2015-05-07T06:56:41.98-07:00",
    "UserRole": null,
    "MarkedAsAnswerDate": null
  },
  {
    "Id": "1425506",
    "ThreadId": "637330",
    "Html": "Thanks for the answer. I have a website in asp mvc 3 and simplemember ship. Can I integrate (split) my users in ticketdesk?<br />\n",
    "PostedDate": "2015-05-15T00:15:15.767-07:00",
    "UserRole": null,
    "MarkedAsAnswerDate": null
  },
  {
    "Id": "1425548",
    "ThreadId": "637330",
    "Html": "TicketDesk up through version 2.1x uses the old SqlMembershipProviders. There have been community members who have done TD 2.1x conversions to SimpleMembership. It isn't exactly trivial but isn't too horribly complex. You can read all about it <a href=\"https://ticketdesk.codeplex.com/discussions/501529\" rel=\"nofollow\">in this thread</a>.\r<br />\n<br />\nTicketDesk 2.5 uses the aspnet.identity framework by default. Replacing that with SimpleMembership may be a little easier in TD 2.5, since it decouples authentication and identity from the back-end framework entirely. I haven't fully completed the work of abstracting the identity bits in the front-end yet though. Currently I'm using bits from one of Microsoft's sample templates. In a few weeks, that will get replaced with a more customized version specific to TD 2.5's needs. In TD 2.6, the system will get further abstractions to support multiple identity providers.  <br />\n",
    "PostedDate": "2015-05-15T05:31:48.773-07:00",
    "UserRole": null,
    "MarkedAsAnswerDate": null
  }
]