[
  {
    "Id": "845933",
    "ThreadId": "358689",
    "Html": "\r\n<p>Hi there,</p>\r\n<p>could you suggest where to add the following features &nbsp;?&nbsp;</p>\r\n<p>1 - route tickets to a department or agent based on ticket or issue type</p>\r\n<p>2 - certain actions require approval and need to be routed to a manager.</p>\r\n<p>i'd like to do this using WWF.&nbsp;</p>\r\n<p>thank you</p>\r\n",
    "PostedDate": "2012-06-07T02:45:54.86-07:00",
    "UserRole": null,
    "MarkedAsAnswerDate": null
  },
  {
    "Id": "846201",
    "ThreadId": "358689",
    "Html": "<p>Mostly you would just need to make minor changes to the TicketService class to accomplish what you are aiming for. That class handles all the \"actions\" that can be performed with a ticket, and the design is&nbsp;deliberately&nbsp;simplistic and easy to modify. Instead of a complex command dispatcher, I just used a simple transaction script pattern here... there are seperate methods for each major ticket action such as CreateNewTicket,&nbsp;TakeOverTicket, AssignTicket, etc. These mostly correspond 1-to-1 with the buttons on UI. I also did my best to keep the code within each action very straight-forward, so it should be easy to decipher what each one does and to modify them for your purposes.</p>\r\n<p>Windows Workflow Foundation is probably overkill (times a million) for adding the workflow&nbsp;customization&nbsp;that you described, but it is a fine framework and you should be able to use it with TicketDesk if it adds significant value to what you are trying to accomplish. I'd recommend just using the existing application settings features to store and manage configuration for your custom workflows, then just splice in some code to TicketService to read the custom settings and perform the custom steps. &nbsp;</p>\r\n<p>The nice thing about the ApplicationSetting design is that you shouldn't have to do a lot of work to add new settings. Just add the setting to the DB table, and it becomes available in the UI admin tool. TicketService currently doesn't directly use the SettingsService, so you will probably need to add a parameter for the SettingsService to the constructor for TicketService, but the managed&nbsp;extensibility&nbsp;framework will do the rest. You can simply use SettingService.ApplicationSettings.GetSettingValue(&lt;setting name&gt;) to read your custom settings (you do not need to add properties for your custom settings to ApplicationSettingsService, though you can do so if you like).&nbsp;&nbsp;&nbsp;</p>\r\n<p>&nbsp;</p>",
    "PostedDate": "2012-06-07T11:58:49.947-07:00",
    "UserRole": null,
    "MarkedAsAnswerDate": null
  },
  {
    "Id": "850808",
    "ThreadId": "358689",
    "Html": "<p>thank you.</p>",
    "PostedDate": "2012-06-19T04:24:04.947-07:00",
    "UserRole": null,
    "MarkedAsAnswerDate": null
  }
]