[
  {
    "Id": "634701",
    "ThreadId": "263239",
    "Html": "\r\n<p>Good day all!<br>\r\n<br>\r\nHas anyone try to use Html.Action() in TicketDesk? <span id=\"result_box\" lang=\"en\">\r\n<span title=\"Наж&#1084;ите, чтобы увидеть альтернативный перевод\">I tried</span> <span title=\"Наж&#1084;ите, чтобы увидеть альтернативный перевод\">\r\nand</span> <span title=\"Наж&#1084;ите, чтобы увидеть альтернативный перевод\">got the following error...</span></span></p>\r\n<h2><em><em>A single instance of controller 'TicketDesk.Web.Client.Controllers.NewTicketController' cannot be used to handle multiple requests. If a custom controller factory is in use, make sure that it creates a new instance of the controller for each request.</em></em></h2>\r\n<p>I will appreciate any help with this.</p>\r\n",
    "PostedDate": "2011-06-29T04:46:13.647-07:00",
    "UserRole": null,
    "MarkedAsAnswerDate": null
  },
  {
    "Id": "634912",
    "ThreadId": "263239",
    "Html": "<p>That&nbsp;is likely an issue caused by the use of the managed extensibility framework in TicketDesk. I'm planning to remove/replace that dependency with a different IoC framework in the next release. I'll take a look at this in the current version and see if I can patch in a fix sooner.</p>",
    "PostedDate": "2011-06-29T10:36:32.297-07:00",
    "UserRole": null,
    "MarkedAsAnswerDate": null
  },
  {
    "Id": "634913",
    "ThreadId": "263239",
    "Html": "This discussion has been copied to a work item. Click <a href=\"http://ticketdesk.codeplex.com/workitem/21047\">here</a> to go to the work item and continue the discussion.",
    "PostedDate": "2011-06-29T10:37:00.003-07:00",
    "UserRole": null,
    "MarkedAsAnswerDate": null
  },
  {
    "Id": "634914",
    "ThreadId": "263239",
    "Html": "This discussion has been copied to a work item. Click <a href=\"http://ticketdesk.codeplex.com/workitem/21048\">here</a> to go to the work item and continue the discussion.",
    "PostedDate": "2011-06-29T10:37:43.84-07:00",
    "UserRole": null,
    "MarkedAsAnswerDate": null
  }
]