[
  {
    "Id": "172965",
    "ThreadId": "51570",
    "Html": "Hi Guys<br>\r\nI love the code I works great on a regular system.<br>\r\nBut i can't use a blackberry  to submit ticket or edit.<br>\r\nhas anyone had this problem.<br>\r\n<br>\r\nPlease help.<br>\r\nThanks\r\n",
    "PostedDate": "2009-03-27T16:29:35.737-07:00",
    "UserRole": null,
    "MarkedAsAnswerDate": null
  },
  {
    "Id": "172997",
    "ThreadId": "51570",
    "Html": "I have not tested TicketDesk with any mobile platform. Support for mobile platforms wasn't part of the 1.x design. Since editing and submitting tickets relies heavily on ajax and javascript, I am not suprised that there would be issues with mobile platforms. <div><br></div><div>If you want mobile support then it wouldn't be too difficult to make mobile friendly pages that can create tickets. Creating a mobile friendly editor would require a bit more work though.</div><div><br></div><div>Mobile support may be part of version 2.x, but I have not formalized the requirments that far out yet.   <div><br></div><div><br></div></div>",
    "PostedDate": "2009-03-27T20:00:42.983-07:00",
    "UserRole": null,
    "MarkedAsAnswerDate": null
  }
]