[
  {
    "Id": "1431125",
    "ThreadId": "640202",
    "Html": "Do you have a projected release date for 2.5? It looks like there are some significant changes. I will need to make a number of changes to fit my clients needs and don't want to have to do everything twice.<br />\nThanks<br />\n",
    "PostedDate": "2015-06-19T15:27:39.763-07:00",
    "UserRole": null,
    "MarkedAsAnswerDate": null
  },
  {
    "Id": "1431126",
    "ThreadId": "640202",
    "Html": "The beta is due June 30th, with a final release on July 30th.<br />\n\r<br />\nThe next two releases are mapped out on GitHub. <a href=\"https://github.com/NullDesk/TicketDesk/milestones\" rel=\"nofollow\">See the milestones page for dates</a>. There is also a longer-range <a href=\"https://github.com/NullDesk/TicketDesk/wiki/Development-Roadmap\" rel=\"nofollow\">roadmap on the GitHub wiki here</a>. If you have the ZenHub.io extension installed, you can also view the burn down and task boards. Now that the core back-end re-write is done, I don't expect any more significant delays in release dates. The project is running along an agile cadence now. Any future slowdown in project velocity will result in a smaller release with fewer features, but should not result in any significant delay in release dates.<br />\n",
    "PostedDate": "2015-06-19T15:46:42.297-07:00",
    "UserRole": null,
    "MarkedAsAnswerDate": null
  },
  {
    "Id": "1432944",
    "ThreadId": "640202",
    "Html": "Thanks. Can't wait that long. \r<br />\nI'm not really a .Net guy but am doing what is needed for my client. \r<br />\nOnly agents will have access to the application. Most tickets will be created from outside the system using data from an insurance tracking system I wrote  and will hopefully be rewriting. At this point in my development, I have a VB script that will generate the tickets, create any need users, and add appropriate comments. This all happens outside of the TD and seems to be working. \r<br />\nThe next piece is to send out notifications when these tickets are created. I'd like to use TD functionality to do this if possible but like I said I'm not really a .Net guy and haven't figured out how to do this.<br />\n",
    "PostedDate": "2015-07-02T16:10:22.773-07:00",
    "UserRole": null,
    "MarkedAsAnswerDate": null
  },
  {
    "Id": "1432987",
    "ThreadId": "640202",
    "Html": "If you are running TicketDesk 2.1, and want to keep all your customizations outside of Ticketdesk, then your best bet to send email would be to directly write to the Ticket Event Notifiactions table. The TicketDesk web application monitors this table on a timer, and when it sees an entry that is ready for delivery it then generates the email content and sends the message. All you have to do is fill in the fields telling it what ticket, what ticket event, and to whom the message should be send. There should be one entry per user that will be notified. If you want to send broadcast notifications, make sure you set the NotifyUserReason to &quot;HelpDesk&quot;. \r<br />\n<br />\nThis will not be so easy in TD 2.5 though. Email delivery there are handled by a completely isolated sub-system. Like TD 2.1, TD 2.5 uses asp.net views to generate the HTML email content, but the new push notification delivery sub-system is designed to be completely independent (no web dependencies, and no direct awareness of the calling application's data or business domains). So in TD 2.5, the caller (the web app) will generate the content for the email message up-front, then passes it to the push notification system when it schedules the message for delivery. \r<br />\n<br />\nTo get TD 2.5 to deliver messages created entirely outside of the TicketDesk web application itself, you'd need to populate the push notification tables AND include the generated (and serialized) message content as well. This would not be trivia from an entirely external application. \r<br />\n<br />\nIt would be easier to just add a custom controller to the web application that lets external applications create a new ticket by just doing an HTTP POST with the necessary data. The code for it would be very similar to the TicketController's New action method, but some attention would need to be spent on how you create new user accounts, and making sure that the creation process is executed within the context of the new user (you'd need to supply a custom SecurityProvider and pass it to the TdDomainContext). Not trivial still, but the up-side is that TicketDesk would create the ticket exactly the same way it does when you use the UI form, including enforcing the same business rules, creating the push notifications, etc.\r<br />\n<br />\nIf you are planning to use TD 2.5, let me know and I'll prototype up management controllers that would let external callers create tickets and users. In a few releases, TD will be getting a full set of REST APIs, but having a few external APIs sooner isn't a bad idea, at least for some of the more common operations like creating new tickets.  \r<br />\n",
    "PostedDate": "2015-07-03T01:59:39.727-07:00",
    "UserRole": null,
    "MarkedAsAnswerDate": null
  },
  {
    "Id": "1433027",
    "ThreadId": "640202",
    "Html": "\r\n<div>\r\n<p><span style=\"font-size:11.0pt; font-family:\">Thanks for the prompt reply. Since I need to have the initial version ready to go live by Aug. 1, I am using 2.1. I suspected that the notification table was the key. Sounds like what you suggest will work. Where\r\n in the application will I find the notification process in case I need to tweak that process?</span></p>\r\n<p><a name=\"_MailEndCompose\"><span style=\"font-size:11.0pt; font-family:\"></span></a></p>\r\n<div>\r\n<div style=\"border:none; border-top:solid #E1E1E1 1.0pt; padding:3.0pt 0in 0in 0in\">\r\n<p><b><span style=\"font-size:11.0pt; font-family:\"></span></b></p>\r\n</div>\r\n</div>\r\n</div>\r\n",
    "PostedDate": "2015-07-03T07:30:53.177-07:00",
    "UserRole": null,
    "MarkedAsAnswerDate": null
  },
  {
    "Id": "1433042",
    "ThreadId": "640202",
    "Html": "\r\n<div>\r\n<p><span style=\"font-size:11.0pt; font-family:\">I will need to create custom body content for my generated tickets.</span></p>\r\n<p><span style=\"font-size:11.0pt; font-family:\">Here is what I am considering doing.\r\n<a name=\"_MailEndCompose\">I will create a new table, EmailTemplates, that will hold templates (plain text only) which I will manually create for now. The templates will look something like the sample below. I will add a column, TemplateID, to the Notifications\r\n table to indicate the template to use for the email. If it is null, the normal email body will be created. If not null, I will generate the body using the template.</a></span></p>\r\n<p><span style=\"font-size:11.0pt; font-family:\"></span></p>\r\n<p><span style=\"font-size:11.0pt; font-family:\">Does this sound feasible?</span></p>\r\n<p><span style=\"font-size:11.0pt; font-family:\"></span></p>\r\n<p><span style=\"font-size:11.0pt; font-family:\">**** Sample Template ****</span></p>\r\n<p><span style=\"font-size:11.0pt; font-family:\">Note: CertificateID is a custom column I added to the ticket table</span></p>\r\n<p><span style=\"font-size:11.0pt; font-family:\"></span></p>\r\n<p><b><span style=\"font-size:11.0pt; font-family:\">&lt;&lt;NotifyUserDisplayName&gt;&gt;</span></b></p>\r\n<p><span style=\"font-size:11.0pt; font-family:\"></span></p>\r\n<p><b><span style=\"font-size:11.0pt; font-family:\">The ACCORD form &lt;&lt;CertificateID&gt;&gt; has been selected for an audit by The City of xxxxxx. You are required to provide documentation in the form of policies to support this Certificate of Insurance.\r\n</span></b></p>\r\n<p><b><span style=\"font-size:11.0pt; font-family:\"></span></b></p>\r\n<p><b><span style=\"font-size:11.0pt; font-family:\">For detailed instructions please visit use the link below or call 999 999-9999.</span></b></p>\r\n<p><b><span style=\"font-size:11.0pt; font-family:\"></span></b></p>\r\n<p><b><span style=\"font-size:11.0pt; font-family:\">Instructions : http://xxxxxx.xxxx.org/AuditInstructions?Ticket=&lt;&lt; CertificateID&gt;&gt;.</span></b></p>\r\n<p><span style=\"font-size:11.0pt; font-family:\"></span></p>\r\n<p><b><span style=\"font-size:11.0pt; font-family:\">Thank You,</span></b></p>\r\n<p><b><span style=\"font-size:11.0pt; font-family:\">City of XXXXXXX – Risk Management Department</span></b></p>\r\n<p><b><span style=\"font-size:11.0pt; font-family:\"></span></b></p>\r\n<p><span style=\"font-size:11.0pt; font-family:\"></span></p>\r\n<p><span style=\"font-size:11.0pt; font-family:\"></span></p>\r\n<div>\r\n<div style=\"border:none; border-top:solid #E1E1E1 1.0pt; padding:3.0pt 0in 0in 0in\">\r\n<p><b><span style=\"font-size:11.0pt; font-family:\"></span></b></p>\r\n</div>\r\n</div>\r\n</div>\r\n",
    "PostedDate": "2015-07-03T11:27:12.683-07:00",
    "UserRole": null,
    "MarkedAsAnswerDate": null
  },
  {
    "Id": "1433056",
    "ThreadId": "640202",
    "Html": "\r\n<div>\r\n<p><span style=\"font-size:11.0pt; font-family:\">I was able to do it a little simpler by making a change to EmailTemplateController and my script to create the initial ticket comment. My two custom tickets have are given custom CommentEvents. I also put the\r\n appropriate body content into the Comment and use that for the body of the email. Seems to be working but don’t have a SMTP set up yet to confirm.</span></p>\r\n<p><span style=\"font-size:11.0pt; font-family:\"></span></p>\r\n<p style=\"text-autospace:none\"><span style=\"font-size:9.5pt; font-family:Consolas; color:black; background:white\"></span><span style=\"font-size:9.5pt; font-family:Consolas; color:blue; background:white\">var</span><span style=\"font-size:9.5pt; font-family:Consolas; color:black; background:white\">\r\n commentEvent = notification.TicketComment.CommentEvent;</span></p>\r\n<p style=\"text-autospace:none\"><span style=\"font-size:9.5pt; font-family:Consolas; color:black; background:white\"></span></p>\r\n<p style=\"text-autospace:none\"><span style=\"font-size:9.5pt; font-family:Consolas; color:black; background:white\"></span><span style=\"font-size:9.5pt; font-family:Consolas; color:blue; background:white\">if</span><span style=\"font-size:9.5pt; font-family:Consolas; color:black; background:white\">\r\n (commentEvent.Equals(</span><span style=\"font-size:9.5pt; font-family:Consolas; color:#A31515; background:white\">&quot;created the audit ticket&quot;</span><span style=\"font-size:9.5pt; font-family:Consolas; color:black; background:white\">) || commentEvent.Equals(</span><span style=\"font-size:9.5pt; font-family:Consolas; color:#A31515; background:white\">&quot;created\r\n the expiring certificate ticket&quot;</span><span style=\"font-size:9.5pt; font-family:Consolas; color:black; background:white\"> )</span></p>\r\n<p style=\"text-autospace:none\"><span style=\"font-size:9.5pt; font-family:Consolas; color:black; background:white\">{</span></p>\r\n<p style=\"text-autospace:none\"><span style=\"font-size:9.5pt; font-family:Consolas; color:black; background:white\"></span></p>\r\n<p style=\"text-autospace:none\"><span style=\"font-size:9.5pt; font-family:Consolas; color:black; background:white\"></span><span style=\"font-size:9.5pt; font-family:Consolas; color:blue; background:white\">return</span><span style=\"font-size:9.5pt; font-family:Consolas; color:black; background:white\">\r\n notification.TicketComment.Comment;</span></p>\r\n<p style=\"text-autospace:none\"><span style=\"font-size:9.5pt; font-family:Consolas; color:black; background:white\"></span></p>\r\n<p><span style=\"font-size:9.5pt; font-family:Consolas; color:black; background:white\">}</span><span style=\"font-size:9.5pt; font-family:Consolas; color:black\"></span></p>\r\n<p><span style=\"font-size:9.5pt; font-family:Consolas; color:black\">Else</span></p>\r\n<p style=\"text-autospace:none\"><span style=\"font-size:9.5pt; font-family:Consolas; color:black; background:white\">{</span></p>\r\n<p style=\"text-autospace:none\"><span style=\"font-size:9.5pt; font-family:Consolas; color:black; background:white\"></span></p>\r\n<p style=\"text-autospace:none\"><span style=\"font-size:9.5pt; font-family:Consolas; color:black; background:white\"></span><span style=\"font-size:9.5pt; font-family:Consolas; color:blue; background:white\">… existing code</span><span style=\"font-size:9.5pt; font-family:Consolas; color:black; background:white\"></span></p>\r\n<p style=\"text-autospace:none\"><span style=\"font-size:9.5pt; font-family:Consolas; color:black; background:white\"></span></p>\r\n<p><span style=\"font-size:9.5pt; font-family:Consolas; color:black; background:white\">}</span><span style=\"font-size:9.5pt; font-family:Consolas; color:black\"></span></p>\r\n<p><span style=\"font-size:9.5pt; font-family:Consolas; color:black\"></span></p>\r\n<p><span style=\"font-size:11.0pt; font-family:\"></span></p>\r\n<p><a name=\"_MailEndCompose\"><span style=\"font-size:11.0pt; font-family:\"></span></a></p>\r\n<div>\r\n<div style=\"border:none; border-top:solid #E1E1E1 1.0pt; padding:3.0pt 0in 0in 0in\">\r\n<p><b><span style=\"font-size:11.0pt; font-family:\"></span></b></p>\r\n</div>\r\n</div>\r\n</div>\r\n",
    "PostedDate": "2015-07-03T14:28:21.15-07:00",
    "UserRole": null,
    "MarkedAsAnswerDate": null
  },
  {
    "Id": "1433058",
    "ThreadId": "640202",
    "Html": "Sounds like an adventure. Oddly, since you are generating the body content entirely, this would be easier to do in TD 2.5; but you seem to have it mostly worked out in 2.1. If you need to modify the actual sending routines, you'll find them in the domain class library under services. There is a queuing service class and a sending service class that do the actual mail management. Looks like you already have a handle on the content generation and templates part.\r<br />\n<br />\nFor local SMTP testing, I highly recommend <a href=\"http://antix.co.uk/Projects/SMTP-Impostor-an-SMTP-server-for-developers\" rel=\"nofollow\">Antix SMTP Imposter</a>. Super-useful and tiny little utility for testing apps that want to send email, but without any risk of actually sending emails to real people by mistake. <br />\n",
    "PostedDate": "2015-07-03T14:52:37.793-07:00",
    "UserRole": null,
    "MarkedAsAnswerDate": null
  },
  {
    "Id": "1433061",
    "ThreadId": "640202",
    "Html": "\r\n<div>\r\n<p><span style=\"font-size:11.0pt; font-family:\">Thanks. I appreciate the SMTP recommendation. That is always a problem.\r\n</span></p>\r\n<p><a name=\"_MailEndCompose\"><span style=\"font-size:11.0pt; font-family:\">I think I’m in a pretty good place right now for what I need to accomplish in this phase. I’ll let you know how it works out.\r\n</span></a></p>\r\n<p><span style=\"font-size:11.0pt; font-family:\">You help is greatly appreciated. </span>\r\n</p>\r\n<div>\r\n<div style=\"border:none; border-top:solid #E1E1E1 1.0pt; padding:3.0pt 0in 0in 0in\">\r\n<p><b><span style=\"font-size:11.0pt; font-family:\"></span></b></p>\r\n</div>\r\n</div>\r\n</div>\r\n",
    "PostedDate": "2015-07-03T15:43:01.807-07:00",
    "UserRole": null,
    "MarkedAsAnswerDate": null
  },
  {
    "Id": "1433065",
    "ThreadId": "640202",
    "Html": "Any time :)\r<br />\n<br />\nThis kind of feedback helps me see how people are using the system, and gives me a better understanding of what capabilities I need to add to future versions.<br />\n",
    "PostedDate": "2015-07-03T15:50:43.87-07:00",
    "UserRole": null,
    "MarkedAsAnswerDate": null
  },
  {
    "Id": "1433068",
    "ThreadId": "640202",
    "Html": "\r\n<div>\r\n<p><span style=\"font-size:11.0pt; font-family:\">I appreciate having what seems to be a well written framework to work with. When I’m a little more knowledgeable about how it works, I’ll offer my $.02 worth on possible improvements based on my experience as\r\n a consultant.</span></p>\r\n<p><span style=\"font-size:11.0pt; font-family:\">FYI – I’m integrating it with TeamViewer and SnapChat to try and create a semi-complete support system. Not sure if it will all work but my client loves the concept and I’m excited about making it happen.</span></p>\r\n<p><a name=\"_MailEndCompose\"><span style=\"font-size:11.0pt; font-family:\"></span></a></p>\r\n<div>\r\n<div style=\"border:none; border-top:solid #E1E1E1 1.0pt; padding:3.0pt 0in 0in 0in\">\r\n<p><b><span style=\"font-size:11.0pt; font-family:\"></span></b></p>\r\n</div>\r\n</div>\r\n</div>\r\n",
    "PostedDate": "2015-07-03T16:18:22.07-07:00",
    "UserRole": null,
    "MarkedAsAnswerDate": null
  },
  {
    "Id": "1433595",
    "ThreadId": "640202",
    "Html": "\r\n<div>\r\n<p><span style=\"font-size:11.0pt; font-family:\">Looks like I have it working to fit their needs. I’m sure I’m doing things it was never intended to handle but it’s working. Here are the core changes.</span></p>\r\n<p><span style=\"font-size:11.0pt; font-family:\">There are two monthly scheduled process that use VBscripts to add Tickets, Comments and Notification records to the database. The submitter (a user in the system being supported ) is created in the user and membership\r\n tables with no actual access to the system. </span></p>\r\n<p><span style=\"font-size:11.0pt; font-family:\">When the notifications are created emails with custom content is sent to the “submitter” notifying them of the actions required. The tickets will then be used to track the actions until they can be closed.</span></p>\r\n<p><span style=\"font-size:11.0pt; font-family:\"></span></p>\r\n<div>\r\n<div style=\"border:none; border-top:solid #E1E1E1 1.0pt; padding:3.0pt 0in 0in 0in\">\r\n<p><b><span style=\"font-size:11.0pt; font-family:\"></span></b></p>\r\n</div>\r\n</div>\r\n</div>\r\n",
    "PostedDate": "2015-07-08T10:01:31.343-07:00",
    "UserRole": null,
    "MarkedAsAnswerDate": null
  },
  {
    "Id": "1433673",
    "ThreadId": "640202",
    "Html": "It sounds like a fascinating project. I'm glad you got it all worked out. I don't see anything fundamentally wrong with how you went about achieving the working product you needed. Handling most of the work entirely outside the core system has some significant advantages over customizing the core system itself. <br />\n",
    "PostedDate": "2015-07-08T23:02:29.693-07:00",
    "UserRole": null,
    "MarkedAsAnswerDate": null
  },
  {
    "Id": "1433959",
    "ThreadId": "640202",
    "Html": "\r\n<div>\r\n<p><span style=\"font-family:\">Stephen,</span></p>\r\n<p><span style=\"font-family:\"></span></p>\r\n<p><span style=\"font-family:\">We’d like to restrict which Comments trigger notifications begin sent out. Where would we make the change to only send out certain CommetEvents. For example, not send for assignment changes but do send for\r\n</span><span style=\"font-family:\">&quot;has requested more information&quot;</span><span style=\"font-family:\">.</span></p>\r\n<p><span style=\"font-family:\">Is there a setting for that or do I have to modify the code.</span></p>\r\n<p><span style=\"font-family:\"></span></p>\r\n<p><a name=\"_MailEndCompose\"><span style=\"font-size:11.0pt; font-family:\"></span></a></p>\r\n<div>\r\n<div style=\"border:none; border-top:solid #E1E1E1 1.0pt; padding:3.0pt 0in 0in 0in\">\r\n<p><b><span style=\"font-size:11.0pt; font-family:\"></span></b></p>\r\n</div>\r\n</div>\r\n</div>\r\n",
    "PostedDate": "2015-07-10T15:01:41.427-07:00",
    "UserRole": null,
    "MarkedAsAnswerDate": null
  },
  {
    "Id": "1433984",
    "ThreadId": "640202",
    "Html": "For that you would have to modify the code.\r<br />\n<br />\nEach activity provides an opportunity for the user to supply comments (some require comments, many don't). If you wanted to suppress messages for some of those activities, then you should consider only suppressing the messages if the comment is also empty.\r<br />\n<br />\nI'm still expanding the capabilities of the notification system in TD 2.5, so I'll keep this idea in mind. I just don't know if the additional complexity would be useful to enough organizations to justify adding per-activity behavior settings... especially considering that notifications in 2.5 can have multiple delivery channels as well. Having per activity settings on a per delivery channel basis seems a bit complex, then you add to it that users will have individual settings that override system defaults too.    \r<br />\n",
    "PostedDate": "2015-07-11T01:44:34.523-07:00",
    "UserRole": null,
    "MarkedAsAnswerDate": null
  },
  {
    "Id": "1434197",
    "ThreadId": "640202",
    "Html": "\r\n<div>\r\n<p><span style=\"font-size:11.0pt; font-family:\">It gets more and more complex doesn’t it.</span></p>\r\n<p><span style=\"font-size:11.0pt; font-family:\">Where in the code should I look to suppress certain activities ( for example take over )?</span></p>\r\n<p><a name=\"_MailEndCompose\"><span style=\"font-size:11.0pt; font-family:\"></span></a></p>\r\n<div>\r\n<div style=\"border:none; border-top:solid #E1E1E1 1.0pt; padding:3.0pt 0in 0in 0in\">\r\n<p><b><span style=\"font-size:11.0pt; font-family:\"></span></b></p>\r\n</div>\r\n</div>\r\n</div>\r\n",
    "PostedDate": "2015-07-13T12:22:55.45-07:00",
    "UserRole": null,
    "MarkedAsAnswerDate": null
  },
  {
    "Id": "1434231",
    "ThreadId": "640202",
    "Html": "I think the best place in 2.1 to make the change would be in TicketService.cs. The GetActivityComment method is also responsible for calling to the notification system to queue the new message --on or around line 947 it calls AddTicketEventNotifications on the Notification service. \r<br />\n<br />\nIn the GetActivityComment method, you have access to the TicketActivity enumeration, which tells you what event you are dealing with... so just a simple &quot;if not activity I deem unworthy, then sent notification&quot;.\r<br />\n<br />\nSomething like this:<br />\n<pre><code>if(activity != TicketActivity.TakeOver &amp;&amp; activity != TicketActivity.TakeOverWithPriority)\n{\n     Notification.AddTicketEventNotifications(c, isNewOrGiveUp, notificationSubscribers);\n}</code></pre>\n\n",
    "PostedDate": "2015-07-13T21:52:10.62-07:00",
    "UserRole": null,
    "MarkedAsAnswerDate": null
  },
  {
    "Id": "1434805",
    "ThreadId": "640202",
    "Html": "\r\n<div>\r\n<p><span style=\"font-size:11.0pt; font-family:\">Thanks. I’ll give it a shot.</span></p>\r\n<p><a name=\"_MailEndCompose\"><span style=\"font-size:11.0pt; font-family:\"></span></a></p>\r\n<div>\r\n<div style=\"border:none; border-top:solid #E1E1E1 1.0pt; padding:3.0pt 0in 0in 0in\">\r\n<p><b><span style=\"font-size:11.0pt; font-family:\"></span></b></p>\r\n</div>\r\n</div>\r\n</div>\r\n",
    "PostedDate": "2015-07-17T10:00:41.11-07:00",
    "UserRole": null,
    "MarkedAsAnswerDate": null
  },
  {
    "Id": "1435546",
    "ThreadId": "640202",
    "Html": "\r\n<div>\r\n<p><span style=\"font-size:11.0pt; font-family:\">I thought you might find this of interest. I wonder if you are including this functionality in 2.5.</span></p>\r\n<p><span style=\"font-size:11.0pt; font-family:\"></span></p>\r\n<p><span style=\"font-size:11.0pt; font-family:\">Rich</span></p>\r\n<p><a name=\"_MailEndCompose\"><span style=\"font-size:11.0pt; font-family:\"></span></a></p>\r\n<div>\r\n<div style=\"border:none; border-top:solid #E1E1E1 1.0pt; padding:3.0pt 0in 0in 0in\">\r\n<p><b><span style=\"font-size:11.0pt; font-family:\"></span></b></p>\r\n</div>\r\n</div>\r\n</div>\r\n",
    "PostedDate": "2015-07-22T10:46:51.823-07:00",
    "UserRole": null,
    "MarkedAsAnswerDate": null
  }
]