[
  {
    "Id": "173313",
    "ThreadId": "51668",
    "Html": "<div id=\"ctl00_ctl00_MasterContent_Content_PostRepeater_ctl04_BodyDiv\">hi,<br><br>Thanks for u r reply. i am using windows2003 server and i changed web.config file and i changed email address based on what i want. but still it is not sending emails. it is not showing any error also in log file.<br>\r\n</div>\r\n<div> </div>\r\n<div>Regards</div>\r\n<div>koti</div>",
    "PostedDate": "2009-03-29T20:33:54.973-07:00",
    "UserRole": null,
    "MarkedAsAnswerDate": null
  },
  {
    "Id": "173320",
    "ThreadId": "51668",
    "Html": "Are you sending email through Exchange? Do you have another email system in place? External email server?<div><br></div><div><br></div>",
    "PostedDate": "2009-03-29T21:33:10.213-07:00",
    "UserRole": null,
    "MarkedAsAnswerDate": null
  }
]