[
  {
    "Id": "443717",
    "ThreadId": "212871",
    "Html": "<p>when submitting a ticket it creates it but has this error:</p>\r\n<p>If you go back to the helpdesk the ticket is there. also there seems to be a problem with the assign button.</p>\r\n<p>System.Web.HttpUnhandledException: Exception of type 'System.Web.HttpUnhandledException' was thrown. ---&gt; System.ArgumentNullException: Value cannot be null.<br>Parameter name: source<br>&nbsp;&nbsp; at System.Linq.Enumerable.Select[TSource,TResult](IEnumerable`1 source, Func`2 selector)<br>&nbsp;&nbsp; at TicketDesk.Engine.Linq.Ticket.CreateTicketEventNotificationsForComment(Int32 commentId, String commentBy) in C:\\Users\\stephenr\\Desktop\\TicketDesk_1.2.3_Source\\TicketDesk\\Engine\\Linq\\Ticket.cs:line 94<br>&nbsp;&nbsp; at TicketDesk.Engine.NotificationService.QueueTicketEventNotification(TicketComment comment) in C:\\Users\\stephenr\\Desktop\\TicketDesk_1.2.3_Source\\TicketDesk\\Engine\\NotificationService.cs:line 55<br>&nbsp;&nbsp; at TicketDesk.NewTicket.CreateTicketButton_Click(Object sender, EventArgs e) in C:\\Users\\stephenr\\Desktop\\TicketDesk_1.2.3_Source\\TicketDesk\\NewTicket.aspx.cs:line 36<br>&nbsp;&nbsp; at System.Web.UI.WebControls.Button.OnClick(EventArgs e)<br>&nbsp;&nbsp; at System.Web.UI.WebControls.Button.RaisePostBackEvent(String eventArgument)<br>&nbsp;&nbsp; at System.Web.UI.WebControls.Button.System.Web.UI.IPostBackEventHandler.RaisePostBackEvent(String eventArgument)<br>&nbsp;&nbsp; at System.Web.UI.Page.RaisePostBackEvent(IPostBackEventHandler sourceControl, String eventArgument)<br>&nbsp;&nbsp; at System.Web.UI.Page.RaisePostBackEvent(NameValueCollection postData)<br>&nbsp;&nbsp; at System.Web.UI.Page.ProcessRequestMain(Boolean includeStagesBeforeAsyncPoint, Boolean includeStagesAfterAsyncPoint)<br>&nbsp;&nbsp; --- End of inner exception stack trace ---<br>&nbsp;&nbsp; at System.Web.UI.Page.HandleError(Exception e)<br>&nbsp;&nbsp; at System.Web.UI.Page.ProcessRequestMain(Boolean includeStagesBeforeAsyncPoint, Boolean includeStagesAfterAsyncPoint)<br>&nbsp;&nbsp; at System.Web.UI.Page.ProcessRequest(Boolean includeStagesBeforeAsyncPoint, Boolean includeStagesAfterAsyncPoint)<br>&nbsp;&nbsp; at System.Web.UI.Page.ProcessRequest()<br>&nbsp;&nbsp; at System.Web.UI.Page.ProcessRequestWithNoAssert(HttpContext context)<br>&nbsp;&nbsp; at System.Web.UI.Page.ProcessRequest(HttpContext context)<br>&nbsp;&nbsp; at ASP.newticket_aspx.ProcessRequest(HttpContext context)<br>&nbsp;&nbsp; at System.Web.HttpApplication.CallHandlerExecutionStep.System.Web.HttpApplication.IExecutionStep.Execute()<br>&nbsp;&nbsp; at System.Web.HttpApplication.ExecuteStep(IExecutionStep step, Boolean&amp; completedSynchronously)</p>\r\n<p>&nbsp;</p>\r\n<p>many thanks</p>\r\n<p>Robs</p>",
    "PostedDate": "2010-05-17T04:18:52.573-07:00",
    "UserRole": null,
    "MarkedAsAnswerDate": null
  },
  {
    "Id": "443729",
    "ThreadId": "212871",
    "Html": "<p>Based on the location of the error, I would guess that your instance of ticketdesk probably does not have any users assigned to the helpdesk role. The section of code at line 94 (in the current source version at least) tries to select from the list of help desk users. It does so in a way that would fail (null value) if there were no users in this role.</p>\r\n<p>Create at least one user, assign them to the helpdesk role, and the problem should go away.</p>\r\n<p>&nbsp;</p>",
    "PostedDate": "2010-05-17T04:55:39.58-07:00",
    "UserRole": null,
    "MarkedAsAnswerDate": null
  },
  {
    "Id": "443750",
    "ThreadId": "212871",
    "Html": "<p>Hi,</p>\r\n<p>it is AD driven,</p>\r\n<p>it turned out it fidnt like a long name for a group. recreated the group with a shorter name and so far seems to be working. except for the new post i created which may or may not be related</p>",
    "PostedDate": "2010-05-17T05:34:49.03-07:00",
    "UserRole": null,
    "MarkedAsAnswerDate": null
  },
  {
    "Id": "443755",
    "ThreadId": "212871",
    "Html": "<p>Yeah... AD has a lot of odd little quirks like that.</p>\r\n<p>I'm considering a major change in 2.0 for AD sites where the system maintains it's own internal user accounts for all users on any platform, and just allow you to associate that user account with an AD user identity. It would use the AD only for the basic authentication. Additional user details would be stored locally and it would not use AD groups at all for internal roles and permissions.&nbsp;</p>\r\n<p>Cutting out the reliance on AD for groups and user metadata would be simpler to maintain and less prone to bugs. Probably would also be simpler from an admin and support standpoint to in most environments.&nbsp;</p>",
    "PostedDate": "2010-05-17T05:49:59.11-07:00",
    "UserRole": null,
    "MarkedAsAnswerDate": null
  }
]