[
  {
    "Id": "255981",
    "ThreadId": "74793",
    "Html": "<p>Is there any way to adjust for different time zones?&nbsp; The site is hosted on West Coast,&nbsp; but users on on east coast, in EST.</p>\r\n<p>Thanks</p>",
    "PostedDate": "2009-11-11T07:10:41.957-08:00",
    "UserRole": null,
    "MarkedAsAnswerDate": null
  },
  {
    "Id": "256433",
    "ThreadId": "74793",
    "Html": "There is no built in support for this in 1.x. \r\n\r\nI do plan to tackle the problem in 2.x though.\r\n ",
    "PostedDate": "2009-11-12T10:54:28.99-08:00",
    "UserRole": null,
    "MarkedAsAnswerDate": null
  }
]