[
  {
    "Id": "562112",
    "ThreadId": "245013",
    "Html": "\r\n<p>&nbsp;Stephen. I saw you bosted a new beta which seems Pre-Packaged or Deployable.</p>\r\n<p>&nbsp;I am currently working with it and found a few missing objects.</p>\r\n<p>&nbsp;ASP.net MVC 2.&nbsp; Please read the following and see if this makes sense.</p>\r\n<p><a href=\"http://blog.thegabrielflores.com/2010/04/could-not-load-file-or-assembly.html\">http://blog.thegabrielflores.com/2010/04/could-not-load-file-or-assembly.html</a></p>\r\n<p>&nbsp;</p>\r\n",
    "PostedDate": "2011-02-07T10:46:11.187-08:00",
    "UserRole": null,
    "MarkedAsAnswerDate": null
  },
  {
    "Id": "562155",
    "ThreadId": "245013",
    "Html": "\r\n<p>&nbsp;Confirmed.&nbsp; Installed MVC2 and that issue went away. Now connection string issues with the metadata.</p>\r\n",
    "PostedDate": "2011-02-07T11:46:52.737-08:00",
    "UserRole": null,
    "MarkedAsAnswerDate": null
  },
  {
    "Id": "562323",
    "ThreadId": "245013",
    "Html": "\r\n<p>The distribution is for .NET 4.0 environments, which should include the MVC 2 bits in the GAC already.&nbsp;</p>\r\n<p>For the compiled distributions, I did not explicitly include the MVC assemblies in the local bin folder. When installing to a server with the full .NET 4.0 stack this is unnecessary. Copying in the MVC assemblies to the local bin folder would lock ticketdesk\r\n into the version of those assemblies available at the time I compiled it. If there are patches, or hot fixes applied to the server that update the MVC or other framework bits, then ticketdesk would not be able to use the updated GAC assemblies if it were locked\r\n into using a local bin assembly. &nbsp;</p>\r\n<p>&nbsp;</p>\r\n",
    "PostedDate": "2011-02-07T17:25:05.26-08:00",
    "UserRole": null,
    "MarkedAsAnswerDate": null
  },
  {
    "Id": "562327",
    "ThreadId": "245013",
    "Html": "\r\n<p>&nbsp;Admittably. I know or knew nothing about MVC. I had to come home today to watch videos and read on asp.net to find out what it actually was.</p>\r\n<p>either way. I did have a fresh install of .net 4.0 installed.&nbsp; Had the errors. Installed MVC 2.0 and the errors went away. ??????&nbsp; Not to say i dont have a whole other mess of errors realted to the new connecttion strings in play.</p>\r\n<p>2nd connections string in web.config.&nbsp; I dont have it in front of me.&nbsp; has a new set of connections strings.&nbsp; I am running a full SQL not MSDE so pointing this new string is showing to be a bit more complicated.&nbsp; At first I saw &amp;quot\r\n and thought it was an error the way the files copied and corrected the quotes. To find that was wrong. &amp;quot belongs or can be used as a single quote.</p>\r\n<p>If you have a working string laying around where this point to a full version of sql please pass it over so I can compare to what I have.&nbsp;</p>\r\n",
    "PostedDate": "2011-02-07T17:52:12.857-08:00",
    "UserRole": null,
    "MarkedAsAnswerDate": null
  },
  {
    "Id": "562328",
    "ThreadId": "245013",
    "Html": "\r\n<p>TicketDeskEntities is what i was reffering to.</p>\r\n<p>I had to post and go look at the listed connection strings to remember the naming.</p>\r\n<p>Either way.&nbsp; Could you provide a sample to a database connection say....... 192.168.10.10 user id= test; pass=test</p>\r\n",
    "PostedDate": "2011-02-07T17:54:37.147-08:00",
    "UserRole": null,
    "MarkedAsAnswerDate": null
  },
  {
    "Id": "562667",
    "ThreadId": "245013",
    "Html": "\r\n<p>My Current Errors......</p>\r\n<p>1) Invalid object name 'dbo.Settings'.<br>\r\n<br>\r\nResulting in: An error occurred while executing the command definition. See the inner exception for details.<br>\r\n<br>\r\nResulting in: An exception occurred while trying to get the value of property 'TicketDesk.Web.Client.MefManager.LuceneDirectory'.<br>\r\n<br>\r\nResulting in: Cannot get export 'TicketDesk.Web.Client.MefManager.LuceneDirectory (ContractName=&quot;LuceneDirectory&quot;)' from part 'TicketDesk.Web.Client.MefManager'.<br>\r\nElement: TicketDesk.Web.Client.MefManager.LuceneDirectory (ContractName=&quot;LuceneDirectory&quot;) --&gt; &nbsp;TicketDesk.Web.Client.MefManager --&gt; &nbsp;DirectoryCatalog (Path=&quot;F:\\Ticketdesk_2.0\\bin&quot;)<br>\r\n<br>\r\nResulting in: Cannot set import 'TicketDesk.Domain.Services.TicketSearchService..ctor (Parameter=&quot;indexLocation&quot;, ContractName=&quot;LuceneDirectory&quot;)' on part 'TicketDesk.Domain.Services.TicketSearchService'.<br>\r\nElement: TicketDesk.Domain.Services.TicketSearchService..ctor (Parameter=&quot;indexLocation&quot;, ContractName=&quot;LuceneDirectory&quot;) --&gt; &nbsp;TicketDesk.Domain.Services.TicketSearchService --&gt; &nbsp;DirectoryCatalog (Path=&quot;F:\\Ticketdesk_2.0\\bin&quot;)<br>\r\n<br>\r\nResulting in: Cannot get export 'TicketDesk.Domain.Services.TicketSearchService (ContractName=&quot;TicketDesk.Domain.Services.TicketSearchService&quot;)' from part 'TicketDesk.Domain.Services.TicketSearchService'.<br>\r\nElement: TicketDesk.Domain.Services.TicketSearchService (ContractName=&quot;TicketDesk.Domain.Services.TicketSearchService&quot;) --&gt; &nbsp;TicketDesk.Domain.Services.TicketSearchService --&gt; &nbsp;DirectoryCatalog (Path=&quot;F:\\Ticketdesk_2.0\\bin&quot;)<br>\r\n<br>\r\n</p>\r\n",
    "PostedDate": "2011-02-08T07:04:42.397-08:00",
    "UserRole": null,
    "MarkedAsAnswerDate": null
  },
  {
    "Id": "562757",
    "ThreadId": "245013",
    "Html": "\r\n<p>The connection strings aren't that tough usually:</p>\r\n<p>Here is a SQL with SQL Login example:</p>\r\n<p style=\"padding-left:30px\">&lt;add name=&quot;TicketDeskSecurityConnectionString&quot; connectionString=&quot;data source=server.domain.com;initial catalog=TicketDesk;uid=TdUser;pwd=!PasswordX;&quot; providerName=&quot;System.Data.SqlClient&quot;/&gt;&nbsp;&nbsp; &nbsp;</p>\r\n<p style=\"padding-left:30px\">&lt;add name=&quot;TicketDeskEntities&quot; connectionString=&quot;metadata=res://*/Models.TicketDeskEntities.csdl|res://*/Models.TicketDeskEntities.ssdl|res://*/Models.TicketDeskEntities.msl;provider=System.Data.SqlClient;provider connection\r\n string=&amp;quot;<span style=\"color:#800000\"><strong>data source=server.domain.com;initial catalog=TicketDesk;uid=TdUser;pwd=!PasswordX;</strong></span>&amp;quot;&quot; providerName=&quot;System.Data.EntityClient&quot;/&gt;&nbsp;&nbsp; &nbsp;</p>\r\n<p style=\"padding-left:30px\">&lt;add name=&quot;ElmahLog&quot; connectionString=&quot;data source=server.domain.com;initial catalog=TicketDesk;uid=TdUser;pwd=!PasswordX;&quot; providerName=&quot;System.Data.SqlClient&quot;/&gt;</p>\r\n<p>In this example, all of the SQL stuff is being handled in a single DB.</p>\r\n<p>The part in bold-red is the only part of the entities connection string that would change; and you'll note that it should be identical to a regular connection string.</p>\r\n<p>The actual error you are seeing suggests that you haven't run the upgrade scripts against the database that ticketdesk is pointed at; or the database is missing some of the tables anyway (the settings table in particular).</p>\r\n",
    "PostedDate": "2011-02-08T08:56:30.407-08:00",
    "UserRole": null,
    "MarkedAsAnswerDate": null
  }
]