[
  {
    "Id": "1337218",
    "ThreadId": "576298",
    "Html": "I've finally taken time to re-create the <a href=\"https://github.com/StephenRedd/TicketDesk/\" rel=\"nofollow\">github TicketDesk repository</a>, and I have moved primary development for TicketDesk there. \r<br />\n<br />\nI greatly appreciate the community that has evolved on codeplex over the years, and everyone's support for the TicketDesk project. I intend to keep fully supporting the codeplex community forward. \r<br />\n<br />\nTicketDesk's Code will still be pushed to the codeplex repository, new releases will still be made available for download here, and the documentation will be kept up to date as well. \r<br />\n<br />\nI will also continue to monitor and answer discussion here on codeplex, just as I have always done.\r<br />\n<br />\nThe main thing that will change is that new issues posted on CodePlex will be moved over to GitHub instead. I'll post a link in the codeplex issue before I close it out.\r<br />\n<br />\nDevelopers planning to submit pull requests should fork the github repository instead, and I would prefer that all pull requests be submitted through github as well. \r<br />\n<br />\nThanks again for everyone's support!<br />\n",
    "PostedDate": "2014-12-25T21:26:25.38-08:00",
    "UserRole": null,
    "MarkedAsAnswerDate": null
  },
  {
    "Id": "1337541",
    "ThreadId": "576298",
    "Html": "It is difficult to maintain the documentation on codeplex and github due to the wildly different syntaxes each use. For now, I'm leaving the docs in both places, but when I start working on TD 2.5 documentation I'll likely move all docs to github wiki (and/or pages), and just link to that from the CodePlex documentation tab.<br />\n",
    "PostedDate": "2014-12-28T13:13:59.207-08:00",
    "UserRole": null,
    "MarkedAsAnswerDate": null
  }
]