[
  {
    "Id": "1014116",
    "ThreadId": "436365",
    "Html": "I've previously built a WebApi using MVC but I had quite a bit of help from Google and ASP.NET forums.<br />\n\r<br />\nI've been trying to get TicketDesk 2.1 setup for about 2 hours now with no success.  I've tried just copying the compiled application straight over to my IIS 7 box and converting it to an application with .NET 4.0 and integrated pool.\r<br />\n<br />\nCan anyone help me with this?<br />\n",
    "PostedDate": "2013-03-12T12:01:23.043-07:00",
    "UserRole": null,
    "MarkedAsAnswerDate": null
  },
  {
    "Id": "1014183",
    "ThreadId": "436365",
    "Html": "Can you tell us a little about the specific issues or errors you are having?\r<br />\n<br />\nThe pre-compiled version should run on most IIS 7 instances without any modification as long as the server also has SQL Express (2008 R2 or earlier). If you are using the latest download from codeplex, you should update your server to the .Net framework 4.5 as well. \r<br />\n<br />\nSQL Express 2012 no longer supports file-attached databases, so if you are using SQL 2012, you will need to  update the web.config to use your SQL 2012 localdb instance, or manually attach the database file to the SQL Express 2012 instance and ensure the connection strings are valid for your instance.    <br />\n",
    "PostedDate": "2013-03-12T14:25:20.847-07:00",
    "UserRole": null,
    "MarkedAsAnswerDate": null
  },
  {
    "Id": "1014184",
    "ThreadId": "436365",
    "Html": "I had used the included .sql files to make use of my 2005 SQL db box.  I ran all three files and then checked the database and I can see all the data there like it is in the .mdb file.<br />\n<br />\nI setup the connection strings to connect to my db box but no luck.<br />\n<br />\n```<br />\n<h2>Server Error in '/TicketDesk' Application.</h2>\nThe composition produced a single composition error. The root cause is provided below. Review the CompositionException.Errors property for more detailed information.<br />\n<br />\n1) The specified named connection is either not found in the configuration, not intended to be used with the EntityClient provider, or not valid.<br />\n<br />\nResulting in: An exception occurred while trying to create an instance of type 'TicketDesk.Domain.Repositories.ApplicationSettingsRepository'.<br />\n<br />\nResulting in: Cannot activate part 'TicketDesk.Domain.Repositories.ApplicationSettingsRepository'.<br />\nElement: TicketDesk.Domain.Repositories.ApplicationSettingsRepository --&gt;  TicketDesk.Domain.Repositories.ApplicationSettingsRepository --&gt;  DirectoryCatalog (Path=&quot;D:\\Web\\Secure\\TicketDesk\\bin&quot;)<br />\n<br />\nResulting in: Cannot get export 'TicketDesk.Domain.Repositories.ApplicationSettingsRepository (ContractName=&quot;TicketDesk.Domain.Repositories.IApplicationSettingsRepository&quot;)' from part 'TicketDesk.Domain.Repositories.ApplicationSettingsRepository'.<br />\nElement: TicketDesk.Domain.Repositories.ApplicationSettingsRepository (ContractName=&quot;TicketDesk.Domain.Repositories.IApplicationSettingsRepository&quot;) --&gt;  TicketDesk.Domain.Repositories.ApplicationSettingsRepository --&gt;  DirectoryCatalog (Path=&quot;D:\\Web\\Secure\\TicketDesk\\bin&quot;)<br />\n<br />\nResulting in: Cannot set import 'TicketDesk.Domain.Services.ApplicationSettingsService..ctor (Parameter=&quot;settingsRepository&quot;, ContractName=&quot;TicketDesk.Domain.Repositories.IApplicationSettingsRepository&quot;)' on part 'TicketDesk.Domain.Services.ApplicationSettingsService'.<br />\nElement: TicketDesk.Domain.Services.ApplicationSettingsService..ctor (Parameter=&quot;settingsRepository&quot;, ContractName=&quot;TicketDesk.Domain.Repositories.IApplicationSettingsRepository&quot;) --&gt;  TicketDesk.Domain.Services.ApplicationSettingsService --&gt;  DirectoryCatalog (Path=&quot;D:\\Web\\Secure\\TicketDesk\\bin&quot;)<br />\n<br />\nResulting in: Cannot get export 'TicketDesk.Domain.Services.ApplicationSettingsService (ContractName=&quot;TicketDesk.Domain.Services.IApplicationSettingsService&quot;)' from part 'TicketDesk.Domain.Services.ApplicationSettingsService'.<br />\nElement: TicketDesk.Domain.Services.ApplicationSettingsService (ContractName=&quot;TicketDesk.Domain.Services.IApplicationSettingsService&quot;) --&gt;  TicketDesk.Domain.Services.ApplicationSettingsService --&gt;  DirectoryCatalog (Path=&quot;D:\\Web\\Secure\\TicketDesk\\bin&quot;)<br />\n <br />\nDescription: An unhandled exception occurred during the execution of the current web request. Please review the stack trace for more information about the error and where it originated in the code. <br />\n<br />\nException Details: System.ComponentModel.Composition.CompositionException: The composition produced a single composition error. The root cause is provided below. Review the CompositionException.Errors property for more detailed information.<br />\n<br />\n1) The specified named connection is either not found in the configuration, not intended to be used with the EntityClient provider, or not valid.<br />\n<br />\nResulting in: An exception occurred while trying to create an instance of type 'TicketDesk.Domain.Repositories.ApplicationSettingsRepository'.<br />\n<br />\nResulting in: Cannot activate part 'TicketDesk.Domain.Repositories.ApplicationSettingsRepository'.<br />\nElement: TicketDesk.Domain.Repositories.ApplicationSettingsRepository --&gt;  TicketDesk.Domain.Repositories.ApplicationSettingsRepository --&gt;  DirectoryCatalog (Path=&quot;D:\\Web\\Secure\\TicketDesk\\bin&quot;)<br />\n<br />\nResulting in: Cannot get export 'TicketDesk.Domain.Repositories.ApplicationSettingsRepository (ContractName=&quot;TicketDesk.Domain.Repositories.IApplicationSettingsRepository&quot;)' from part 'TicketDesk.Domain.Repositories.ApplicationSettingsRepository'.<br />\nElement: TicketDesk.Domain.Repositories.ApplicationSettingsRepository (ContractName=&quot;TicketDesk.Domain.Repositories.IApplicationSettingsRepository&quot;) --&gt;  TicketDesk.Domain.Repositories.ApplicationSettingsRepository --&gt;  DirectoryCatalog (Path=&quot;D:\\Web\\Secure\\TicketDesk\\bin&quot;)<br />\n<br />\nResulting in: Cannot set import 'TicketDesk.Domain.Services.ApplicationSettingsService..ctor (Parameter=&quot;settingsRepository&quot;, ContractName=&quot;TicketDesk.Domain.Repositories.IApplicationSettingsRepository&quot;)' on part 'TicketDesk.Domain.Services.ApplicationSettingsService'.<br />\nElement: TicketDesk.Domain.Services.ApplicationSettingsService..ctor (Parameter=&quot;settingsRepository&quot;, ContractName=&quot;TicketDesk.Domain.Repositories.IApplicationSettingsRepository&quot;) --&gt;  TicketDesk.Domain.Services.ApplicationSettingsService --&gt;  DirectoryCatalog (Path=&quot;D:\\Web\\Secure\\TicketDesk\\bin&quot;)<br />\n<br />\nResulting in: Cannot get export 'TicketDesk.Domain.Services.ApplicationSettingsService (ContractName=&quot;TicketDesk.Domain.Services.IApplicationSettingsService&quot;)' from part 'TicketDesk.Domain.Services.ApplicationSettingsService'.<br />\nElement: TicketDesk.Domain.Services.ApplicationSettingsService (ContractName=&quot;TicketDesk.Domain.Services.IApplicationSettingsService&quot;) --&gt;  TicketDesk.Domain.Services.ApplicationSettingsService --&gt;  DirectoryCatalog (Path=&quot;D:\\Web\\Secure\\TicketDesk\\bin&quot;)<br />\n<br />\n<br />\nSource Error: <br />\n<br />\n<br />\n<br />\n<br />\nAn unhandled exception was generated during the execution of the current web request. Information regarding the origin and location of the exception can be identified using the exception stack trace below.<br />\n<br />\n<br />\nStack Trace: <br />\n<br />\n<br />\n<br />\n<br />\n<br />\n[CompositionException: The composition produced a single composition error. The root cause is provided below. Review the CompositionException.Errors property for more detailed information.<br />\n<br />\n1) The specified named connection is either not found in the configuration, not intended to be used with the EntityClient provider, or not valid.<br />\n<br />\nResulting in: An exception occurred while trying to create an instance of type 'TicketDesk.Domain.Repositories.ApplicationSettingsRepository'.<br />\n<br />\nResulting in: Cannot activate part 'TicketDesk.Domain.Repositories.ApplicationSettingsRepository'.<br />\nElement: TicketDesk.Domain.Repositories.ApplicationSettingsRepository --&gt;  TicketDesk.Domain.Repositories.ApplicationSettingsRepository --&gt;  DirectoryCatalog (Path=&quot;D:\\Web\\Secure\\TicketDesk\\bin&quot;)<br />\n<br />\nResulting in: Cannot get export 'TicketDesk.Domain.Repositories.ApplicationSettingsRepository (ContractName=&quot;TicketDesk.Domain.Repositories.IApplicationSettingsRepository&quot;)' from part 'TicketDesk.Domain.Repositories.ApplicationSettingsRepository'.<br />\nElement: TicketDesk.Domain.Repositories.ApplicationSettingsRepository (ContractName=&quot;TicketDesk.Domain.Repositories.IApplicationSettingsRepository&quot;) --&gt;  TicketDesk.Domain.Repositories.ApplicationSettingsRepository --&gt;  DirectoryCatalog (Path=&quot;D:\\Web\\Secure\\TicketDesk\\bin&quot;)<br />\n<br />\nResulting in: Cannot set import 'TicketDesk.Domain.Services.ApplicationSettingsService..ctor (Parameter=&quot;settingsRepository&quot;, ContractName=&quot;TicketDesk.Domain.Repositories.IApplicationSettingsRepository&quot;)' on part 'TicketDesk.Domain.Services.ApplicationSettingsService'.<br />\nElement: TicketDesk.Domain.Services.ApplicationSettingsService..ctor (Parameter=&quot;settingsRepository&quot;, ContractName=&quot;TicketDesk.Domain.Repositories.IApplicationSettingsRepository&quot;) --&gt;  TicketDesk.Domain.Services.ApplicationSettingsService --&gt;  DirectoryCatalog (Path=&quot;D:\\Web\\Secure\\TicketDesk\\bin&quot;)<br />\n<br />\nResulting in: Cannot get export 'TicketDesk.Domain.Services.ApplicationSettingsService (ContractName=&quot;TicketDesk.Domain.Services.IApplicationSettingsService&quot;)' from part 'TicketDesk.Domain.Services.ApplicationSettingsService'.<br />\nElement: TicketDesk.Domain.Services.ApplicationSettingsService (ContractName=&quot;TicketDesk.Domain.Services.IApplicationSettingsService&quot;) --&gt;  TicketDesk.Domain.Services.ApplicationSettingsService --&gt;  DirectoryCatalog (Path=&quot;D:\\Web\\Secure\\TicketDesk\\bin&quot;)<br />\n]<br />\n   System.ComponentModel.Composition.Hosting.CompositionServices.GetExportedValueFromComposedPart(ImportEngine engine, ComposablePart part, ExportDefinition definition) +499491<br />\n   System.ComponentModel.Composition.Hosting.CatalogExportProvider.GetExportedValue(CatalogPart part, ExportDefinition export, Boolean isSharedPart) +119<br />\n   System.ComponentModel.Composition.ExportServices.GetCastedExportedValue(Export export) +169<br />\n   System.ComponentModel.Composition.Hosting.ExportProvider.GetExportedValueCore(String contractName, ImportCardinality cardinality) +175<br />\n   TicketDesk.Web.Client.MvcApplication.Application_Start() +54<br />\n<br />\n[HttpException (0x80004005): The composition produced a single composition error. The root cause is provided below. Review the CompositionException.Errors property for more detailed information.<br />\n<br />\n1) The specified named connection is either not found in the configuration, not intended to be used with the EntityClient provider, or not valid.<br />\n<br />\nResulting in: An exception occurred while trying to create an instance of type 'TicketDesk.Domain.Repositories.ApplicationSettingsRepository'.<br />\n<br />\nResulting in: Cannot activate part 'TicketDesk.Domain.Repositories.ApplicationSettingsRepository'.<br />\nElement: TicketDesk.Domain.Repositories.ApplicationSettingsRepository --&gt;  TicketDesk.Domain.Repositories.ApplicationSettingsRepository --&gt;  DirectoryCatalog (Path=&quot;D:\\Web\\Secure\\TicketDesk\\bin&quot;)<br />\n<br />\nResulting in: Cannot get export 'TicketDesk.Domain.Repositories.ApplicationSettingsRepository (ContractName=&quot;TicketDesk.Domain.Repositories.IApplicationSettingsRepository&quot;)' from part 'TicketDesk.Domain.Repositories.ApplicationSettingsRepository'.<br />\nElement: TicketDesk.Domain.Repositories.ApplicationSettingsRepository (ContractName=&quot;TicketDesk.Domain.Repositories.IApplicationSettingsRepository&quot;) --&gt;  TicketDesk.Domain.Repositories.ApplicationSettingsRepository --&gt;  DirectoryCatalog (Path=&quot;D:\\Web\\Secure\\TicketDesk\\bin&quot;)<br />\n<br />\nResulting in: Cannot set import 'TicketDesk.Domain.Services.ApplicationSettingsService..ctor (Parameter=&quot;settingsRepository&quot;, ContractName=&quot;<br />\n",
    "PostedDate": "2013-03-12T14:27:33.697-07:00",
    "UserRole": null,
    "MarkedAsAnswerDate": null
  },
  {
    "Id": "1016162",
    "ThreadId": "436365",
    "Html": "The message is pretty clear. The connection string the application is looking for in web.config is either incorrect, or malformed. Check the form against the SqlWeb.config file (which is pretty much a copy of the stock web.config with default settings). Make sure it has the right connection name (case sensitive), and that the connection string works.  <br />\n",
    "PostedDate": "2013-03-15T15:22:27.437-07:00",
    "UserRole": null,
    "MarkedAsAnswerDate": null
  },
  {
    "Id": "1017119",
    "ThreadId": "436365",
    "Html": "My SQL server required authentication and I noticed that they SQLweb.config doesn't have anything in it for db authentication.  Can I use it?  Can I also use AD for login with this config?<br />\n",
    "PostedDate": "2013-03-18T08:35:10.173-07:00",
    "UserRole": null,
    "MarkedAsAnswerDate": null
  },
  {
    "Id": "1017227",
    "ThreadId": "436365",
    "Html": "You can connect to any SQL server, with any options you need. You just have to craft the right connection string. The full documentation for the connection string syntax can be found on <a href=\"http://msdn.microsoft.com/en-us/library/system.data.sqlclient.sqlconnection.connectionstring.aspx\" rel=\"nofollow\">MSDN here</a>. For AD, you use the &quot;trusted_connection&quot; or &quot;integrated security&quot; switches. For SQL logins, use the user and password switches. There are a bunch of <a href=\"http://www.connectionstrings.com/sql-server-2012\" rel=\"nofollow\">examples of the most common connection patterns here.</a> <br />\n",
    "PostedDate": "2013-03-18T11:03:03.017-07:00",
    "UserRole": null,
    "MarkedAsAnswerDate": null
  },
  {
    "Id": "1017252",
    "ThreadId": "436365",
    "Html": "Okay, so I have my ConnectionString's setup just like all my other applications are.  They are all on the same web server and they all connect back to the same db.  I have a certain db account that is userd on two other apps that I'm using in this one to access the same db.   The app still will not connect though.<br />\n<pre><code>\nServer Error in '/TicketDesk' Application.\n--------------------------------------------------------------------------------\n\n\n Login failed for user 'ADMIN\\Web$'. \nDescription: An unhandled exception occurred during the execution of the current web request. Please review the stack trace for more information about the error and where it originated in the code. \n\nException Details: System.Data.SqlClient.SqlException: Login failed for user 'ADMIN\\Web$'.\n\nSource Error: \n\n\n\n\nAn unhandled exception was generated during the execution of the current web request. Information regarding the origin and location of the exception can be identified using the exception stack trace below.\n\n\nStack Trace: \n\n\n\n\n\n[SqlException (0x80131904): Login failed for user 'ADMIN\\Web$'.]\n   System.Data.SqlClient.SqlInternalConnection.OnError(SqlException exception, Boolean breakConnection, Action`1 wrapCloseInAction) +6675286\n   System.Data.SqlClient.TdsParser.ThrowExceptionAndWarning(TdsParserStateObject stateObj, Boolean callerHasConnectionLock, Boolean asyncClose) +688\n   System.Data.SqlClient.TdsParser.TryRun(RunBehavior runBehavior, SqlCommand cmdHandler, SqlDataReader dataStream, BulkCopySimpleResultSet bulkCopyHandler, TdsParserStateObject stateObj, Boolean&amp; dataReady) +4403\n   System.Data.SqlClient.TdsParser.Run(RunBehavior runBehavior, SqlCommand cmdHandler, SqlDataReader dataStream, BulkCopySimpleResultSet bulkCopyHandler, TdsParserStateObject stateObj) +84\n   System.Data.SqlClient.SqlInternalConnectionTds.CompleteLogin(Boolean enlistOK) +55\n   System.Data.SqlClient.SqlInternalConnectionTds.AttemptOneLogin(ServerInfo serverInfo, String newPassword, SecureString newSecurePassword, Boolean ignoreSniOpenTimeout, TimeoutTimer timeout, Boolean withFailover) +368\n   System.Data.SqlClient.SqlInternalConnectionTds.LoginNoFailover(ServerInfo serverInfo, String newPassword, SecureString newSecurePassword, Boolean redirectedUserInstance, SqlConnectionString connectionOptions, SqlCredential credential, TimeoutTimer timeout) +6703926\n   System.Data.SqlClient.SqlInternalConnectionTds.OpenLoginEnlist(TimeoutTimer timeout, SqlConnectionString connectionOptions, SqlCredential credential, String newPassword, SecureString newSecurePassword, Boolean redirectedUserInstance) +6704427\n   System.Data.SqlClient.SqlInternalConnectionTds..ctor(DbConnectionPoolIdentity identity, SqlConnectionString connectionOptions, SqlCredential credential, Object providerInfo, String newPassword, SecureString newSecurePassword, Boolean redirectedUserInstance, SqlConnectionString userConnectionOptions) +610\n   System.Data.SqlClient.SqlConnectionFactory.CreateConnection(DbConnectionOptions options, DbConnectionPoolKey poolKey, Object poolGroupProviderInfo, DbConnectionPool pool, DbConnection owningConnection, DbConnectionOptions userOptions) +727\n   System.Data.ProviderBase.DbConnectionFactory.CreatePooledConnection(DbConnectionPool pool, DbConnectionOptions options, DbConnectionPoolKey poolKey, DbConnectionOptions userOptions) +74\n   System.Data.ProviderBase.DbConnectionPool.CreateObject(DbConnectionOptions userOptions) +6706995\n   System.Data.ProviderBase.DbConnectionPool.UserCreateRequest(DbConnectionOptions userOptions) +78\n   System.Data.ProviderBase.DbConnectionPool.TryGetConnection(DbConnection owningObject, UInt32 waitForMultipleObjectsTimeout, Boolean allowCreate, Boolean onlyOneCheckConnection, DbConnectionOptions userOptions, DbConnectionInternal&amp; connection) +2192\n   System.Data.ProviderBase.DbConnectionPool.TryGetConnection(DbConnection owningObject, TaskCompletionSource`1 retry, DbConnectionOptions userOptions, DbConnectionInternal&amp; connection) +116\n   System.Data.ProviderBase.DbConnectionFactory.TryGetConnection(DbConnection owningConnection, TaskCompletionSource`1 retry, DbConnectionOptions userOptions, DbConnectionInternal&amp; connection) +1012\n   System.Data.ProviderBase.DbConnectionClosed.TryOpenConnection(DbConnection outerConnection, DbConnectionFactory connectionFactory, TaskCompletionSource`1 retry, DbConnectionOptions userOptions) +6711619\n   System.Data.SqlClient.SqlConnection.TryOpen(TaskCompletionSource`1 retry) +152\n   System.Data.SqlClient.SqlConnection.Open() +229\n   System.Data.EntityClient.EntityConnection.OpenStoreConnectionIf(Boolean openCondition, DbConnection storeConnectionToOpen, DbConnection originalConnection, String exceptionCode, String attemptedOperation, Boolean&amp; closeStoreConnectionOnFailure) +102\n\n[EntityException: The underlying provider failed on Open.]\n   System.Data.EntityClient.EntityConnection.OpenStoreConnectionIf(Boolean openCondition, DbConnection storeConnectionToOpen, DbConnection originalConnection, String exceptionCode, String attemptedOperation, Boolean&amp; closeStoreConnectionOnFailure) +11440935\n   System.Data.EntityClient.EntityConnection.Open() +142\n   System.Data.Objects.ObjectContext.EnsureConnection() +97\n   System.Data.Objects.ObjectQuery`1.GetResults(Nullable`1 forMergeOption) +66\n   System.Data.Objects.ObjectQuery`1.System.Collections.Generic.IEnumerable&lt;T&gt;.GetEnumerator() +51\n   System.Linq.Enumerable.SingleOrDefault(IEnumerable`1 source, Func`2 predicate) +108\n   TicketDesk.Domain.Services.ApplicationSettingsService.GetSettingValue(String settingName) +176\n   TicketDesk.Domain.Services.ApplicationSettingsService.get_HideHomePage() +22\n   TicketDesk.Web.Client.MvcApplication.Application_Start() +160\n\n[HttpException (0x80004005): The underlying provider failed on Open.]\n   System.Web.HttpApplicationFactory.EnsureAppStartCalledForIntegratedMode(HttpContext context, HttpApplication app) +12864673\n   System.Web.HttpApplication.RegisterEventSubscriptionsWithIIS(IntPtr appContext, HttpContext context, MethodInfo[] handlers) +175\n   System.Web.HttpApplication.InitSpecial(HttpApplicationState state, MethodInfo[] handlers, IntPtr appContext, HttpContext context) +304\n   System.Web.HttpApplicationFactory.GetSpecialApplicationInstance(IntPtr appContext, HttpContext context) +404\n   System.Web.Hosting.PipelineRuntime.InitializeApplication(IntPtr appContext) +475\n\n[HttpException (0x80004005): The underlying provider failed on Open.]\n   System.Web.HttpRuntime.FirstRequestInit(HttpContext context) +12881540\n   System.Web.HttpRuntime.EnsureFirstRequestInit(HttpContext context) +159\n   System.Web.HttpRuntime.ProcessRequestNotificationPrivate(IIS7WorkerRequest wr, HttpContext context) +12722601\n \n\n\n--------------------------------------------------------------------------------\nVersion Information: Microsoft .NET Framework Version:4.0.30319; ASP.NET Version:4.0.30319.17929 </code></pre>\n\n",
    "PostedDate": "2013-03-18T11:52:52.77-07:00",
    "UserRole": null,
    "MarkedAsAnswerDate": null
  },
  {
    "Id": "1017266",
    "ThreadId": "436365",
    "Html": "Nevermind, I have it working now.  Thank you thank you thank you for all of your help.<br />\n",
    "PostedDate": "2013-03-18T12:21:17.71-07:00",
    "UserRole": null,
    "MarkedAsAnswerDate": null
  }
]