[
  {
    "Id": "106720",
    "ThreadId": "32159",
    "Html": "Hello,<br>\r\n<br>\r\nThis is my first time using AD users. From debugging, it seems like the TicketDesk system is not recognizing the groups a user belongs to. I have created three groups in AD, Submitter, HelpDesk, HelpDeskAdmin and they match with the key values in the web config.<br>\r\n<br>\r\nThe reason I think it's not recognizing the groups is, when I change authorization in web config to allow all authenticated user it works fine. When I change it back to only allow users in one of these groups I get an error saying access denied.<br>\r\n<br>\r\nWhere can start looking for the problem?\r\n",
    "PostedDate": "2008-07-23T23:41:49.02-07:00",
    "UserRole": null,
    "MarkedAsAnswerDate": null
  },
  {
    "Id": "106843",
    "ThreadId": "32159",
    "Html": "I suppose the first thing is to make sure that users are assigned to the AD groups that you have created.&nbsp; I'd need more details about your error message and configuration to know more. I would try something a little more telling. Does the system work if you set the authorization to allow roles=&quot;domain\\domain users&quot; ?<br>\r\n",
    "PostedDate": "2008-07-24T10:44:56.367-07:00",
    "UserRole": null,
    "MarkedAsAnswerDate": null
  },
  {
    "Id": "108118",
    "ThreadId": "32159",
    "Html": "This is error I get,&nbsp; I am temporarily using our administrator account to read from AD.<br>\r\n<h2><i>Access is denied.</i> </h2>\r\n<span style=\"font-family:Arial, Helvetica, Geneva, SunSans-Regular, sans-serif\"><b>Description: </b>An error occurred while accessing the resources required to serve this request. The server may not be configured for access to the requested URL. <br>\r\n<br>\r\n<b>Error message 401.2.: </b>Unauthorized: Logon failed due to server configuration. &nbsp;Verify that you have permission to view this directory or page based on the credentials you supplied and the authentication methods enabled on the Web server. &nbsp;Contact the Web server's administrator for additional assistance.<br>\r\n<br>\r\n<br>\r\nBut if I change this section in web.config<br>\r\n<br>\r\n<p><span style=\"font-size:13px;color:#0000ff\">&lt;</span><span style=\"font-size:13px;color:#a31515\">authorization</span><span style=\"font-size:13px;color:#0000ff\">&gt;\r\n<p>&nbsp;</p>\r\n<p>&lt;</p>\r\n</span>\r\n<p><span style=\"font-size:13px;color:#a31515\">allow</span><span style=\"font-size:13px;color:#0000ff\"> </span><span style=\"font-size:13px;color:#ff0000\">roles</span><span style=\"color:#0000ff\"><span style=\"font-size:13px\">=</span><span style=\"font-size:13px\">&quot;</span><span style=\"font-size:13px\">Submitter</span><span style=\"font-size:13px\">&quot;</span></span><span style=\"font-size:13px\"><span style=\"color:#0000ff\">/&gt;</span>\r\n<p>&nbsp;</p>\r\n<p>\r\n<p>&nbsp;</p>\r\n<p><span style=\"color:#0000ff\">&lt;</span></p>\r\n</span></p>\r\n<p><span style=\"font-size:13px;color:#a31515\">allow</span><span style=\"font-size:13px;color:#0000ff\"> </span><span style=\"font-size:13px;color:#ff0000\">roles</span><span style=\"color:#0000ff\"><span style=\"font-size:13px\">=</span><span style=\"font-size:13px\">&quot;</span><span style=\"font-size:13px\">HelpDesk</span><span style=\"font-size:13px\">&quot;</span></span><span style=\"font-size:13px\"><span style=\"color:#0000ff\">/&gt;</span>\r\n<p>&nbsp;</p>\r\n<p>\r\n<p>&nbsp;</p>\r\n<p><span style=\"color:#0000ff\">&lt;</span></p>\r\n</span></p>\r\n<p><span style=\"font-size:13px;color:#a31515\">allow</span><span style=\"font-size:13px;color:#0000ff\"> </span><span style=\"font-size:13px;color:#ff0000\">roles</span><span style=\"color:#0000ff\"><span style=\"font-size:13px\">=</span><span style=\"font-size:13px\">&quot;</span><span style=\"font-size:13px\">HelpDeskAdmin</span><span style=\"font-size:13px\">&quot;</span></span><span style=\"font-size:13px\"><span style=\"color:#0000ff\">/&gt; </span>\r\n<p>&nbsp;</p>\r\n<p>\r\n<p>&nbsp;</p>\r\n<p><span style=\"color:#0000ff\">&lt;</span></p>\r\n</span></p>\r\n<p><span style=\"font-size:13px;color:#a31515\">deny</span><span style=\"font-size:13px;color:#0000ff\"> </span><span style=\"font-size:13px;color:#ff0000\">users</span><span style=\"color:#0000ff\"><span style=\"font-size:13px\">=</span><span style=\"font-size:13px\">&quot;</span><span style=\"font-size:13px\">*</span><span style=\"font-size:13px\">&quot;</span></span><span style=\"font-size:13px\"><span style=\"color:#0000ff\">/&gt;</span>\r\n<p>&nbsp;</p>\r\n<p>\r\n<p>&nbsp;</p>\r\n<p><span style=\"color:#0000ff\">&lt;/</span></p>\r\n</span></p>\r\n<p><span style=\"font-size:13px;color:#a31515\">authorization</span><span style=\"font-size:13px;color:#0000ff\">&gt;</span></p>\r\n<p>&nbsp;</p>\r\nto this, it works fine with AD.&nbsp; But the appropriate group is not recognized<br>\r\n<span style=\"font-size:13px;color:#0000ff\">\r\n<p>\r\n<p><span style=\"font-size:13px;color:#0000ff\">\r\n<p>&nbsp;</p>\r\n</span>\r\n<p>&nbsp;</p>\r\n<span style=\"font-size:13px;color:#0000ff\">&lt;</span><span style=\"font-size:13px;color:#a31515\">authorization</span><span style=\"font-size:13px;color:#0000ff\">&gt;\r\n<p>&nbsp;</p>\r\n<p>&lt;</p>\r\n</span>\r\n<p><span style=\"font-size:13px;color:#a31515\">allow</span><span style=\"font-size:13px;color:#0000ff\"> </span><span style=\"font-size:13px;color:#ff0000\">roles</span><span style=\"font-size:13px;color:#0000ff\">=</span><span style=\"font-size:13px\">&quot;</span><span style=\"font-size:13px;color:#0000ff\">Submitter</span><span style=\"font-size:13px\">&quot;</span><span style=\"font-size:13px;color:#0000ff\">/&gt;\r\n<p>&nbsp;</p>\r\n<p>\r\n<p>&nbsp;</p>\r\n<p>&lt;</p>\r\n</span></p>\r\n<p><span style=\"font-size:13px;color:#a31515\">allow</span><span style=\"font-size:13px;color:#0000ff\"> </span><span style=\"font-size:13px;color:#ff0000\">roles</span><span style=\"font-size:13px;color:#0000ff\">=</span><span style=\"font-size:13px\">&quot;</span><span style=\"font-size:13px;color:#0000ff\">HelpDesk</span><span style=\"font-size:13px\">&quot;</span><span style=\"font-size:13px;color:#0000ff\">/&gt;\r\n<p>&nbsp;</p>\r\n<p>\r\n<p>&nbsp;</p>\r\n<p>&lt;</p>\r\n</span></p>\r\n<p><span style=\"font-size:13px;color:#a31515\">allow</span><span style=\"font-size:13px;color:#0000ff\"> </span><span style=\"font-size:13px;color:#ff0000\">roles</span><span style=\"font-size:13px;color:#0000ff\">=</span><span style=\"font-size:13px\">&quot;</span><span style=\"font-size:13px;color:#0000ff\">HelpDeskAdmin</span><span style=\"font-size:13px\">&quot;</span><span style=\"font-size:13px;color:#0000ff\">/&gt;\r\n<p>&nbsp;</p>\r\n<p>\r\n<p>&nbsp;</p>\r\n<p>&lt;</p>\r\n</span></p>\r\n<p><span style=\"font-size:13px;color:#a31515\">deny</span><span style=\"font-size:13px;color:#0000ff\"> </span><span style=\"font-size:13px;color:#ff0000\">users</span><span style=\"font-size:13px;color:#0000ff\">=</span><span style=\"font-size:13px\">&quot;?</span><span style=\"font-size:13px\">&quot;</span><span style=\"font-size:13px;color:#0000ff\">/&gt;\r\n<p>&nbsp;</p>\r\n<p>\r\n<p>&nbsp;</p>\r\n<p>&lt;/</p>\r\n</span></p>\r\n<p><span style=\"font-size:13px;color:#a31515\">authorization</span><span style=\"font-size:13px;color:#0000ff\">&gt;\r\n<p>&nbsp;</p>\r\n<p>\r\n<p>&nbsp;</p>\r\n<p><span id=UniqueID1217469341042></span></p>\r\n</span></p>\r\n<p>&nbsp;</p>\r\n<p>&nbsp;</p>\r\n</span>\r\n<p><span style=\"font-size:13px;color:#0000ff\">&nbsp;\r\n<p>&nbsp;</p>\r\n</span>\r\n<p>&nbsp;</p>\r\n</span>\r\n",
    "PostedDate": "2008-07-30T19:13:42.007-07:00",
    "UserRole": null,
    "MarkedAsAnswerDate": null
  },
  {
    "Id": "108148",
    "ThreadId": "32159",
    "Html": "Well, the good news is that the problem has nothing to do with TicketDesk specifically, nor with the way the TicketDesk code accesses AD. Your problem appears to be with the asp.net authorization module. This means you will get the same error in any application that you setup with windows authentication and tried to use these roles in the authorization section of web.config. It also means you can troubleshoot without having to worry about TicketDesk's specific configuration.<br>\r\n<br>\r\nGenerally this kind of problem is one of these:<br>\r\n<br>\r\n1) The client browser's user is not a member of the groups you specified for allow roles.<br>\r\n2) The server computer isn't a member of the domain where these accounts and groups reside<br>\r\n3) The configuration in IIS on the server doesn't allow integrated security (for testing, turn off all other authentication for the site or virtual directory)<br>\r\n4) The client system does not recognize the URL as being on the local intranet zone. It may not be passing credentials to the server.<br>\r\n5) The client or server is conected to the internet via a proxy server that isn't passing your authentication<br>\r\n6) It is a stretch, but also check to ensure that the asp.net user account (usually &quot;network service&quot;) has read access to the folder where the TicketDesk web site is pointed. <br>\r\n<br>\r\nThere are plenty of causes. I suggest a google search on the error message &quot;<span style=\"font-size:12pt;font-family:'Arial','sans-serif'\">Unauthorized: Logon failed due to server\r\nconfiguration&quot;.<br>\r\n<br>\r\nThese are two popular links for this kind of problem:<br>\r\n<br>\r\n&nbsp;&nbsp;&nbsp;&nbsp; <a href=\"http://support.microsoft.com/kb/253667\">http://support.microsoft.com/kb/253667</a><br>\r\n<br>\r\n&nbsp;&nbsp;&nbsp;&nbsp; <a href=\"http://support.microsoft.com/kb/253667\">http://windowsitpro.com/article/articleid/74301/jsi-tip-2982-http-4012---unauthorized-logon-failed-due-to-server-configuration-on-your-intranet.html</a><br>\r\n<br>\r\nIn troubleshooting this one, I would recommend setting up the bare minimum site you can... a single Default.aspx page with no code and a stock web.config file with just the minimum stuff necessary. Then add in the authentication and authorization settings. In otherwords, eliminate ticketdesk itself then treat the problem as a general IIS/ASP.NET/Windows issue.<br>\r\n</span>\r\n",
    "PostedDate": "2008-07-30T21:40:03.297-07:00",
    "UserRole": null,
    "MarkedAsAnswerDate": null
  }
]