[
  {
    "Id": "284884",
    "ThreadId": "82908",
    "Html": "<p>I loaded version 1.2.3 on a windows 7 box and took some screenshots to help others take a quick look. Should help folks understand what they are getting before they install. Note, I installed the site using Forms Authentication.</p>\r\n<p><a title=\"http://dot-net-sam.blogspot.com/2010/02/ticketdesk-screenshots.html\" href=\"http://dot-net-sam.blogspot.com/2010/02/ticketdesk-screenshots.html\">http://dot-net-sam.blogspot.com/2010/02/ticketdesk-screenshots.html</a></p>",
    "PostedDate": "2010-02-02T11:02:22.587-08:00",
    "UserRole": null,
    "MarkedAsAnswerDate": null
  },
  {
    "Id": "432691",
    "ThreadId": "82908",
    "Html": "<p>Thanks for that. I was missing that in description ;-)</p>",
    "PostedDate": "2010-04-19T05:51:45.817-07:00",
    "UserRole": null,
    "MarkedAsAnswerDate": null
  }
]