[
  {
    "Id": "1231654",
    "ThreadId": "541552",
    "Html": "Thanx for previous reply..but i already did that.now i have got error when was click on create user button that Could not find stored procedure 'dbo.aspnet_CheckSchemaVersion.\r<br />\n<br />\nI dont know what happend.will you please give me suggestion?<br />\n",
    "PostedDate": "2014-04-07T23:12:11.617-07:00",
    "UserRole": null,
    "MarkedAsAnswerDate": null
  },
  {
    "Id": "1231965",
    "ThreadId": "541552",
    "Html": "It sounds like the sql membership database hasn't been setup. For TicketDesk 1, use the standard .Net tools to create the security objects in your TicketDesk database. See the web.config for the connection info, and use aspnet_regsql. Docs for <a href=\"http://msdn.microsoft.com/en-us/library/ms229862(v=vs.80).aspx\" rel=\"nofollow\">aspnet_refsql are here</a>. Make sure you either use the same database that TicketDesk is using, or if you create a separate security database reconfigure the security connection string in web.config to point to the right place.<br />\n",
    "PostedDate": "2014-04-08T10:23:18.467-07:00",
    "UserRole": null,
    "MarkedAsAnswerDate": null
  }
]