[
  {
    "Id": "1416029",
    "ThreadId": "631805",
    "Html": "I am having some issues getting TicketDesk to run.  I have installed MS SQL express 2014, created the database and ran the NewDatabaseScripts.  I have installed IIS 8 and created an application pool, and pointed the web site to the location I copied the application files. I modified the web.config file to point to my SQL server: SQLServer\\Instance.  When I run the application from IIS, I get HTTP Error 500.10 internal server error: Config Error\r<br />\n   This configuration section cannot be used at this path. This happens when the section is locked at a parent level. Locking is either by default (overrideModeDefault=&quot;Deny&quot;), or set explicitly by a location tag with overrideMode=&quot;Deny&quot; or the legacy allowOverride=&quot;false&quot;.<br />\n\r<br />\nThere is no place in the web.config file that I see stating anything overridemode. I am not sure what I messed up but I am hoping you can help me. \r<br />\n<br />\nThanks. <br />\n",
    "PostedDate": "2015-04-20T12:04:59.967-07:00",
    "UserRole": null,
    "MarkedAsAnswerDate": null
  },
  {
    "Id": "1416037",
    "ThreadId": "631805",
    "Html": "This generally happens when the IIS website or virtual directory is not configured as an application in IIS, so a parent folder above TicketDesk's location in the web site has a web.config. Honestly though, it sounds like you probably defined it correctly in IIS. \r<br />\n<br />\nThe other, and more likely, common cause for this kind of error is that IIS was installed without some of the key features that are needed to host asp.net applicaitons - In particular make sure that in the web server role installation you picked the asp.net application stuff under the Application Development node. \r<br />\n<br />\n<a href=\"http://www.iis.net/learn/get-started/whats-new-in-iis-8/iis-80-using-aspnet-35-and-aspnet-45\" rel=\"nofollow\">See this for more information</a>:<br />\n",
    "PostedDate": "2015-04-20T12:41:13.343-07:00",
    "UserRole": null,
    "MarkedAsAnswerDate": null
  },
  {
    "Id": "1416042",
    "ThreadId": "631805",
    "Html": "I did not have the asp.net application features selected. I am installing them now and will let you know if I can successfully run the program. Thank you!! <br />\n",
    "PostedDate": "2015-04-20T12:56:28.313-07:00",
    "UserRole": null,
    "MarkedAsAnswerDate": null
  },
  {
    "Id": "1416054",
    "ThreadId": "631805",
    "Html": "I got past the first error but now i am getting an 'Unable to load one or more of the requested types. Retrieve the loaderExceptions Property for more information'.  I see another discussion with this same error so I am looking at that. <br />\n",
    "PostedDate": "2015-04-20T13:46:15.26-07:00",
    "UserRole": null,
    "MarkedAsAnswerDate": null
  },
  {
    "Id": "1416061",
    "ThreadId": "631805",
    "Html": "Being a new install, it's probably that TCP/IP isn't enabled for the SQL Server. Open the SQL 2014 Configuration Manager and make sure TCP/IP is enabled undr SQL Server Network Configuration (and in the 32bit node too).<br />\n",
    "PostedDate": "2015-04-20T14:00:29.377-07:00",
    "UserRole": null,
    "MarkedAsAnswerDate": null
  },
  {
    "Id": "1416290",
    "ThreadId": "631805",
    "Html": "Yep, It is enabled.  \r<br />\n",
    "PostedDate": "2015-04-21T05:44:23.983-07:00",
    "UserRole": null,
    "MarkedAsAnswerDate": null
  }
]