[
  {
    "Id": "1074223",
    "ThreadId": "451725",
    "Html": "I have published the <a href=\"https://github.com/StephenRedd/TicketDesk\" rel=\"nofollow\">repository for TicketDesk 3 on GitHub</a>\r<br />\n<br />\nPlease keep in mind that this is all in a pre-alpha state right now. Don't expect a full working end-to-end application yet. \r<br />\n<br />\nThere is no documentation for it yet. Basically though, as long as you have localdb installed or change the connection strings to point at an appropriate SQL server instance, then the application should auto-generate the TicketDesk 3 database when you first run it. It will automatically populate some very basic seed data that you can use to test the limited UI. \r<br />\n<br />\nIf you put a TicketDesk2 database in the app_data folder, or point the connection strings at a TicektDesk2 DB instance, the application should automatically upgrade that database on startup instead of generating a new one. The upgrade will still add the additional seed data into the upgraded database, but should not overwrite or delete any of your existing data. This upgrade migration has not been thoroughly tested yet though.\r<br />\n<br />\nThe UI is sparse, but there is a basic ticket edit page, and a basic ticket list page (which works for open tickets only). \r<br />\n<br />\nCurrently, I am wrapping up some basic plumbing using SignalR that allows real-time screen refreshes when changes happen on the server. If you open two browsers, and edit tickets in one, you should see the list or edit page change in the other browser automatically. <br />\n\r<br />\nMy next planned sprint is to add the plumbing necessary to support UI localization, though I will not be able to provide localized text myself (I only speak English and Gibberish, and I don't think anyone has requested Gibberish support yet). <br />\n",
    "PostedDate": "2013-07-29T01:06:40.81-07:00",
    "UserRole": null,
    "MarkedAsAnswerDate": null
  },
  {
    "Id": "1075314",
    "ThreadId": "451725",
    "Html": "I have combined the codeplex and github repos. Going forward, source code for ticketdesk 1, 2, and 3 will be available and current on both sites.  <br />\n",
    "PostedDate": "2013-07-31T14:44:59.833-07:00",
    "UserRole": null,
    "MarkedAsAnswerDate": null
  }
]