[
  {
    "Id": "172710",
    "ThreadId": "51496",
    "Html": "i am new to this system. i downloaded source code and i am running from my system. i didn't change any thing application it is working fine. but i am not receiving any email notifications.<br>\r\ncan any one explain me email configuration. i already changed what are the emails we have in application but still emails fail.\r\n",
    "PostedDate": "2009-03-27T03:57:50.447-07:00",
    "UserRole": null,
    "MarkedAsAnswerDate": null
  },
  {
    "Id": "172995",
    "ThreadId": "51496",
    "Html": "<div><br></div>In all probability, you are just seeing normal behavior. TicketDesk will never notify you for a change that you yourself performed. TicketDesk assumes that you know what changes you made and so it doesn't spam notifications about your own changes. So when you test, make sure you are testing email notifications make sure you use diffrent users to create the ticket and a differnt user to assign the ticket to. <div><br></div><div>The second most likely thing is that you are running the app on Windows Vista and do not have a 3rd party email server installed. TicketDesk does not directly send the emails itself. It routes them through the SMTP server speficied in web.config. Since Vista doesn't have a local email server, it will not send anything. If you are just testing things out, I highly recomment the <a href=\"http://www.antix.co.uk/Projects/SMTPServerForDevelopers.aspx\">Antix SMTP serever for developers</a>. It does all that you need, but cannot actually route emails to remote systems. It just drops emails to a folder so you can verify the contents. </div><div><br></div><div>If you are actually having problems with the email notificaitons, the ELMAH error logs in the admin section should contain information about the failures. The email notificaitons are also stored in a table in the DB (even the notifications that aren't sent are stored), which allows you to trace what is going on with notifications. </div><div><br></div><div>As a last resort you can debug through the code of course. </div><div><br></div><div><br></div><div> </div>",
    "PostedDate": "2009-03-27T19:51:40.92-07:00",
    "UserRole": null,
    "MarkedAsAnswerDate": null
  },
  {
    "Id": "173312",
    "ThreadId": "51496",
    "Html": "hi,<br>\r\n<br>\r\nThanks for u r reply. i am using windows2003 server and i changed web.config file and i changed email address based on what i want. but still it is not sending emails. it is not showing any error also in log file.<br>\r\n",
    "PostedDate": "2009-03-29T20:30:40.913-07:00",
    "UserRole": null,
    "MarkedAsAnswerDate": null
  },
  {
    "Id": "173542",
    "ThreadId": "51496",
    "Html": "There just isn't enough information about your environment to troubleshoot this here. <div><br></div><div>The only thing I can add to the previous discussion is this: If there are no messages in ELMAH related to emails, then it is possible that the problem isn't in TicketDesk at all, but rather with the mail system that TicketDesk is handing the message off to.</div><div><br></div><div>If you want more help, please tell us some details about the email settings from your web.config (including the email related stuff from appSettings), and also describe the contents of the TicketEventNotifications table.  </div><div><br></div><div><br><div><br></div></div>",
    "PostedDate": "2009-03-30T10:11:42.42-07:00",
    "UserRole": null,
    "MarkedAsAnswerDate": null
  },
  {
    "Id": "188974",
    "ThreadId": "51496",
    "Html": "<p>having email issues as well by pushing through SMTP server.&nbsp; The following is the ELMAH generated responses.</p>\r\n<table id=ErrorLog style=\"border-collapse:collapse\" border=0 cellspacing=0>\r\n<tbody>\r\n<tr>\r\n<td style=\"white-space:nowrap\">MS-TRUMB-CO04</td>\r\n<td style=\"white-space:nowrap\">0</td>\r\n<td style=\"white-space:nowrap\"><span title=System.Net.Mail.SmtpFailedRecipientException>SmtpFailedRecipient</span></td>\r\n<td><span>Mailbox unavailable. The server response was: No such recipient</span> <a href=\"/Admin/elmah.axd/detail?id=0FD57264-A110-409C-BD2F-20D35CD29195\">Details&hellip;</a></td>\r\n</tr>\r\n</tbody>\r\n</table>\r\n<table id=ErrorLog style=\"border-collapse:collapse\" border=0 cellspacing=0>\r\n<tbody>\r\n<tr>\r\n<td style=\"white-space:nowrap\"><span title=System.Net.Mail.SmtpFailedRecipientException>SmtpFailedRecipient</span></td>\r\n<td><span>Mailbox unavailable. The server response was: No such recipient</span> <a href=\"/Admin/elmah.axd/detail?id=0FD57264-A110-409C-BD2F-20D35CD29195\">Details&hellip;</a></td>\r\n</tr>\r\n</tbody>\r\n</table>\r\n<p>Code=0</p>\r\n<p>Error=<span>Mailbox unavailable. The server response was: No such recipient</span> <a href=\"/Admin/elmah.axd/detail?id=0FD57264-A110-409C-BD2F-20D35CD29195\">Details&hellip;</a></p>\r\n<p>Details = System.ApplicationException: Failure in Email Delivery Timer ---&gt; System.Net.Mail.SmtpFailedRecipientException: Mailbox unavailable. The server response was: No such recipient<br>&nbsp;&nbsp; at System.Net.Mail.SmtpTransport.SendMail(MailAddress sender, MailAddressCollection recipients, String deliveryNotify, SmtpFailedRecipientException&amp; exception)<br>&nbsp;&nbsp; at System.Net.Mail.SmtpClient.Send(MailMessage message)<br>&nbsp;&nbsp; at TicketDesk.Engine.NotificationService.DeliverTicketEventNotificationEmail(TicketDataDataContext ctx, TicketEventNotification note, List`1 consolidations) in C:\\Projects\\Personal\\VS2008\\TicketDesk\\TicketDesk\\Engine\\NotificationService.cs:line 349<br>&nbsp;&nbsp; --- End of inner exception stack trace ---</p>\r\n<p>As you can notice above.&nbsp; The trace is showing the code executing or wanting to execute from C:\\Projects\\Personal\\VS2008\\TicketDesk\\TicketDesk\\Engine\\NotificationService.&nbsp; However the app is installed someone else and your directory you most likely use for development doesn't exist at all</p>\r\n<p>&nbsp;</p>\r\n<p>&nbsp;</p>",
    "PostedDate": "2009-05-11T11:36:18.64-07:00",
    "UserRole": null,
    "MarkedAsAnswerDate": null
  },
  {
    "Id": "188994",
    "ThreadId": "51496",
    "Html": "<p>The paths displayed in the error traces will be the ones from whatever machine the application was compiled on... it looks like you are using the compiled DLLs that were made on my personal machine. That's not a problem, but if you want the messages to show your own paths you'll need to recompile the application on your own system. That will recreate the pdb and dll files, and your new versions will then refer to the correct paths in future messages.</p>\r\n<p>None of that matters to the actual problem. The problem seems pretty clear. TicketDesk is sending the message to the mail server that web.config refers to, but the server is sending back a &quot;<span style=\"color:#30332d\">No such recipient<span style=\"color:#000000\">&quot; error. Pretty standard. The mail server responsible for the recipient's domain doesn't recognize the email address as belonging to a valid user. There are a lot of possible reasons for that kind of error. The good news is that TicketDesk's notification code appears to be working correctly. The problem appears to be with the mail servers that handle the recipient email. The only thing to check in TicketDesk is that the reciepent's email address doesn't have a typo and is the correct address for that user.&nbsp;</span></span></p>\r\n<p>&nbsp;</p>\r\n<p>&nbsp;</p>",
    "PostedDate": "2009-05-11T12:07:38.157-07:00",
    "UserRole": null,
    "MarkedAsAnswerDate": null
  },
  {
    "Id": "189001",
    "ThreadId": "51496",
    "Html": "<p>&nbsp;Users ARE getting the emails. However I am using a NON-Existing email for sending.&nbsp; <a href=\"mailto:donotreply@mydomain.com\">donotreply@mydomain.com</a></p>\r\n<p>&nbsp;</p>\r\n<p>&lt;add key=&quot;FromEmailAddress&quot; value=&quot;<a href=\"mailto:donotreply@mydomain.com\">donotreply@mydomain.com</a>&gt;<br>&nbsp;&nbsp;&lt;!--&lt;add key=&quot;FromEmailDisplayName&quot; value=&quot;HELP_DESK&quot;/&gt;--&gt;<br>&nbsp;&nbsp;&lt;!--&lt;add key=&quot;WebRootUrlForEmailLinks&quot; value=&quot;<a href=\"http://10.105.50.14:801&quot;/\">http://192.168.10.5:801&quot;/</a>&gt;--&gt;<br>&nbsp;&nbsp;&lt;add key=&quot;WebRootUrlForEmailLinks&quot; value=&quot;<a href=\"http://10.105.50.14:801&quot;/\">http://192.168.10.5:801&quot;/</a>&gt;</p>\r\n<p>&nbsp;</p>\r\n<p>from=&quot;<a href=\"mailto:donotreply@mydomain.com\">donotreply@mydomain.com</a>&quot; <br>&nbsp;&nbsp;&nbsp;&nbsp;&nbsp;&nbsp;&nbsp;&nbsp;&nbsp;&nbsp;&nbsp; to=&quot;<a href=\"mailto:donotreply@mydomain.com\">donotreply@mydomain.com</a>&quot; <br>&nbsp;&nbsp;&nbsp;&nbsp;&nbsp;&nbsp;&nbsp;&nbsp;&nbsp;&nbsp;&nbsp; subject=&quot;Help Desk Request&quot;<br>&nbsp;&nbsp;&nbsp;&nbsp;&nbsp;&nbsp;&nbsp;&nbsp;&nbsp;&nbsp;&nbsp; smtpport&quot;25&quot;<br>&nbsp;&nbsp;&nbsp;&nbsp;&nbsp;&nbsp;&nbsp;&nbsp;&nbsp;&nbsp;&nbsp; smtpServer=&quot;192.168.10.5&quot;&nbsp; /&gt;</p>\r\n<p>&nbsp;</p>\r\n<p>ficticious numbering scheme but you get the idea.</p>",
    "PostedDate": "2009-05-11T12:22:32.14-07:00",
    "UserRole": null,
    "MarkedAsAnswerDate": null
  },
  {
    "Id": "189364",
    "ThreadId": "51496",
    "Html": "<p>There should be no problem with the &quot;from&quot; address setting. It can be (and usually would be) a fake address. The specific error from the previous post is not related to the from email address though. It is quite specifically a recipeient email address that generated the error. If your regular users are not reporting missing emails, the problem recipient is most likely one of the &quot;help desk staff&quot; users.</p>\r\n<p>When new tickets are created a broadcast notification is sent to all staff users for the new ticket. One of your staff memebers may not have a valid email address. This is especially common in AD environments when you've used assigned built-in AD groups to the ticketdesk roles. Most of those groups include non-people user accounts (service accounts and such like) that may not have valid email addresses in AD.</p>\r\n<p>For AD or SQL both though, you can probably discover which messages are failing by looking at the&nbsp;TicketEventNotifications table. Any messages with a 'failed' or 'consolidated-failed' status are likely problem recipients. Messages with a status of 'invalid' are non-problematic, those are for accounts where the email address was so malformed or absent that TicketDesk didn't even try to send a notification (a lot of those AD service accounts fall into this category when their email addresses are not populated in AD at all). &nbsp; &nbsp; &nbsp;&nbsp;</p>",
    "PostedDate": "2009-05-12T09:11:27.89-07:00",
    "UserRole": null,
    "MarkedAsAnswerDate": null
  }
]