[
  {
    "Id": "493884",
    "ThreadId": "227329",
    "Html": "<p>TicketDesk looks really good. I cant find any infomation on localisation.</p>\r\n<p>is it easy to add additional cultures?, even japanese and chinese?</p>\r\n<p>does the text editor support other character sets from other langauges</p>\r\n<p>&nbsp;</p>\r\n<p>thanks in advance for any response</p>\r\n<p>lex</p>",
    "PostedDate": "2010-09-15T08:23:06.267-07:00",
    "UserRole": null,
    "MarkedAsAnswerDate": null
  },
  {
    "Id": "494067",
    "ThreadId": "227329",
    "Html": "<p>TicketDesk wasn't specially designed for localization.&nbsp;It is a small asp.net app, so the source could be modified for localization with only a little trouble. All of the database stuff uses nchar and nvarchar data types. You should be good there, but you might need to change the collation&nbsp;and sort orders at the DB level. I didn't leverage .NET resources for the text strings, so you'd need to hand-edit the text in the UI pages/controls. There are also some hard-coded text strings in the code that you'd need to translate. And you may have to do some localization work for the date fields too, depending on your locale.&nbsp;</p>\r\n<div>\r\n<div>I don't see a problem with the text editors though. The current shipping version uses MarkItUp! which is a fairly basic editor. It should handle any input language with no trouble, but I haven't tried it myself to be sure though. &nbsp;&nbsp;</div>\r\n<div></div>\r\n<div></div>\r\n</div>",
    "PostedDate": "2010-09-15T13:05:34.043-07:00",
    "UserRole": null,
    "MarkedAsAnswerDate": null
  },
  {
    "Id": "494300",
    "ThreadId": "227329",
    "Html": "<p>thanks for the fast response, the editor was my main worry, and anything else i might have missed, but the rest sounds easy.</p>\r\n<p>thanks very much I think i will have a go at implementing more resources.</p>\r\n<p>lex</p>",
    "PostedDate": "2010-09-16T00:49:16.5-07:00",
    "UserRole": null,
    "MarkedAsAnswerDate": null
  },
  {
    "Id": "588631",
    "ThreadId": "227329",
    "Html": "<p>Thanks for your application it is really good and simple using</p>\n<p>I want to change UI text and I did it for a&nbsp;few&nbsp;pages but not all UI</p>\n<p>There is a dll name is TicketDesk.Web.Client. it is already compiled and I couldnt modify</p>\n<p>this dll looks like UI Controllers provider example TicketCenterController for Ticket Center page</p>\n<p>How can I do that, thanks</p>\n<p>(I'm using TicketDesk v2.0&nbsp;(MVC))</p>",
    "PostedDate": "2011-03-30T00:36:36.813-07:00",
    "UserRole": null,
    "MarkedAsAnswerDate": null
  },
  {
    "Id": "588964",
    "ThreadId": "227329",
    "Html": "<p>&nbsp;</p>\r\n<p><a class=\"UserProfileLink\" href=\"http://www.codeplex.com/site/users/view/gencebay\">gencebay</a>, you will need to download the source code from the source control tab here on codeplex. This will give you all the source and VS 2010 project files and such so you can make changes to any of the code you need to. The copy that is available on the downloads tab is a ready-to-deploy pre-compiled version, it does not contain the source code.</p>\r\n<p>The source is very stable at the moment, so I'd recommend taking one of the more recent versions (<a href=\"http://ticketdesk.codeplex.com/SourceControl/changeset/changes/57573\">57573 for example</a>).</p>",
    "PostedDate": "2011-03-30T10:47:25.01-07:00",
    "UserRole": null,
    "MarkedAsAnswerDate": null
  },
  {
    "Id": "589059",
    "ThreadId": "227329",
    "Html": "<p>Thanks for your&nbsp;response and advices</p>\r\n<p>I will try.</p>",
    "PostedDate": "2011-03-30T13:06:02.363-07:00",
    "UserRole": null,
    "MarkedAsAnswerDate": null
  }
]