[
  {
    "Id": "225793",
    "ThreadId": "66466",
    "Html": "<p>firstly this is a great project and easy to set up,</p>\r\n<p>I'm trying to change the text on the list view, i've changed in <span style=\"color:#000000\">'</span><span style=\"color:#2b91af;font-size:x-small\"><span style=\"color:#2b91af;font-size:x-small\"><span style=\"color:#000000\">ListViewSettingsCollection.cs'</span><span style=\"color:#000000\">&nbsp;on line 59 i have changed.</span></span></span></p>\r\n<p><span style=\"color:#2b91af;font-size:x-small\"><span style=\"color:#2b91af;font-size:x-small\">\r\n<p>ListViewSettings <span style=\"font-size:x-small\">unassigned = </span><span style=\"color:#0000ff;font-size:x-small\"><span style=\"color:#0000ff;font-size:x-small\">new</span></span><span style=\"font-size:x-small\"> </span><span style=\"color:#2b91af;font-size:x-small\"><span style=\"color:#2b91af;font-size:x-small\">ListViewSettings</span></span><span style=\"font-size:x-small\">(</span><span style=\"color:#a31515;font-size:x-small\"><span style=\"color:#a31515;font-size:x-small\">&quot;unassigned&quot;</span></span><span style=\"font-size:x-small\">, </span><span style=\"color:#a31515;font-size:x-small\"><span style=\"color:#a31515;font-size:x-small\">&quot;Unassigned Tickets&quot;</span></span><span style=\"font-size:x-small\">, 0,.....</span></p>\r\n<p>\r\n<p><span style=\"color:#2b91af;font-size:x-small\"><span style=\"color:#2b91af;font-size:x-small\">ListViewSettings </span></span><span style=\"font-size:x-small\">unassigned = </span><span style=\"color:#0000ff;font-size:x-small\"><span style=\"color:#0000ff;font-size:x-small\">new</span></span><span style=\"font-size:x-small\"> </span><span style=\"color:#2b91af;font-size:x-small\"><span style=\"color:#2b91af;font-size:x-small\">ListViewSettings</span></span><span style=\"font-size:x-small\">(</span><span style=\"color:#a31515;font-size:x-small\"><span style=\"color:#a31515;font-size:x-small\">&quot;unassigned&quot;</span></span><span style=\"font-size:x-small\">, </span><span style=\"color:#a31515;font-size:x-small\"><span style=\"color:#a31515;font-size:x-small\">&quot;Unassigned Calls&quot;</span></span><span style=\"font-size:x-small\">, 0,.....</span></p>\r\n<p><span style=\"color:#2b91af;font-size:x-small\"><span style=\"color:#000000\">I have then rebuilt the project&nbsp;but i still get the&nbsp;link's 'Unassigned Tickets' i can't see anywhere else that this is set, </span></span></p>\r\n<p><span style=\"color:#2b91af;font-size:x-small\"><span style=\"color:#000000\">&nbsp;</span></span></p>\r\n</p>\r\n</span>&nbsp;</span></p>\r\n<p>&nbsp;</p>",
    "PostedDate": "2009-08-20T03:30:16.513-07:00",
    "UserRole": null,
    "MarkedAsAnswerDate": null
  },
  {
    "Id": "225925",
    "ThreadId": "66466",
    "Html": "<p>The settings are stored in the user's profile (future versions expect to allow the users to create custom views). Just delete the contents of aspnet_profiles table in the database. The system will regenerate the default lists from your modified code automatically and put them back into the user's profile.&nbsp;</p>",
    "PostedDate": "2009-08-20T08:59:10.013-07:00",
    "UserRole": null,
    "MarkedAsAnswerDate": null
  },
  {
    "Id": "226373",
    "ThreadId": "66466",
    "Html": "<p>Thanks Stephen, worked fine....</p>",
    "PostedDate": "2009-08-21T08:45:20.743-07:00",
    "UserRole": null,
    "MarkedAsAnswerDate": null
  }
]