[
  {
    "Id": "1231149",
    "ThreadId": "541423",
    "Html": "I will need to create db in SQL Server 2008R2 in TicketDesk 1.can you please tell me how to create and what are installation steps?<br />\n",
    "PostedDate": "2014-04-07T00:04:13.567-07:00",
    "UserRole": null,
    "MarkedAsAnswerDate": null
  },
  {
    "Id": "1231463",
    "ThreadId": "541423",
    "Html": "See the <a href=\"https://ticketdesk.codeplex.com/wikipage?title=Installation%20and%20Configuration&amp;referringTitle=TicketDesk%201.0%20Documentation\" rel=\"nofollow\">TicketDesk 1 documentation here</a>\r<br />\n<br />\nFull instructions for the database setup are near the bottom of the page.<br />\n",
    "PostedDate": "2014-04-07T11:06:04.9-07:00",
    "UserRole": null,
    "MarkedAsAnswerDate": null
  }
]