[
  {
    "Id": "500428",
    "ThreadId": "229131",
    "Html": "<p>TicketDesk_1.2.3, SQL-Security, SQLServer2005</p>\r\n<p>When I register a new account(create user), everything goes OK. I can submit tickets, search, etc ...</p>\r\n<p>BUT, when I logout and try to login again, I get &quot;Your login attempt was not successfull. Please try again&quot;.</p>\r\n<p>The created user is correctly created in the ASP.NET Web Site Admin Tool, allocated to the TicketSubmitters role.</p>\r\n<p>Also users created(including the admin) with the ASP.NET Web Site Admin Tool, are unable to login.</p>\r\n<p>So everything seems to be ok, but unfortunately I am not able to login with any of the created users.</p>\r\n<p>What could be causing this?</p>",
    "PostedDate": "2010-09-30T02:56:36.327-07:00",
    "UserRole": null,
    "MarkedAsAnswerDate": null
  },
  {
    "Id": "500490",
    "ThreadId": "229131",
    "Html": "<p>I''m not sure. There are a lot of variables in asp.net membership, and not all of them are enumerated in your description of the problem. In general, there is nothing unusual really about how ticketdesk's authentication works. When configured for SQL security, It just uses the standard asp.net membership provider as specified in web.config. The only significant customization to the settings is that ticketdesk uses the application name &quot;TicketDesk&quot; rather than the default application name of &quot;\\&quot;, but that shouldn't be a problem for the web site admin tool.&nbsp;</p>\r\n<p>Check to make sure your providers in web.config specify the right application name. Make sure the connection string specified for the providers points to a real connection string, and that the connection string itself is correct. If using SQL Express with file attached databases then make sure the databases are present, not flagged read-only, and that the windows account that the web application is running under has full permissions to the ACLs for those DB files.</p>\r\n<p>As I said, there is nothing unusual about the configuration for TicketDesk's security providers, so you could also delete the security database, remove the membership/profile/role providers and the connection string from web.config, then setup the security from scratch using the web admin tool (or manually via the config file and by running the aspnet_regsql tool. &nbsp;&nbsp;</p>",
    "PostedDate": "2010-09-30T06:10:42.047-07:00",
    "UserRole": null,
    "MarkedAsAnswerDate": null
  },
  {
    "Id": "500524",
    "ThreadId": "229131",
    "Html": "<p>The only changes I made to the web.config are the connectionStrings.</p>\r\n<p><span style=\"color:#0000ff;font-size:x-small\"><span style=\"color:#0000ff;font-size:x-small\"><span style=\"color:#0000ff;font-size:x-small\"><span style=\"color:#0000ff;font-size:x-small\"><span style=\"color:#0000ff;font-size:x-small\"><font size=2 color=\"#0000ff\">\r\n<p>&lt;</p>\r\n</font></span></span><span style=\"color:#a31515;font-size:x-small\"><span style=\"color:#a31515;font-size:x-small\">add</span></span><span style=\"color:#0000ff;font-size:x-small\"><span style=\"color:#0000ff;font-size:x-small\"> </span></span><span style=\"color:#ff0000;font-size:x-small\"><span style=\"color:#ff0000;font-size:x-small\">name</span></span><span style=\"color:#0000ff;font-size:x-small\"><span style=\"color:#0000ff;font-size:x-small\">=</span></span><span style=\"font-size:x-small\">&quot;</span><span style=\"color:#0000ff;font-size:x-small\"><span style=\"color:#0000ff;font-size:x-small\">TicketDeskConnectionString</span></span><span style=\"font-size:x-small\">&quot;</span><span style=\"color:#0000ff;font-size:x-small\"><span style=\"color:#0000ff;font-size:x-small\"> </span></span><span style=\"color:#ff0000;font-size:x-small\"><span style=\"color:#ff0000;font-size:x-small\">connectionString</span></span><span style=\"color:#0000ff;font-size:x-small\"><span style=\"color:#0000ff;font-size:x-small\">=</span></span><span style=\"font-size:x-small\">&quot;</span><span style=\"color:#0000ff;font-size:x-small\"><span style=\"color:#0000ff;font-size:x-small\">Data Source=vmsql2005;Initial Catalog=TicketDesk;Persist Security Info=True;User ID=sa;Password=password</span></span><span style=\"font-size:x-small\">&quot;</span><span style=\"color:#0000ff;font-size:x-small\"><span style=\"color:#0000ff;font-size:x-small\"> </span></span><span style=\"color:#ff0000;font-size:x-small\"><span style=\"color:#ff0000;font-size:x-small\">providerName</span></span><span style=\"color:#0000ff;font-size:x-small\"><span style=\"color:#0000ff;font-size:x-small\">=</span></span><span style=\"font-size:x-small\">&quot;</span><span style=\"color:#0000ff;font-size:x-small\"><span style=\"color:#0000ff;font-size:x-small\">System.Data.SqlClient</span></span><span style=\"font-size:x-small\">&quot;</span><span style=\"color:#0000ff;font-size:x-small\"> <span style=\"color:#0000ff;font-size:x-small\">/&gt;<font size=2 color=\"#0000ff\"> </font></span></span></span></span></span><span style=\"color:#0000ff;font-size:x-small\"><span style=\"color:#0000ff;font-size:x-small\"><span style=\"color:#0000ff;font-size:x-small\"><span style=\"color:#0000ff;font-size:x-small\"><span style=\"color:#0000ff;font-size:x-small\"><font size=2 color=\"#0000ff\">\r\n<p>\r\n<p>\r\n<p>&lt;</p>\r\n<p><span style=\"color:#0000ff;font-size:x-small\"><span style=\"color:#0000ff;font-size:x-small\"><span style=\"font-size:x-small\"><span style=\"color:#0000ff;font-size:x-small\"><span style=\"color:#0000ff;font-size:x-small\"><span style=\"font-size:x-small\"><span style=\"color:#0000ff;font-size:x-small\"></span></span></span></span></span></span></span><span style=\"color:#0000ff;font-size:xx-small\">I am using SQL2005 Standard, and a regular database called TicketDesk&nbsp;(not file attchached), I used the delivered scripts to create the TicketDesk objects.</span></p>\r\n<p><span style=\"color:#0000ff;font-size:x-small\"><span style=\"color:#0000ff;font-size:x-small\"><span style=\"font-size:x-small\"><span style=\"color:#0000ff;font-size:x-small\"><span style=\"color:#0000ff;font-size:x-small\"><span style=\"font-size:x-small\"></span></span></span></span></span></span><span style=\"color:#0000ff;font-size:xx-small\">And I did use the aspnet_regsql tool to create the membership objects in the same database.</span></p>\r\n<p><span style=\"color:#0000ff;font-size:x-small\"><span style=\"color:#0000ff;font-size:x-small\"><span style=\"font-size:x-small\"><span style=\"color:#0000ff;font-size:x-small\"><span style=\"color:#0000ff;font-size:x-small\"><span style=\"font-size:x-small\"></span></span></span></span></span></span><span style=\"color:#0000ff;font-size:xx-small\">And then I created the 3 roles (HelpDesk, TicketSubmitters, Administrators), and the admin user&nbsp;with the site admin tool.</span></p>\r\n<span style=\"color:#0000ff;font-size:x-small\">This was all pretty straightforward stuff, and is indeed nothing really unusual, but nevertheless, I can not login.</span></p>\r\n</p>\r\n</font></span></span><span style=\"color:#a31515;font-size:x-small\"><span style=\"color:#a31515;font-size:x-small\">add</span></span><span style=\"color:#0000ff;font-size:x-small\"><span style=\"color:#0000ff;font-size:x-small\"> </span></span><span style=\"color:#ff0000;font-size:x-small\"><span style=\"color:#ff0000;font-size:x-small\">name</span></span><span style=\"color:#0000ff;font-size:x-small\"><span style=\"color:#0000ff;font-size:x-small\">=</span></span><span style=\"font-size:x-small\">&quot;</span><span style=\"color:#0000ff;font-size:x-small\"><span style=\"color:#0000ff;font-size:x-small\">TicketDeskSecurityConnectionString</span></span><span style=\"font-size:x-small\">&quot;</span><span style=\"color:#0000ff;font-size:x-small\"><span style=\"color:#0000ff;font-size:x-small\"> </span></span><span style=\"color:#ff0000;font-size:x-small\"><span style=\"color:#ff0000;font-size:x-small\">connectionString</span></span><span style=\"color:#0000ff;font-size:x-small\"><span style=\"color:#0000ff;font-size:x-small\">=</span></span><span style=\"font-size:x-small\">&quot;</span><span style=\"color:#0000ff;font-size:x-small\"><span style=\"color:#0000ff;font-size:x-small\">Data Source=vmsql2005;Initial Catalog=TicketDesk;Persist Security Info=True;User ID=sa;Password=password</span></span><span style=\"font-size:x-small\">&quot;</span><span style=\"color:#0000ff;font-size:x-small\"><span style=\"color:#0000ff;font-size:x-small\"> </span></span><span style=\"color:#ff0000;font-size:x-small\"><span style=\"color:#ff0000;font-size:x-small\">providerName</span></span><span style=\"color:#0000ff;font-size:x-small\"><span style=\"color:#0000ff;font-size:x-small\">=</span></span><span style=\"font-size:x-small\">&quot;</span><span style=\"color:#0000ff;font-size:x-small\"><span style=\"color:#0000ff;font-size:x-small\">System.Data.SqlClient</span></span><span style=\"font-size:x-small\">&quot;</span><span style=\"color:#0000ff;font-size:x-small\"> <span style=\"color:#0000ff;font-size:x-small\">/&gt;</span></span></span></span></span></p>",
    "PostedDate": "2010-09-30T07:15:40.193-07:00",
    "UserRole": null,
    "MarkedAsAnswerDate": null
  },
  {
    "Id": "501054",
    "ThreadId": "229131",
    "Html": "<p>I have no explaination for the behavior. Sounds perfectly reasonable to me. You shouldn't be having any problems logging in under those circumstances. Troubleshoot it as you would any other asp.net application. In fact, the easiest way to troubleshoot would be to create a whole new asp.net application from scratch, use the ticketdesk DB for your blank app's security providers, and then just see if you can login using the built-in asp.net login controls, Take TicketDesk itself out of the equation.&nbsp;</p>\r\n<p>On a slightly different note: considering your configuration, and the fact that you are using the same physical DB for the security objects, you should probably eliminate the TicketDeskSecurityConnectionString entirely. Just use the one connection string and update the value for the connection strings in the various security providers. Set them all to use the one ConnectionString.</p>",
    "PostedDate": "2010-10-01T06:39:23.3-07:00",
    "UserRole": null,
    "MarkedAsAnswerDate": null
  }
]