[
  {
    "Id": "1352248",
    "ThreadId": "580689",
    "Html": "Very nice project and the demo of 2.5 is great. Just wonder When will the TicketDesk 2.5 source code will be released? It says on the website it will be in January 2015.<br />\n",
    "PostedDate": "2015-02-13T08:50:26.617-08:00",
    "UserRole": null,
    "MarkedAsAnswerDate": null
  },
  {
    "Id": "1352393",
    "ThreadId": "580689",
    "Html": "One thing I've never found, in all my years of development, is a ship date that I couldn't miss. I'm still working on getting to the beta milestone, but obligations at my paying job have delayed the work recently. I'm still hopeful that I'll get to beta this month though. In the mean-time, the source is available here and on github --just clone the repo and enjoy. Everything for the beta is in place except for the following:<br />\n<ul>\n<li>Admin UI (working on this now)</li>\n<li>User management (current implementation is from a stock sample project but is complete. All that remains is to add the admin user management, remove functions TicketDesk will not offer out-of-box, and clean up the UI.</li>\n<li>Email subsystem with Azure webjobs support</li>\n</ul>\n",
    "PostedDate": "2015-02-13T20:21:22.32-08:00",
    "UserRole": null,
    "MarkedAsAnswerDate": null
  },
  {
    "Id": "1354984",
    "ThreadId": "580689",
    "Html": "Thank you for the information. I am still looking forward to the new 2.5 release. Please let me know.<br />\n",
    "PostedDate": "2015-02-23T11:29:38.843-08:00",
    "UserRole": null,
    "MarkedAsAnswerDate": null
  }
]