[
  {
    "Id": "629252",
    "ThreadId": "261782",
    "Html": "\r\n<p>Good day all!</p>\r\n<p>Has anyone try to configure TicketDesk with DNN? I manage to change the conn provider to from TD to DNN. It creates the new users I also created TD roles under DNN, but when I try to login it doesn't recognize the user. I have TD on its own virtual directory\r\n the only thing they are sharing is the database.</p>\r\n<p>I will appreciate any help with this.</p>\r\n<p>Best,</p>\r\n<p>JG</p>\r\n",
    "PostedDate": "2011-06-17T07:34:44.623-07:00",
    "UserRole": null,
    "MarkedAsAnswerDate": null
  },
  {
    "Id": "629281",
    "ThreadId": "261782",
    "Html": "<p>Make sure you reconfigure the \"application name\" attribute for the membership, role, and profile providers in web.config. TD should have no trouble using an existing security security database from another application (I have a production instance that shares asp.net security with a CMS system).</p>",
    "PostedDate": "2011-06-17T08:13:34.74-07:00",
    "UserRole": null,
    "MarkedAsAnswerDate": null
  }
]