[
  {
    "Id": "164035",
    "ThreadId": "49092",
    "Html": "I've got ticketdesk up and runing, and I've enabled email notifications.  At this time, email notifications for new tickets seem to go out to all individuals who are part of the AD group assigned to the &quot;HelpDeskStaffRoleName&quot; within the web.config?  Is there a way to disable this notification on new ticket creation?  <br>\r\n<br>\r\nI still want to use the email notifications, especially for notifying end users that their ticket has been updated, but I don't want all the helpdesk staff to be notified every time there is a ticket  For example, second level support staff don't need a notice until the ticket is assigned to them.<br>\r\n<br>\r\nIdeally I'd notify the helpdesk staff of new ticket creation through the RSS feeds...  Therefore I don't need notice on new ticket creation, however it seems like the email config is all or nothing at this point?<br>\r\n<br>\r\n",
    "PostedDate": "2009-03-03T12:36:00.257-08:00",
    "UserRole": null,
    "MarkedAsAnswerDate": null
  },
  {
    "Id": "164292",
    "ThreadId": "49092",
    "Html": "You are correct, it is pretty much all or nothing at this point. Fortunatly, it is an open source project, and the change you want to make is rather minor. You can just comment out the block in Ticket.cs on or around line 92 - 102 and you will have eliminated the new ticket notifications. <div><br></div><div><br></div><div><div><br></div></div>",
    "PostedDate": "2009-03-04T05:21:36.417-08:00",
    "UserRole": null,
    "MarkedAsAnswerDate": null
  },
  {
    "Id": "164433",
    "ThreadId": "49092",
    "Html": "One of the greatest benefits of open source is that anyone can make such changes at the source level...<br>\r\n<br>\r\nOne of the greatest follies with open source is assuming everyone is a developer and has the understanding and wherewithall to make such changes. <br>\r\n<br>\r\nI've done vbscript and powershell scripting, and just the tiniest bit of VB.Net development.  Sounds like I can handle commenting out some lines though.  Probaby would've had a bugger of a time finding them without the pointer thuogh... Thanks.  Now I've just got to download the free version of the VS.Net developer tools to get it done.  Never had a need for them on my current machine.  :)\r\n",
    "PostedDate": "2009-03-04T10:28:00.237-08:00",
    "UserRole": null,
    "MarkedAsAnswerDate": null
  },
  {
    "Id": "164536",
    "ThreadId": "49092",
    "Html": "I spent my first 7 years in IT as a Systems Admin / Network Admin so I know where you are coming from there :)<div><br></div><div>If you run into any problems with source changes just send me a message directly and I'll arrange an FTP drop with those modificactions for you. </div><div>   </div>",
    "PostedDate": "2009-03-04T13:49:18.24-08:00",
    "UserRole": null,
    "MarkedAsAnswerDate": null
  },
  {
    "Id": "164543",
    "ThreadId": "49092",
    "Html": "<div>\r\n<p><span style=\"font-size:11pt;color:#1f497d;font-family:'calibri','sans-serif'\">Thanks, Stephen…  I was actually just playing with this as the notification response came into my email…  I commented out lines 99 - 106 in NotificationService.cs and recompiled the DLL.  Seems to have done the trick on stopping the new ticket notice email.</span></p>\r\n<p><span style=\"font-size:11pt;color:#1f497d;font-family:'calibri','sans-serif'\"></span></p>\r\n<div>Edit: Cleaned up junk from response in email....</div>\r\n</div>\r\n",
    "PostedDate": "2009-03-04T13:56:14.603-08:00",
    "UserRole": null,
    "MarkedAsAnswerDate": null
  },
  {
    "Id": "164874",
    "ThreadId": "49092",
    "Html": "Stephen,<br>\r\n<br>\r\nMy last response was a bit premature, I suppose... I'm still getting the new ticket notices...  It's just that _ I _ did't get it because I was the one who created the ticket.  :)<br>\r\n<br>\r\nThese are the lines of code I commented out of notificationservice.cs (lines 99-106):<br>\r\n<br>\r\n<span style=\"font-size:13px;color:#008000\">\r\n<p><span style=\"font-size:13px;color:#008000\"> \r\n<p>&nbsp;</p>\r\n<p>// foreach (var note in newNotes)</p>\r\n<p>// {</p>\r\n<p>// if (note.NotifyUserReason == &quot;HelpDesk&quot; &amp;&amp; note.NextDeliveryAttemptDate != null)</p>\r\n<p>// {</p>\r\n<p>// SendTicketEventNotificationEmail(ctx, note, new List&lt;TicketEventNotification&gt;());</p>\r\n<p>// }</p>\r\n<p>// }</p>\r\n</span></p>\r\n<span style=\"font-size:13px\">\r\n<p>&nbsp;</p>\r\n</span></span><span style=\"font-size:13px\">\r\n<p>I re-published the app to a directory on my local machine, and then copied everything over to the web server (keeping only the modified AD web.config).  Not quite sure why I'm still getting the ticket creation notices.</p>\r\n</span>\r\n",
    "PostedDate": "2009-03-05T08:08:39.913-08:00",
    "UserRole": null,
    "MarkedAsAnswerDate": null
  },
  {
    "Id": "164893",
    "ThreadId": "49092",
    "Html": "That section of code is simply resonsible for sending the new ticket notifications out immediatly. The idea there was that we didn't want new ticket notifications to wait around for the delay period... instead, we wanted help desk to get notified about the new ticket immediatly.<div><br></div><div>Without that block, the new ticket notifications are simply queued and would be sent out after the applicable delays and such elapse.</div><div><br></div><div>The part you need to kill is in Ticket.cs around line 92 and looks like this:</div><div><br></div><div><div>  if (AssignedTo == null &amp;&amp; (this.TicketComments.Count &lt; 2 || isGiveUp))</div><div>            {</div><div>                string[] admins = SecurityManager.GetAdministrativeUsers().Select(a =&gt; a.Name).ToArray();</div><div>                foreach (string admin in admins)</div><div>                {</div><div>                    if (!usersToAdd.ContainsKey(admin))</div><div>                    {</div><div>                        usersToAdd.Add(admin, &quot;HelpDesk&quot;);</div><div>                    }</div><div>                }</div><div>            }</div></div><div><br></div><div>And... yes, there is a bug in this part of the code, and I didn't catch it until I went to find the block for this message. It is using the GetAdministrativeUsers() method instead of the GetHelpDeskUsers() method. I've fixed that and have checked it in, but if you are just gonna comment it out no need for you to get the new version.</div><div><br></div>",
    "PostedDate": "2009-03-05T08:35:53.233-08:00",
    "UserRole": null,
    "MarkedAsAnswerDate": null
  },
  {
    "Id": "164902",
    "ThreadId": "49092",
    "Html": "Thanks Stephen... I had just figured out that the regular delivery notification process is what was still causing the notice to go out... I was just going to modify the code to have the notice status set to Sent.  :)<br>\r\n<br>\r\nI'll go ahead and download the latest code, and use your method to control the initial notices.  Less I'm in hacking away (which I freely admit I'm a hack at this point), the better.  But I'm having fun learning again!<br>\r\n<br>\r\nThanks for taking the time.\r\n",
    "PostedDate": "2009-03-05T08:44:46.743-08:00",
    "UserRole": null,
    "MarkedAsAnswerDate": null
  },
  {
    "Id": "674720",
    "ThreadId": "49092",
    "Html": "<p>Hope its ok I snag this thread, a bit bumping.</p>\r\n<p>I did just that thing</p>\r\n<p>&nbsp;&nbsp;&nbsp;&nbsp;&nbsp;&nbsp;&nbsp;&nbsp;&nbsp;&nbsp;&nbsp; //only add help desk for brand new tickets (they should have exactly 1 comment when new)<br />&nbsp;&nbsp;&nbsp;&nbsp;&nbsp;&nbsp;&nbsp;&nbsp;&nbsp;&nbsp;&nbsp; //&nbsp; or tickets that have been given up on (was assigned but is not anymore).<br />&nbsp;&nbsp;&nbsp;&nbsp;&nbsp;&nbsp;&nbsp;&nbsp;&nbsp;&nbsp;&nbsp; //if (AssignedTo == null &amp;&amp; (this.TicketComments.Count &lt; 2 || isGiveUp))<br />&nbsp;&nbsp;&nbsp;&nbsp;&nbsp;&nbsp;&nbsp;&nbsp;&nbsp;&nbsp;&nbsp; //{<br />&nbsp;&nbsp;&nbsp;&nbsp;&nbsp;&nbsp;&nbsp;&nbsp;&nbsp;&nbsp;&nbsp; //&nbsp;&nbsp;&nbsp; string[] admins = SecurityManager.GetHelpDeskUsers().Select(a =&gt; a.Name).ToArray();<br />&nbsp;&nbsp;&nbsp;&nbsp;&nbsp;&nbsp;&nbsp;&nbsp;&nbsp;&nbsp;&nbsp; //&nbsp;&nbsp;&nbsp; foreach (string admin in admins)<br />&nbsp;&nbsp;&nbsp;&nbsp;&nbsp;&nbsp;&nbsp;&nbsp;&nbsp;&nbsp;&nbsp; //&nbsp;&nbsp;&nbsp; {<br />&nbsp;&nbsp;&nbsp;&nbsp;&nbsp;&nbsp;&nbsp;&nbsp;&nbsp;&nbsp;&nbsp; //&nbsp;&nbsp;&nbsp;&nbsp;&nbsp;&nbsp;&nbsp; if (!usersToAdd.ContainsKey(admin))<br />&nbsp;&nbsp;&nbsp;&nbsp;&nbsp;&nbsp;&nbsp;&nbsp;&nbsp;&nbsp;&nbsp; //&nbsp;&nbsp;&nbsp;&nbsp;&nbsp;&nbsp;&nbsp; {<br />&nbsp;&nbsp;&nbsp;&nbsp;&nbsp;&nbsp;&nbsp;&nbsp;&nbsp;&nbsp;&nbsp; //&nbsp;&nbsp;&nbsp;&nbsp;&nbsp;&nbsp;&nbsp;&nbsp;&nbsp;&nbsp;&nbsp; usersToAdd.Add(admin, \"HelpDesk\");<br />&nbsp;&nbsp;&nbsp;&nbsp;&nbsp;&nbsp;&nbsp;&nbsp;&nbsp;&nbsp;&nbsp; //&nbsp;&nbsp;&nbsp;&nbsp;&nbsp;&nbsp;&nbsp; }<br />&nbsp;&nbsp;&nbsp;&nbsp;&nbsp;&nbsp;&nbsp;&nbsp;&nbsp;&nbsp;&nbsp; //&nbsp;&nbsp;&nbsp; }<br />&nbsp;&nbsp;&nbsp;&nbsp;&nbsp;&nbsp;&nbsp;&nbsp;&nbsp;&nbsp;&nbsp; //}</p>\r\n<p>But I still get an email sendout when I add a new ticket. Have I done something wrong?</p>\r\n<p>&nbsp;</p>\r\n<p>/Best regards Wiklander</p>",
    "PostedDate": "2011-09-21T07:23:05.283-07:00",
    "UserRole": null,
    "MarkedAsAnswerDate": null
  },
  {
    "Id": "674955",
    "ThreadId": "49092",
    "Html": "<p>I can't say for sure Wiklander, there just isn't enough information. Commenting out that code, recompiling, and re-deploying it should remove new ticket notifications. &nbsp;</p>\r\n<p>For TD 2, I'm preparing a major update that will give the admin full control over how/if these notifications are sent and to who they are sent. &nbsp;I'd not planned to do any more development against the TD 1 branch though. &nbsp;&nbsp;</p>",
    "PostedDate": "2011-09-21T14:47:37.2-07:00",
    "UserRole": null,
    "MarkedAsAnswerDate": null
  }
]