{
  "WorkItem": {
    "AffectedComponent": {
      "Name": "",
      "DisplayName": ""
    },
    "ClosedComment": "",
    "ClosedDate": "2011-03-29T14:23:46.103-07:00",
    "CommentCount": 1,
    "Custom": "",
    "Description": "ITicketService.cs Line 68\n\n        int? CreateNewTicket(Ticket ticke);\n\nMissing t in variable name.",
    "LastUpdatedDate": "2011-03-29T14:23:46.103-07:00",
    "PlannedForRelease": "",
    "ReleaseVisibleToPublic": false,
    "Priority": {
      "Name": "Low",
      "Severity": 50,
      "Id": 1
    },
    "ProjectName": "TicketDesk",
    "ReportedDate": "2011-03-29T09:06:50.22-07:00",
    "Status": {
      "Name": "Closed",
      "Id": 4
    },
    "ReasonClosed": {
      "Name": "Unassigned"
    },
    "Summary": "Minor typo on line 68 ITicketService.cs - ticket missing 't'",
    "Type": {
      "Name": "Issue",
      "Id": 3
    },
    "VoteCount": 1,
    "Id": 20348
  },
  "FileAttachments": [],
  "Comments": [
    {
      "Message": "Resolved with changeset 59185.",
      "PostedDate": "2011-03-29T14:23:46.103-07:00",
      "Id": 44244
    }
  ]
}