{
  "WorkItem": {
    "AffectedComponent": {
      "Name": "",
      "DisplayName": ""
    },
    "ClosedComment": "",
    "ClosedDate": "2008-03-30T21:14:26.193-07:00",
    "CommentCount": 1,
    "Custom": "",
    "Description": "When the details contains HTML like patterns, the edit details pop-up is not decoding these. Instead it shows the encoded text. When you save, this encoded text is committed literally back to the field.",
    "LastUpdatedDate": "2008-03-30T21:14:26.193-07:00",
    "PlannedForRelease": "TicketDesk 1.1",
    "ReleaseVisibleToPublic": true,
    "Priority": {
      "Name": "High",
      "Severity": 150,
      "Id": 3
    },
    "ProjectName": "TicketDesk",
    "ReportedDate": "2008-03-30T21:13:34.567-07:00",
    "Status": {
      "Name": "Closed",
      "Id": 4
    },
    "ReasonClosed": {
      "Name": "Unassigned"
    },
    "Summary": "Edit Details - Editor is not correctly decoding text",
    "Type": {
      "Name": "Issue",
      "Id": 3
    },
    "VoteCount": 0,
    "Id": 9822
  },
  "FileAttachments": [],
  "Comments": [
    {
      "Message": "Resolved with changeset 17283.",
      "PostedDate": "2008-03-30T21:14:26.193-07:00",
      "Id": 44172
    }
  ]
}