{
  "WorkItem": {
    "AffectedComponent": {
      "Name": "",
      "DisplayName": ""
    },
    "ClosedComment": "",
    "ClosedDate": "2009-01-23T13:42:40.42-08:00",
    "CommentCount": 1,
    "Custom": "",
    "Description": "Testing briefly on Safari for Windows found that the modal pop-up field editors do not work correctly. The modal box appears behind the \"shaded\" background and the user cannot interact with the editor.",
    "LastUpdatedDate": "2009-01-23T13:42:40.42-08:00",
    "PlannedForRelease": "null",
    "ReleaseVisibleToPublic": false,
    "Priority": {
      "Name": "Low",
      "Severity": 50,
      "Id": 1
    },
    "ProjectName": "TicketDesk",
    "ReportedDate": "2008-04-01T08:20:43.453-07:00",
    "Status": {
      "Name": "Closed",
      "Id": 4
    },
    "ReasonClosed": {
      "Name": "Unassigned"
    },
    "Summary": "Safari for windows: modal editors dialogs are not editable",
    "Type": {
      "Name": "Issue",
      "Id": 3
    },
    "VoteCount": 1,
    "Id": 9850
  },
  "FileAttachments": [],
  "Comments": [
    {
      "Message": "Obsolete",
      "PostedDate": "2009-01-23T13:42:28.03-08:00",
      "Id": 44176
    }
  ]
}