{
  "WorkItem": {
    "AffectedComponent": {
      "Name": "",
      "DisplayName": ""
    },
    "ClosedComment": "",
    "ClosedDate": "2008-03-26T11:57:29.617-07:00",
    "CommentCount": 1,
    "Custom": "",
    "Description": "Viewing a closed ticket throws an unhandled exception:\n\n ------------------------------------------------------\nObject reference not set to an instance of an object. \n\nDescription: An unhandled exception occurred during the execution of the current web request. Please review the stack trace for more information about the error and where it originated in the code. \n\nException Details: System.NullReferenceException: Object reference not set to an instance of an object.\n\nSource Error: \nAn unhandled exception was generated during the execution of the current web request. Information regarding the origin and location of the exception can be identified using the exception stack trace below. \n\n\nStack Trace: \n[NullReferenceException: Object reference not set to an instance of an object.]\nTicketDesk.Controls.Attachments.Page_PreRender(Object sender, EventArgs e) in D:\\Projects\\Personal\\VS2008\\TicketDesk\\TicketDesk\\Controls\\Attachments.ascx.cs:28\nSystem.Web.Util.CalliHelper.EventArgFunctionCaller(IntPtr fp, Object o, Object t, EventArgs e) +15\nSystem.Web.Util.CalliEventHandlerDelegateProxy.Callback(Object sender, EventArgs e) +33\nSystem.Web.UI.Control.OnPreRender(EventArgs e) +2117788\nSystem.Web.UI.Control.PreRenderRecursiveInternal() +86\nSystem.Web.UI.Control.PreRenderRecursiveInternal() +170\nSystem.Web.UI.Control.PreRenderRecursiveInternal() +170\nSystem.Web.UI.Control.PreRenderRecursiveInternal() +170\nSystem.Web.UI.Control.PreRenderRecursiveInternal() +170\nSystem.Web.UI.Control.PreRenderRecursiveInternal() +170\nSystem.Web.UI.Control.PreRenderRecursiveInternal() +170\nSystem.Web.UI.Control.PreRenderRecursiveInternal() +170\nSystem.Web.UI.Page.ProcessRequestMain(Boolean includeStagesBeforeAsyncPoint, Boolean includeStagesAfterAsyncPoint) +2041\n------------------------------------------------------",
    "LastUpdatedDate": "2008-03-26T11:57:29.617-07:00",
    "PlannedForRelease": "TicketDesk 1.1",
    "ReleaseVisibleToPublic": true,
    "Priority": {
      "Name": "High",
      "Severity": 150,
      "Id": 3
    },
    "ProjectName": "TicketDesk",
    "ReportedDate": "2008-03-26T11:26:26.913-07:00",
    "Status": {
      "Name": "Closed",
      "Id": 4
    },
    "ReasonClosed": {
      "Name": "Unassigned"
    },
    "Summary": "Ticket Display - Viewing a closed ticket throws unhandled exception",
    "Type": {
      "Name": "Issue",
      "Id": 3
    },
    "VoteCount": 0,
    "Id": 9781
  },
  "FileAttachments": [],
  "Comments": [
    {
      "Message": "Resolved with changeset 17122.",
      "PostedDate": "2008-03-26T11:57:29.617-07:00",
      "Id": 44171
    }
  ]
}