{
  "WorkItem": {
    "AffectedComponent": {
      "Name": "",
      "DisplayName": ""
    },
    "ClosedComment": "",
    "ClosedDate": "2008-12-20T13:30:21.86-08:00",
    "CommentCount": 2,
    "Custom": "",
    "Description": "System.Web.HttpUnhandledException: Exception of type 'System.Web.HttpUnhandledException' was thrown. ---> System.ArgumentException: An item with the same key has already been added.\n   at System.ThrowHelper.ThrowArgumentException(ExceptionResource resource)\n   at System.Collections.Generic.Dictionary`2.Insert(TKey key, TValue value, Boolean add)\n   at TicketDesk.Engine.SecurityManager.GetAdUserProperty(String userName, String propertyName) in C:\\Projects\\Personal\\VS2008\\TicketDesk\\TicketDesk\\Engine\\SecurityManager.cs:line 382\n   at TicketDesk.Engine.SecurityManager.GetUserDisplayName(String userName) in C:\\Projects\\Personal\\VS2008\\TicketDesk\\TicketDesk\\Engine\\SecurityManager.cs:line 67\n   at TicketDesk.Controls.DisplayTicket.PopulateDisplay() in C:\\Projects\\Personal\\VS2008\\TicketDesk\\TicketDesk\\Controls\\DisplayTicket.ascx.cs:line 199\n   at TicketDesk.Controls.DisplayTicket.Page_Load(Object sender, EventArgs e) in C:\\Projects\\Personal\\VS2008\\TicketDesk\\TicketDesk\\Controls\\DisplayTicket.ascx.cs:line 36\n   at System.Web.Util.CalliHelper.EventArgFunctionCaller(IntPtr fp, Object o, Object t, EventArgs e)\n   at System.Web.Util.CalliEventHandlerDelegateProxy.Callback(Object sender, EventArgs e)\n   at System.Web.UI.Control.OnLoad(EventArgs e)\n   at System.Web.UI.Control.LoadRecursive()\n   at System.Web.UI.Control.LoadRecursive()\n   at System.Web.UI.Control.LoadRecursive()\n   at System.Web.UI.Control.LoadRecursive()\n   at System.Web.UI.Control.LoadRecursive()\n   at System.Web.UI.Page.ProcessRequestMain(Boolean includeStagesBeforeAsyncPoint, Boolean includeStagesAfterAsyncPoint)\n   --- End of inner exception stack trace ---\n   at System.Web.UI.Page.HandleError(Exception e)\n   at System.Web.UI.Page.ProcessRequestMain(Boolean includeStagesBeforeAsyncPoint, Boolean includeStagesAfterAsyncPoint)\n   at System.Web.UI.Page.ProcessRequest(Boolean includeStagesBeforeAsyncPoint, Boolean includeStagesAfterAsyncPoint)\n   at System.Web.UI.Page.ProcessRequest()\n   at System.Web.UI.Page.ProcessRequestWithNoAssert(HttpContext context)\n   at System.Web.UI.Page.ProcessRequest(HttpContext context)\n   at ASP.viewticket_aspx.ProcessRequest(HttpContext context)\n   at System.Web.HttpApplication.CallHandlerExecutionStep.System.Web.HttpApplication.IExecutionStep.Execute()\n   at System.Web.HttpApplication.ExecuteStep(IExecutionStep step, Boolean& completedSynchronously)",
    "LastUpdatedDate": "2008-12-20T13:30:21.86-08:00",
    "PlannedForRelease": "TicketDesk 1.2.2",
    "ReleaseVisibleToPublic": true,
    "Priority": {
      "Name": "High",
      "Severity": 150,
      "Id": 3
    },
    "ProjectName": "TicketDesk",
    "ReportedDate": "2008-12-17T14:50:59.187-08:00",
    "Status": {
      "Name": "Closed",
      "Id": 4
    },
    "ReasonClosed": {
      "Name": "Unassigned"
    },
    "Summary": "GetAdUserProperty method occasionally throwing exception when caching results",
    "Type": {
      "Name": "Issue",
      "Id": 3
    },
    "VoteCount": 0,
    "Id": 12076
  },
  "FileAttachments": [],
  "Comments": [
    {
      "Message": "I am getting this too.  It looks like this is happening possibly during some AJAX stuff because I can't get it to happen on an actual page visit or postback.  I set a breakpoint in the method and let it sit for a while and it hit it in the debugger.  I inspected the line where it threw the error and it looks like HttpContext.Current is null when \"if (HttpContext.Current.Cache[key] == null)\" is executed (so, therefore, it can neither examine nor set the cached content).  I encapsulated the method in a try..catch and returned null on the catch.  This isn't really a good fix because it will no longer throw on error in that method if something is actually wrong.  It does seem to stop the periodic exception in my eventlog, however.  I'm hoping this is addressed by the author in a new release soon.\r\n",
      "PostedDate": "2008-12-19T08:14:46.163-08:00",
      "Id": 44201
    },
    {
      "Message": "Resolved with changeset 28978.",
      "PostedDate": "2008-12-20T13:30:21.86-08:00",
      "Id": 44202
    }
  ]
}