{
  "WorkItem": {
    "AffectedComponent": {
      "Name": "",
      "DisplayName": ""
    },
    "ClosedComment": "",
    "ClosedDate": "2010-09-17T00:21:32.447-07:00",
    "CommentCount": 2,
    "Custom": "",
    "Description": "I've got Ticketdesk running on IIS7, off a SQL server & AD authentication... The app and folders within IIS are set for only Windows Authentication (though I did try troubleshooting with Basic Authentication at one point too).  I can access the main ticketdesk page, enter tickets, repond to tickets, close tickets, etc...  However, when I try to click the Administration link in the upper right corner, I'm prompted for a username and password... \n\nRegardless of what username and password I enter (in our domain, with an account part of AdministrativeRoleName through an AD group), I eventually get a 401 Access Denied error back from IIS.  If I change the AdministrativeRoleName group in web.config, the Administration link goes away, so I know that the application is properly identifying my account as part of the group that has access to Administration.\n\nI've checked the NTFS permissions on the Ticketdesk/admin directory and files.  Those seem in order.  I've verified I can navigate the directory and read the files (modify, and delete too) on the local web server with the same account I'm using to run the app through the web interface.\n\nThe only other clue I have is in the event log on the server.  I recieve the following .Net error:\n\nInformation\t2/25/2009 2:05:42 PM\tASP.NET 2.0.50727.0\t1314\tWeb Event\n\nEvent code: 4007 \nEvent message: URL authorization failed for the request. \nEvent time: 2/25/2009 2:05:42 PM \nEvent time (UTC): 2/25/2009 7:05:42 PM \nEvent ID: 8a3fdfb8de0a4ff2a6af09bd6805dd8d \nEvent sequence: 12 \nEvent occurrence: 1 \nEvent detail code: 0 \n \nApplication information: \n    Application domain: /LM/W3SVC/1/ROOT/TicketDesk-1-128800623325921255 \n    Trust level: Full \n    Application Virtual Path: /TicketDesk \n    Application Path: C:\\inetpub\\cww\\TicketDesk\\ \n    Machine name: POLARIS \n \nProcess information: \n    Process ID: 3424 \n    Process name: w3wp.exe \n    Account name: CSDOMAIN\\ServiceAcct \n \nRequest information: \n    Request URL: http://cww.namfg.com/ticketdesk/Admin/Default.aspx \n    Request path: /ticketdesk/Admin/Default.aspx \n    User host address: 10.1.1.236 \n    User: CSDOMAIN\\JoePochedley \n    Is authenticated: True \n    Authentication Type: Negotiate \n    Thread account name: CSDOMAIN\\ServiceAcct \n \nCustom event details: \n\n\n\nI'm at a loss as to why I cannot access the Administration pages...",
    "LastUpdatedDate": "2010-09-17T00:21:32.447-07:00",
    "PlannedForRelease": "",
    "ReleaseVisibleToPublic": false,
    "Priority": {
      "Name": "Low",
      "Severity": 50,
      "Id": 1
    },
    "ProjectName": "TicketDesk",
    "ReportedDate": "2009-02-25T11:41:11.317-08:00",
    "Status": {
      "Name": "Closed",
      "Id": 4
    },
    "ReasonClosed": {
      "Name": "Unassigned"
    },
    "Summary": "Problem accessing the Admin pages",
    "Type": {
      "Name": "Issue",
      "Id": 3
    },
    "VoteCount": 1,
    "Id": 12690
  },
  "FileAttachments": [],
  "Comments": [
    {
      "Message": "IN web.config the admin section's authorization is controlled seperatly from the rest. There is a part of web.config that should look something like this:\r\n\r\n\r\n\t\t\r\n\t\t\t\r\n\t\t\t\t\r\n\t\t\t\t\r\n\t\t\t\r\n\t\t\t.... other stuff ....\r\n\t\r\n\r\nEnsure that your this part of web.config uses the correct account names.",
      "PostedDate": "2009-02-26T10:27:27.337-08:00",
      "Id": 44214
    },
    {
      "Message": "Yes, that was the issue.  I figured it out and forgot to come back to add a note....  Thanks.",
      "PostedDate": "2009-03-03T08:39:41.6-08:00",
      "Id": 44215
    }
  ]
}