{
  "WorkItem": {
    "AffectedComponent": {
      "Name": "",
      "DisplayName": ""
    },
    "ClosedComment": "",
    "ClosedDate": "2010-09-17T00:21:32.447-07:00",
    "CommentCount": 2,
    "Custom": "",
    "Description": "Users do not want to see tickets from all the other groups - groupings into queues / products / departments etc would be a great feature.\n\nWe have a lot of different users accessing the system. They only want to see the items in their group or somewhere in their group hierarchy. These groups could be managed as entities in the database (preferable over AD groups). \n\nThanks,\nB.",
    "LastUpdatedDate": "2010-09-17T00:21:32.447-07:00",
    "PlannedForRelease": "",
    "ReleaseVisibleToPublic": false,
    "Priority": {
      "Name": "Low",
      "Severity": 50,
      "Id": 1
    },
    "ProjectName": "TicketDesk",
    "ReportedDate": "2009-04-14T10:36:27.593-07:00",
    "Status": {
      "Name": "Closed",
      "Id": 4
    },
    "ReasonClosed": {
      "Name": "Unassigned"
    },
    "Summary": "Feature: Grouping of tickets, preferably hierarchichal",
    "Type": {
      "Name": "Issue",
      "Id": 3
    },
    "VoteCount": 2,
    "Id": 13004
  },
  "FileAttachments": [],
  "Comments": [
    {
      "Message": "I wouldn't mark out the idea of adding some form of queue segmentation, or just new fields such as a department fields or what not that can be used to filter list views.\r\n\r\nQueue segmentation or filter/grouping of tickets around role memberships or AD groups doesn't sound particularly feasable though. \r\n\r\nTickets do not belong to roles, people do. The people that are involved with a ticket tend to shift over time, both on the user side and the staff side. \r\n\r\nAdditionally people change roles as well and can belong to multiple roles. \r\n\r\nTracking tickets via roles of users that are involved with a ticket would be technologically challenging to put it mildly. ",
      "PostedDate": "2009-04-16T10:48:44.657-07:00",
      "Id": 44220
    },
    {
      "Message": "I think that feature shuold be. If not based on roles then on some part of user's profile (dept/company/etc)\r\nIt wouldn't  be full-valued system without that feature (just IMHO)",
      "PostedDate": "2009-05-05T11:05:04.147-07:00",
      "Id": 44221
    }
  ]
}