{
  "WorkItem": {
    "AffectedComponent": {
      "Name": "",
      "DisplayName": ""
    },
    "ClosedComment": "",
    "ClosedDate": "2010-09-17T00:21:32.447-07:00",
    "CommentCount": 1,
    "Custom": "",
    "Description": "I'm getting the following error if I try to run either of the latest builds from source (31965 or 31847). Same error regardless of whether I run off my Vista dev box (in debug) or compile and move it to my 2008 / IIS7 box.\n\nServer Error in '/TicketDesk' Application.\n--------------------------------------------------------------------------------\n\nParser Error \nDescription: An error occurred during the parsing of a resource required to service this request. Please review the following specific parse error details and modify your source file appropriately. \n\nParser Error Message: Unknown server tag 'ticketDesk:KeepAlive'.\n\nSource Error: \n\n\nLine 64:         </div>\nLine 65:     </div>\nLine 66:     <ticketDesk:KeepAlive ID=\"KeepAliveScript\" runat=\"server\" />\nLine 67:     </form>\nLine 68: </body>\n \n\nSource File: /TicketDesk/TicketDeskMain.Master    Line: 66 \n\n\n--------------------------------------------------------------------------------\nVersion Information: Microsoft .NET Framework Version:2.0.50727.1434; ASP.NET Version:2.0.50727.1434",
    "LastUpdatedDate": "2010-09-17T00:21:32.447-07:00",
    "PlannedForRelease": "",
    "ReleaseVisibleToPublic": false,
    "Priority": {
      "Name": "Low",
      "Severity": 50,
      "Id": 1
    },
    "ProjectName": "TicketDesk",
    "ReportedDate": "2009-03-05T11:06:08.193-08:00",
    "Status": {
      "Name": "Closed",
      "Id": 4
    },
    "ReasonClosed": {
      "Name": "Unassigned"
    },
    "Summary": "Error with keepalive in latest builds",
    "Type": {
      "Name": "Issue",
      "Id": 3
    },
    "VoteCount": 1,
    "Id": 12758
  },
  "FileAttachments": [],
  "Comments": [
    {
      "Message": "Verify the web.config file\r\nThe tagprefixes for the controls need to be all there\r\nThis should be how it looks like :\r\n\t\t\t\t\r\n\t\t\t\t\r\n\t\t\t\t\r\n\t\t\t\t\r\n\t\t\t\t\r\n\t\t\t\t\r\n\r\n\r\nIn the earlier version (if you updated from that), the \"ticketdesk\" and \"fck\" tag were not included.\r\n\r\nHope this helps.\r\n\r\nJ.",
      "PostedDate": "2009-09-15T02:13:07.75-07:00",
      "Id": 44218
    }
  ]
}