{
  "WorkItem": {
    "AffectedComponent": {
      "Name": "",
      "DisplayName": ""
    },
    "ClosedComment": "",
    "ClosedDate": null,
    "CommentCount": 1,
    "Custom": null,
    "Description": "Footer was not aligned at the bottom, therefore I propose to change\r\n<footer class=\"\">\r\nto \r\n<footer class=\"\" style=\"position:fixed; width:100%; padding:5px; bottom:0px; \">\r\n",
    "LastUpdatedDate": "2017-12-11T22:13:05.99-08:00",
    "PlannedForRelease": "TicketDesk 2.5",
    "ReleaseVisibleToPublic": true,
    "Priority": {
      "Name": "Low",
      "Severity": 50,
      "Id": 1
    },
    "ProjectName": "TicketDesk",
    "ReportedDate": "2015-05-01T18:17:04.397-07:00",
    "Status": {
      "Name": "Active",
      "Id": 2
    },
    "ReasonClosed": {
      "Name": "Unassigned"
    },
    "Summary": "Footer not aligned at the bottom",
    "Type": {
      "Name": "Issue",
      "Id": 3
    },
    "VoteCount": 1,
    "Id": 21435
  },
  "FileAttachments": [],
  "Comments": [
    {
      "Message": "Can you confirm the version and branch you are reporting against? Also, what browser and version?",
      "PostedDate": "2015-05-02T19:44:50.237-07:00",
      "Id": 183760
    }
  ]
}