{
  "WorkItem": {
    "AffectedComponent": {
      "Name": "",
      "DisplayName": ""
    },
    "ClosedComment": "There are instances of this running under 2012 R2 servers without problem. Not enough information to reproduce.",
    "ClosedDate": "2014-08-18T07:03:50.153-07:00",
    "CommentCount": 1,
    "Custom": null,
    "Description": "Is this MVC app deployable in Windows server 2012 R2....Please let me know how cos am freaking out",
    "LastUpdatedDate": "2017-12-11T22:13:05.99-08:00",
    "PlannedForRelease": "",
    "ReleaseVisibleToPublic": false,
    "Priority": {
      "Name": "Low",
      "Severity": 50,
      "Id": 1
    },
    "ProjectName": "TicketDesk",
    "ReportedDate": "2014-08-17T13:23:54.817-07:00",
    "Status": {
      "Name": "Closed",
      "Id": 4
    },
    "ReasonClosed": {
      "Name": "Fixed"
    },
    "Summary": "***",
    "Type": {
      "Name": "Issue",
      "Id": 3
    },
    "VoteCount": 1,
    "Id": 21433
  },
  "FileAttachments": [],
  "Comments": [
    {
      "Message": "Yeah, should be no problem. .net 4.5, iis, and some form of SQL server are all you need.",
      "PostedDate": "2014-08-17T14:56:01.18-07:00",
      "Id": 155625
    }
  ]
}