{
  "WorkItem": {
    "AffectedComponent": {
      "Name": "",
      "DisplayName": ""
    },
    "ClosedComment": "",
    "ClosedDate": "2010-09-17T00:21:32.447-07:00",
    "CommentCount": 2,
    "Custom": "",
    "Description": "When running this app entirely within a domain with only domain users, the ActiveDirectoryUser proxy account is not necessary.  This is because when you generate the PrincipleContext you can leave off username and password and it will use the currently logged on user (which will be an AD user).  So the code would look like this...\nPrincipalContext ctx = new PrincipalContext(ContextType.Domain, ConfigurationManager.AppSettings[\"ActiveDirectoryDomain\"]);\n\nI've tested it and works.  This is better security, in my opinion, because a username/password combo is not lying around in the web.config.\n\nSince some deployments may require a proxy account to query an entire directory (perhaps the directory is partitioned into OUs where users cannot query departmental OUs they do not belong to), this feature should be left in, but I think it should be optional and off by default.  A simple web.config appsetting can be enabled to use the proxy account in scenarios it makes sense, but left off where it is not needed -- which is probably most AD deployments.\n\nOtherwise, excellent job!!",
    "LastUpdatedDate": "2010-09-17T00:21:32.447-07:00",
    "PlannedForRelease": "null",
    "ReleaseVisibleToPublic": false,
    "Priority": {
      "Name": "Low",
      "Severity": 50,
      "Id": 1
    },
    "ProjectName": "TicketDesk",
    "ReportedDate": "2008-12-16T12:25:13.247-08:00",
    "Status": {
      "Name": "Closed",
      "Id": 4
    },
    "ReasonClosed": {
      "Name": "Unassigned"
    },
    "Summary": "AD Username/Password not necessary",
    "Type": {
      "Name": "Issue",
      "Id": 3
    },
    "VoteCount": 2,
    "Id": 12063
  },
  "FileAttachments": [],
  "Comments": [
    {
      "Message": "Thanks for the report. That is a good point. I haven't had much feedback from AD environments so far, and my own AD environment does require the proxy.\r\n\r\nI'll double check the behavior in a test lab AD environment and adjust the documentation and sample AD config files accordingly. You are correct about the enhanced security, and this is a big potential risk area.\r\n\r\n",
      "PostedDate": "2008-12-16T15:26:54.787-08:00",
      "Id": 44197
    },
    {
      "Message": "I modified the source code and am running it this way now, so if you need any help with this, please let me know.  I am using an AD account (instead of Network Service) for my Application Pool identity and although I don't think it's required for this type of deployment (Network Service is exposed as the machine account for network resources and AD access), I wanted to note it, just in case you run into a hurdle.",
      "PostedDate": "2008-12-17T06:09:54.683-08:00",
      "Id": 44198
    }
  ]
}