{
  "WorkItem": {
    "AffectedComponent": {
      "Name": "",
      "DisplayName": ""
    },
    "ClosedComment": "",
    "ClosedDate": "2009-02-14T12:58:30.623-08:00",
    "CommentCount": 1,
    "Custom": "",
    "Description": "Provide a way to track time spent \"working a ticket\".  Ideally there should be a timer, that would allow you to start, pause, continue and stop.  More basic, provide a field to enter the time spent on a \"comment\" before adding it.",
    "LastUpdatedDate": "2009-02-14T12:58:30.623-08:00",
    "PlannedForRelease": "",
    "ReleaseVisibleToPublic": false,
    "Priority": {
      "Name": "Low",
      "Severity": 50,
      "Id": 1
    },
    "ProjectName": "TicketDesk",
    "ReportedDate": "2009-02-12T05:59:13.817-08:00",
    "Status": {
      "Name": "Closed",
      "Id": 4
    },
    "ReasonClosed": {
      "Name": "Unassigned"
    },
    "Summary": "Time Tracking",
    "Type": {
      "Name": "Issue",
      "Id": 3
    },
    "VoteCount": 1,
    "Id": 12596
  },
  "FileAttachments": [],
  "Comments": [
    {
      "Message": "This is a somewhat common request; however it violates one of the fundamental design philosophies behind TicketDesk.\r\n\r\nTicketDesk will never provide features that support or could be used to support individual performance metrics. \r\n\r\nResearch, and extensive personal experience shows that when any system that is used to gauge the performance or effectiveness of an individual, that system will immediately cease to be effective in its primary mission and will slowly cease to even be useful in gathering useful performance metrics too. \r\n\r\nInstead, the data collected by the system will become skewed and distorted by the users so as to make the performance metrics show whatever is in the best interests of those users rather than what is accurate or most useful to the organization.  \r\n\r\nThis is called \"measurement dysfunction\" and is huge problem in just about every field... but no-where is it more destructive than it is with customer service and help desk departments.\r\n\r\nThe purpose of TicketDesk is to facilitate honest, open, and efficient communication between users and the help desk staff. There is no value to either the user nor the help desk staff in measuring the exact time spent working on a ticket. It doesn't get a problem solved faster, it doesn't communicate useful information to either party, and it doesn't catalog information that may be of historical interest to people that encounter a similar issue in the future.\r\n\r\nThe only practical purpose it might serve is to give management a way to report on employee performance metrics, which will certainly lead to the system being gamed by the users in order to appease managment and at the expense of efficiently conducting the business of solving problems, handling requests, and answering questions.\r\n\r\nFor further reading on the topic I recommend Dr Austin's book: \r\nMeasuring and Managing Performance in Organizations \r\nhttp://www.amazon.com/exec/obidos/ASIN/0932633366/ref=nosim/joelonsoftware\r\n\r\nTicketDesk is an open source project, and the feature requested here can be custom implemented with little effort. I advise against it, but if you think you can implement such a system wisely enough to where it doesn't trash the integrity of your system then by all means, customize.",
      "PostedDate": "2009-02-14T12:56:19.533-08:00",
      "Id": 44208
    }
  ]
}