{
  "WorkItem": {
    "AffectedComponent": {
      "Name": "",
      "DisplayName": ""
    },
    "ClosedComment": "",
    "ClosedDate": "2010-09-17T00:21:32.447-07:00",
    "CommentCount": 0,
    "Custom": "",
    "Description": "I have install ticketdesk on windows server 2003. Everything is ok when setup using Configuration Settings with SQL Server Security but we have a problem I setup using Configuration Settings with Active Directory Security. in AD, I have created a user and assign to HelpDeskAminGroup but when I run the application with user that assign to HelpDeskAminGroup can not access the administration(administrator) screen. HelpDeskAdminGroup level should be access to Adminisration screen. Is there some one can help me?.  The second question is when use Configuration Settings with Active Directory Security, whether the user would enter the username & password again when the access the application.",
    "LastUpdatedDate": "2010-09-17T00:21:32.447-07:00",
    "PlannedForRelease": "",
    "ReleaseVisibleToPublic": false,
    "Priority": {
      "Name": "Low",
      "Severity": 50,
      "Id": 1
    },
    "ProjectName": "TicketDesk",
    "ReportedDate": "2010-03-03T21:55:19.55-08:00",
    "Status": {
      "Name": "Closed",
      "Id": 4
    },
    "ReasonClosed": {
      "Name": "Unassigned"
    },
    "Summary": "AD Problem & Access level Application",
    "Type": {
      "Name": "Issue",
      "Id": 3
    },
    "VoteCount": 1,
    "Id": 16643
  },
  "FileAttachments": [],
  "Comments": []
}