{
  "WorkItem": {
    "AffectedComponent": {
      "Name": "",
      "DisplayName": ""
    },
    "ClosedComment": "",
    "ClosedDate": "2013-07-18T20:54:37.383-07:00",
    "CommentCount": 2,
    "Custom": null,
    "Description": "I was not able to clone with tortoiseHg the source code. Error: this project seems not be webdav enabled.\r\n\r\nThanks",
    "LastUpdatedDate": "2017-12-11T22:13:05.99-08:00",
    "PlannedForRelease": "TicketDesk MVC 2.0.1",
    "ReleaseVisibleToPublic": true,
    "Priority": {
      "Name": "Low",
      "Severity": 50,
      "Id": 1
    },
    "ProjectName": "TicketDesk",
    "ReportedDate": "2012-06-19T02:31:18.37-07:00",
    "Status": {
      "Name": "Closed",
      "Id": 4
    },
    "ReasonClosed": {
      "Name": "Fixed"
    },
    "Summary": "Access to repository sourcecode",
    "Type": {
      "Name": "Issue",
      "Id": 3
    },
    "VoteCount": 1,
    "Id": 21416
  },
  "FileAttachments": [],
  "Comments": [
    {
      "Message": "That sounds more like a tortoiseSVN errror, not a mercurial one (I've seen that kind of error with SVN before, but HG doesn't need webdav on the server as far as I know). \n\nJust in case though, I spun up a virtual machine and installed tortoiseHG with the default settings. I then verified that the repository can be cloned from both the command line and via tortoiseHG's GUI clone tool without specifying any account information, and without setting any custom configurations. The repo cloned successfully without any errors in both tests. \n\nI recommend you try the clone from the command line:\n\nhg clone --verbose -- https://hg.codeplex.com/ticketdesk C:\\<folder>\n\njust replace <folder> with the path to the local folder on your computer where you want to drop the files. If you continue to have issues, contact codeplex support and see if they have any tips, or have heard of problems accessing repositories. ",
      "PostedDate": "2012-06-19T10:00:34.943-07:00",
      "Id": 68275
    },
    {
      "Message": "Thanks fixed",
      "PostedDate": "2012-07-03T02:19:25.17-07:00",
      "Id": 69423
    }
  ]
}