{
  "WorkItem": {
    "AffectedComponent": {
      "Name": "",
      "DisplayName": ""
    },
    "ClosedComment": "",
    "ClosedDate": "2014-11-02T11:15:57.263-08:00",
    "CommentCount": 3,
    "Custom": null,
    "Description": "TicketDesk 2.5:\r\n\r\nSince TicketDeskUser class requires DisplayName, registration breaks.",
    "LastUpdatedDate": "2017-12-11T22:13:05.99-08:00",
    "PlannedForRelease": "TicketDesk 2.5",
    "ReleaseVisibleToPublic": true,
    "Priority": {
      "Name": "Low",
      "Severity": 50,
      "Id": 1
    },
    "ProjectName": "TicketDesk",
    "ReportedDate": "2014-10-29T12:56:33.143-07:00",
    "Status": {
      "Name": "Closed",
      "Id": 4
    },
    "ReasonClosed": {
      "Name": "Fixed"
    },
    "Summary": "Register Create a new account error",
    "Type": {
      "Name": "Issue",
      "Id": 3
    },
    "VoteCount": 1,
    "Id": 21434
  },
  "FileAttachments": [],
  "Comments": [
    {
      "Message": "The current alpha source code for TicketDesk 2.5 is far from complete. The identity UI is currently a straight copy from one of the sample applications, hacked up a bit. I haven't gotten around to refactoring them yet. I'll go ahead and get a temporary fix in place though, so developers can continue testing and evaluating it.",
      "PostedDate": "2014-10-30T21:14:42.277-07:00",
      "Id": 163682
    },
    {
      "Message": "Fixed in changeset b4c4de781358911835eddbe884d4db9d624c1e48",
      "PostedDate": "2014-11-02T11:13:37.99-08:00",
      "Id": 163805
    },
    {
      "Message": "added display name support in stock register view, vm, and controller. Also will add user to the TdInternalUsers role by default. ",
      "PostedDate": "2014-11-02T11:15:41.31-08:00",
      "Id": 163806
    }
  ]
}