{
  "WorkItem": {
    "AffectedComponent": {
      "Name": "",
      "DisplayName": ""
    },
    "ClosedComment": "fixed in commit # caab8a74d251",
    "ClosedDate": "2013-08-15T14:47:09.493-07:00",
    "CommentCount": 0,
    "Custom": null,
    "Description": "Hello!\r\nNice app!\r\nI'm testing last sources (also in RC1) and the default value used to set the list name in Ticket Center is \"unassigned\".\r\nIf you log in as \"Submitter\" you can see a view mismatch, you should view \"mytickets\" by default.. in my opinion.\r\nI put some code in the controller, but sure you can implement a best solution in order to make it configurable.\r\n\r\nBest Regards\r\nAlex Segovia",
    "LastUpdatedDate": "2017-12-11T22:13:05.99-08:00",
    "PlannedForRelease": "",
    "ReleaseVisibleToPublic": false,
    "Priority": {
      "Name": "Low",
      "Severity": 50,
      "Id": 1
    },
    "ProjectName": "TicketDesk",
    "ReportedDate": "2012-09-06T08:48:28.19-07:00",
    "Status": {
      "Name": "Closed",
      "Id": 4
    },
    "ReasonClosed": {
      "Name": "Fixed"
    },
    "Summary": "Submitters default view in Ticket Center",
    "Type": {
      "Name": "Issue",
      "Id": 3
    },
    "VoteCount": 1,
    "Id": 21420
  },
  "FileAttachments": [],
  "Comments": []
}