{
  "WorkItem": {
    "AffectedComponent": {
      "Name": "",
      "DisplayName": ""
    },
    "ClosedComment": "",
    "ClosedDate": "2008-09-08T21:02:15.657-07:00",
    "CommentCount": 2,
    "Custom": "",
    "Description": "I created an MSSQL 2005 database using my server's default collation (Latin1_General_CS_AS) and searches require exact case (i.e. Searching for TFC returns results but TfC does not). Of course, the database is collated \"Accent-sensitive\" and \"Case-sensitive\". Switching the database to Latin1_General_CI_AI did not solve the problem.\n\nIs this an expected behavior?",
    "LastUpdatedDate": "2008-09-08T21:06:47.877-07:00",
    "PlannedForRelease": "TicketDesk 1.2.2",
    "ReleaseVisibleToPublic": true,
    "Priority": {
      "Name": "Medium",
      "Severity": 100,
      "Id": 2
    },
    "ProjectName": "TicketDesk",
    "ReportedDate": "2008-09-08T13:17:00.673-07:00",
    "Status": {
      "Name": "Closed",
      "Id": 4
    },
    "ReasonClosed": {
      "Name": "Unassigned"
    },
    "Summary": "Ticket Searching effectiveness is dependent on SQL collation setting",
    "Type": {
      "Name": "Issue",
      "Id": 3
    },
    "VoteCount": 1,
    "Id": 11195
  },
  "FileAttachments": [
    {
      "FileId": 278560,
      "FileName": "1.jpg",
      "DownloadUrl": ".\\278560"
    },
    {
      "FileId": 278561,
      "FileName": "2.jpg",
      "DownloadUrl": ".\\278561"
    },
    {
      "FileId": 278562,
      "FileName": "SQL_Case_Insensitive_Scripts.sql",
      "DownloadUrl": ".\\278562"
    }
  ],
  "Comments": [
    {
      "Message": "Here's the result with a case deviation.",
      "PostedDate": "2008-09-08T13:20:16.407-07:00",
      "Id": 44195
    },
    {
      "Message": "\r\nYes, this would be the expected behavior. Ticketdesk just uses simple SQL queries (via LINQ to SQL) for searches. The databases that ship with Ticketdesk and the scripts supplied do not override the server settings reguarding collation  or sort order, these queries would become case sensitive if deployed to a case sensitive server.\r\n\n\r\n \r\n\n\r\nThe amount of code and effort needed to make the query case-insensitive would be significant, and would likely incur a significant performance penalty too. Since the vast majority of SQL installations are not case sensitive, we will not be putting in significant effort to support case sensitive environments at this time.\r\n\n\r\n \r\n\n\r\nHowever, it should be trivial to work around this... Simply install a version of SQL or SQL express that is setup with the collation \"SQL_Latin1_General_CP1_CI_AS\" (which is the default). Attach the database files in this instance, and generate scripts that with the collation intact. This should generate create scripts that include the collation on a column-by-column baisis. In theory, running those scripts would result in a database that is case insensitive even on a server where the default was otherwise.\r\n\n\r\n \r\n\n\r\nAs a convienience, I've attached a script created from the SQL 2005 Managment Studio to this work item that does include the collation. You'll need to get the source code from source control though as there have been schema changes since the release 1.1 version.\r\n\n\r\n \r\n\n\r\nAttached script does not include the security database objects... Use the aspnet_regsql tool to create the security objects.\r\n",
      "PostedDate": "2008-09-08T21:02:04.313-07:00",
      "Id": 44196
    }
  ]
}