{
  "WorkItem": {
    "AffectedComponent": {
      "Name": "",
      "DisplayName": ""
    },
    "ClosedComment": "changes committed; admins can unlock accounts. admins can change email addresses. users can change their own email addresses.",
    "ClosedDate": "2013-04-30T11:14:51.683-07:00",
    "CommentCount": 0,
    "Custom": null,
    "Description": "I have seen  code in EditUser and you haven't added\r\n\r\n```\r\nm.IsApproved = user.IsApproved;\r\nm.Email = user.Email;  //<---\r\n...\r\n```\r\n",
    "LastUpdatedDate": "2017-12-11T22:13:05.99-08:00",
    "PlannedForRelease": "",
    "ReleaseVisibleToPublic": false,
    "Priority": {
      "Name": "Low",
      "Severity": 50,
      "Id": 1
    },
    "ProjectName": "TicketDesk",
    "ReportedDate": "2013-04-11T11:20:54.217-07:00",
    "Status": {
      "Name": "Closed",
      "Id": 4
    },
    "ReasonClosed": {
      "Name": "Unassigned"
    },
    "Summary": "Save change email user",
    "Type": {
      "Name": "Issue",
      "Id": 3
    },
    "VoteCount": 1,
    "Id": 21423
  },
  "FileAttachments": [],
  "Comments": []
}