{
  "WorkItem": {
    "AffectedComponent": {
      "Name": "",
      "DisplayName": ""
    },
    "ClosedComment": "",
    "ClosedDate": "2010-09-17T00:21:32.447-07:00",
    "CommentCount": 0,
    "Custom": "",
    "Description": "<?xml version=\"1.0\" encoding=\"utf-16\"?>\n<error\n  host=\"IT-5\"\n  type=\"System.NullReferenceException\"\n  message=\"Der Objektverweis wurde nicht auf eine Objektinstanz festgelegt.\"\n  source=\"TicketDesk\"\n  detail=\"System.Web.HttpUnhandledException: Eine Ausnahme vom Typ &quot;System.Web.HttpUnhandledException&quot; wurde ausgelöst. ---&gt; System.NullReferenceException: Der Objektverweis wurde nicht auf eine Objektinstanz festgelegt.&#xD;&#xA;   bei TicketDesk.TicketCenter2.Page_Load() in C:\\Users\\bhogavilli\\Desktop\\Downloads\\TicketDesk_1.2.3_Source\\TicketDesk\\TicketCenter2.aspx.cs:Zeile 53.&#xD;&#xA;   bei System.Web.Util.CalliHelper.ArglessFunctionCaller(IntPtr fp, Object o)&#xD;&#xA;   bei System.Web.Util.CalliEventHandlerDelegateProxy.Callback(Object sender, EventArgs e)&#xD;&#xA;   bei System.Web.UI.Control.OnLoad(EventArgs e)&#xD;&#xA;   bei System.Web.UI.Control.LoadRecursive()&#xD;&#xA;   bei System.Web.UI.Page.ProcessRequestMain(Boolean includeStagesBeforeAsyncPoint, Boolean includeStagesAfterAsyncPoint)&#xD;&#xA;   --- Ende der internen Ausnahmestapelüberwachung ---&#xD;&#xA;   bei System.Web.UI.Page.HandleError(Exception e)&#xD;&#xA;   bei System.Web.UI.Page.ProcessRequestMain(Boolean includeStagesBeforeAsyncPoint, Boolean includeStagesAfterAsyncPoint)&#xD;&#xA;   bei System.Web.UI.Page.ProcessRequest(Boolean includeStagesBeforeAsyncPoint, Boolean includeStagesAfterAsyncPoint)&#xD;&#xA;   bei System.Web.UI.Page.ProcessRequest()&#xD;&#xA;   bei System.Web.UI.Page.ProcessRequestWithNoAssert(HttpContext context)&#xD;&#xA;   bei System.Web.UI.Page.ProcessRequest(HttpContext context)&#xD;&#xA;   bei ASP.ticketcenter2_aspx.ProcessRequest(HttpContext context) in c:\\Windows\\Microsoft.NET\\Framework\\v2.0.50727\\Temporary ASP.NET Files\\root\\f34c6cec\\f985d206\\App_Web_wnpqborl.2.cs:Zeile 0.&#xD;&#xA;   bei System.Web.HttpApplication.CallHandlerExecutionStep.System.Web.HttpApplication.IExecutionStep.Execute()&#xD;&#xA;   bei System.Web.HttpApplication.ExecuteStep(IExecutionStep step, Boolean&amp; completedSynchronously)\"\n  user=\"bhogavilli\"\n  time=\"2009-11-06T11:04:09.8981943Z\"\n  statusCode=\"500\"\n  webHostHtmlMessage=\"&lt;html&gt;&#xD;&#xA;    &lt;head&gt;&#xD;&#xA;        &lt;title&gt;Der Objektverweis wurde nicht auf eine Objektinstanz festgelegt.&lt;/title&gt;&#xD;&#xA;        &lt;style&gt;&#xD;&#xA;         body {font-family:&quot;Verdana&quot;;font-weight:normal;font-size: .7em;color:black;} &#xD;&#xA;         p {font-family:&quot;Verdana&quot;;font-weight:normal;color:black;margin-top: -5px}&#xD;&#xA;         b {font-family:&quot;Verdana&quot;;font-weight:bold;color:black;margin-top: -5px}&#xD;&#xA;         H1 { font-family:&quot;Verdana&quot;;font-weight:normal;font-size:18pt;color:red }&#xD;&#xA;         H2 { font-family:&quot;Verdana&quot;;font-weight:normal;font-size:14pt;color:maroon }&#xD;&#xA;         pre {font-family:&quot;Lucida Console&quot;;font-size: .9em}&#xD;&#xA;         .marker {font-weight: bold; color: black;text-decoration: none;}&#xD;&#xA;         .version {color: gray;}&#xD;&#xA;         .error {margin-bottom: 10px;}&#xD;&#xA;         .expandable { text-decoration:underline; font-weight:bold; color:navy; cursor:hand; }&#xD;&#xA;        &lt;/style&gt;&#xD;&#xA;    &lt;/head&gt;&#xD;&#xA;&#xD;&#xA;    &lt;body bgcolor=&quot;white&quot;&gt;&#xD;&#xA;&#xD;&#xA;            &lt;span&gt;&lt;H1&gt;Serverfehler in der Anwendung /.&lt;hr width=100% size=1 color=silver&gt;&lt;/H1&gt;&#xD;&#xA;&#xD;&#xA;            &lt;h2&gt; &lt;i&gt;Der Objektverweis wurde nicht auf eine Objektinstanz festgelegt.&lt;/i&gt; &lt;/h2&gt;&lt;/span&gt;&#xD;&#xA;&#xD;&#xA;            &lt;font face=&quot;Arial, Helvetica, Geneva, SunSans-Regular, sans-serif &quot;&gt;&#xD;&#xA;&#xD;&#xA;            &lt;b&gt; Beschreibung: &lt;/b&gt;Unbehandelte Ausnahme beim Ausführen der aktuellen Webanforderung. Überprüfen Sie die Stapelüberwachung, um weitere Informationen über diesen Fehler anzuzeigen und festzustellen, wo der Fehler im Code verursacht wurde.&#xD;&#xA;&#xD;&#xA;            &lt;br&gt;&lt;br&gt;&#xD;&#xA;&#xD;&#xA;            &lt;b&gt; Ausnahmedetails: &lt;/b&gt;System.NullReferenceException: Der Objektverweis wurde nicht auf eine Objektinstanz festgelegt.&lt;br&gt;&lt;br&gt;&#xD;&#xA;&#xD;&#xA;            &lt;b&gt;Quellfehler:&lt;/b&gt; &lt;br&gt;&lt;br&gt;&#xD;&#xA;&#xD;&#xA;            &lt;table width=100% bgcolor=&quot;#ffffcc&quot;&gt;&#xD;&#xA;               &lt;tr&gt;&#xD;&#xA;                  &lt;td&gt;&#xD;&#xA;                      &lt;code&gt;&lt;pre&gt;&#xD;&#xA;&#xD;&#xA;Zeile 51:             }&#xD;&#xA;Zeile 52:             listSetting = userSettings.Settings.SingleOrDefault(us =&amp;gt; us.ListViewName == listName);&#xD;&#xA;&lt;font color=red&gt;Zeile 53:             Page.Title = string.Format(&amp;quot;Ticket Center: {0}&amp;quot;, listSetting.ListViewDisplayName);&#xD;&#xA;&lt;/font&gt;Zeile 54:             ListViewSettingsEditorControl.ListName = listName;&#xD;&#xA;Zeile 55:             ListViewControl.ListName = listName;&lt;/pre&gt;&lt;/code&gt;&#xD;&#xA;&#xD;&#xA;                  &lt;/td&gt;&#xD;&#xA;               &lt;/tr&gt;&#xD;&#xA;            &lt;/table&gt;&#xD;&#xA;&#xD;&#xA;            &lt;br&gt;&#xD;&#xA;&#xD;&#xA;            &lt;b&gt; Quelldatei: &lt;/b&gt; C:\\Users\\bhogavilli\\Desktop\\Downloads\\TicketDesk_1.2.3_Source\\TicketDesk\\TicketCenter2.aspx.cs&lt;b&gt; &amp;nbsp;&amp;nbsp; Zeile: &lt;/b&gt; 53&#xD;&#xA;            &lt;br&gt;&lt;br&gt;&#xD;&#xA;&#xD;&#xA;            &lt;b&gt;Stapelüberwachung:&lt;/b&gt; &lt;br&gt;&lt;br&gt;&#xD;&#xA;&#xD;&#xA;            &lt;table width=100% bgcolor=&quot;#ffffcc&quot;&gt;&#xD;&#xA;               &lt;tr&gt;&#xD;&#xA;                  &lt;td&gt;&#xD;&#xA;                      &lt;code&gt;&lt;pre&gt;&#xD;&#xA;&#xD;&#xA;[NullReferenceException: Der Objektverweis wurde nicht auf eine Objektinstanz festgelegt.]&#xD;&#xA;   TicketDesk.TicketCenter2.Page_Load() in C:\\Users\\bhogavilli\\Desktop\\Downloads\\TicketDesk_1.2.3_Source\\TicketDesk\\TicketCenter2.aspx.cs:53&#xD;&#xA;   System.Web.Util.CalliHelper.ArglessFunctionCaller(IntPtr fp, Object o) +8&#xD;&#xA;   System.Web.Util.CalliEventHandlerDelegateProxy.Callback(Object sender, EventArgs e) +8667923&#xD;&#xA;   System.Web.UI.Control.OnLoad(EventArgs e) +99&#xD;&#xA;   System.Web.UI.Control.LoadRecursive() +50&#xD;&#xA;   System.Web.UI.Page.ProcessRequestMain(Boolean includeStagesBeforeAsyncPoint, Boolean includeStagesAfterAsyncPoint) +627&#xD;&#xA;&lt;/pre&gt;&lt;/code&gt;&#xD;&#xA;&#xD;&#xA;                  &lt;/td&gt;&#xD;&#xA;               &lt;/tr&gt;&#xD;&#xA;            &lt;/table&gt;&#xD;&#xA;&#xD;&#xA;            &lt;br&gt;&#xD;&#xA;&#xD;&#xA;    &lt;/body&gt;&#xD;&#xA;&lt;/html&gt;&#xD;&#xA;\">\n  <serverVariables>\n    <item\n      name=\"ALL_HTTP\">\n      <value\n        string=\"HTTP_CONNECTION:Keep-Alive&#xD;&#xA;HTTP_ACCEPT:image/gif, image/x-xbitmap, image/jpeg, image/pjpeg, application/x-ms-application, application/vnd.ms-xpsdocument, application/xaml+xml, application/x-ms-xbap, application/vnd.ms-excel, application/vnd.ms-powerpoint, application/msword, application/x-shockwave-flash, application/x-silverlight, */*&#xD;&#xA;HTTP_ACCEPT_ENCODING:gzip, deflate&#xD;&#xA;HTTP_ACCEPT_LANGUAGE:de&#xD;&#xA;HTTP_COOKIE:ASP.NET_SessionId=l05agjio2ngxtyf0buoijd45; .ASPXAUTH=40A936E68A22F5B58937E5FF5B4079A8746A133421C8E10AEC76085F349849EC60B2AB3893CB9DCE15DE215F49BC934DD2A67059588D5CB5E77B107E00D87840DBB6F6C5AAF11EDEA86C585724BB26D7&#xD;&#xA;HTTP_HOST:localhost:8227&#xD;&#xA;HTTP_REFERER:http://localhost:8227/ViewTicket.aspx?id=39&#xD;&#xA;HTTP_USER_AGENT:Mozilla/4.0 (compatible; MSIE 7.0; Windows NT 6.0; SLCC1; .NET CLR 2.0.50727; .NET CLR 3.5.21022; .NET CLR 3.5.30729; .NET CLR 3.0.30618; InfoPath.2)&#xD;&#xA;HTTP_UA_CPU:x86&#xD;&#xA;\" />\n    </item>\n    <item\n      name=\"ALL_RAW\">\n      <value\n        string=\"Connection: Keep-Alive&#xD;&#xA;Accept: image/gif, image/x-xbitmap, image/jpeg, image/pjpeg, application/x-ms-application, application/vnd.ms-xpsdocument, application/xaml+xml, application/x-ms-xbap, application/vnd.ms-excel, application/vnd.ms-powerpoint, application/msword, application/x-shockwave-flash, application/x-silverlight, */*&#xD;&#xA;Accept-Encoding: gzip, deflate&#xD;&#xA;Accept-Language: de&#xD;&#xA;Cookie: ASP.NET_SessionId=l05agjio2ngxtyf0buoijd45; .ASPXAUTH=40A936E68A22F5B58937E5FF5B4079A8746A133421C8E10AEC76085F349849EC60B2AB3893CB9DCE15DE215F49BC934DD2A67059588D5CB5E77B107E00D87840DBB6F6C5AAF11EDEA86C585724BB26D7&#xD;&#xA;Host: localhost:8227&#xD;&#xA;Referer: http://localhost:8227/ViewTicket.aspx?id=39&#xD;&#xA;User-Agent: Mozilla/4.0 (compatible; MSIE 7.0; Windows NT 6.0; SLCC1; .NET CLR 2.0.50727; .NET CLR 3.5.21022; .NET CLR 3.5.30729; .NET CLR 3.0.30618; InfoPath.2)&#xD;&#xA;UA-CPU: x86&#xD;&#xA;\" />\n    </item>\n    <item\n      name=\"APPL_MD_PATH\">\n      <value\n        string=\"\" />\n    </item>\n    <item\n      name=\"APPL_PHYSICAL_PATH\">\n      <value\n        string=\"C:\\Users\\bhogavilli\\Desktop\\Downloads\\TicketDesk_1.2.3_Source\\TicketDesk\\\" />\n    </item>\n    <item\n      name=\"AUTH_TYPE\">\n      <value\n        string=\"Forms\" />\n    </item>\n    <item\n      name=\"AUTH_USER\">\n      <value\n        string=\"bhogavilli\" />\n    </item>\n    <item\n      name=\"AUTH_PASSWORD\">\n      <value\n        string=\"\" />\n    </item>\n    <item\n      name=\"LOGON_USER\">\n      <value\n        string=\"EVA\\bhogavilli\" />\n    </item>\n    <item\n      name=\"REMOTE_USER\">\n      <value\n        string=\"bhogavilli\" />\n    </item>\n    <item\n      name=\"CERT_COOKIE\">\n      <value\n        string=\"\" />\n    </item>\n    <item\n      name=\"CERT_FLAGS\">\n      <value\n        string=\"\" />\n    </item>\n    <item\n      name=\"CERT_ISSUER\">\n      <value\n        string=\"\" />\n    </item>\n    <item\n      name=\"CERT_KEYSIZE\">\n      <value\n        string=\"\" />\n    </item>\n    <item\n      name=\"CERT_SECRETKEYSIZE\">\n      <value\n        string=\"\" />\n    </item>\n    <item\n      name=\"CERT_SERIALNUMBER\">\n      <value\n        string=\"\" />\n    </item>\n    <item\n      name=\"CERT_SERVER_ISSUER\">\n      <value\n        string=\"\" />\n    </item>\n    <item\n      name=\"CERT_SERVER_SUBJECT\">\n      <value\n        string=\"\" />\n    </item>\n    <item\n      name=\"CERT_SUBJECT\">\n      <value\n        string=\"\" />\n    </item>\n    <item\n      name=\"CONTENT_LENGTH\">\n      <value\n        string=\"0\" />\n    </item>\n    <item\n      name=\"CONTENT_TYPE\">\n      <value\n        string=\"\" />\n    </item>\n    <item\n      name=\"GATEWAY_INTERFACE\">\n      <value\n        string=\"\" />\n    </item>\n    <item\n      name=\"HTTPS\">\n      <value\n        string=\"\" />\n    </item>\n    <item\n      name=\"HTTPS_KEYSIZE\">\n      <value\n        string=\"\" />\n    </item>\n    <item\n      name=\"HTTPS_SECRETKEYSIZE\">\n      <value\n        string=\"\" />\n    </item>\n    <item\n      name=\"HTTPS_SERVER_ISSUER\">\n      <value\n        string=\"\" />\n    </item>\n    <item\n      name=\"HTTPS_SERVER_SUBJECT\">\n      <value\n        string=\"\" />\n    </item>\n    <item\n      name=\"INSTANCE_ID\">\n      <value\n        string=\"\" />\n    </item>\n    <item\n      name=\"INSTANCE_META_PATH\">\n      <value\n        string=\"\" />\n    </item>\n    <item\n      name=\"LOCAL_ADDR\">\n      <value\n        string=\"127.0.0.1\" />\n    </item>\n    <item\n      name=\"PATH_INFO\">\n      <value\n        string=\"/TicketCenter2.aspx\" />\n    </item>\n    <item\n      name=\"PATH_TRANSLATED\">\n      <value\n        string=\"C:\\Users\\bhogavilli\\Desktop\\Downloads\\TicketDesk_1.2.3_Source\\TicketDesk\\TicketCenter2.aspx\" />\n    </item>\n    <item\n      name=\"QUERY_STRING\">\n      <value\n        string=\"list=unassigned\" />\n    </item>\n    <item\n      name=\"REMOTE_ADDR\">\n      <value\n        string=\"127.0.0.1\" />\n    </item>\n    <item\n      name=\"REMOTE_HOST\">\n      <value\n        string=\"127.0.0.1\" />\n    </item>\n    <item\n      name=\"REMOTE_PORT\">\n      <value\n        string=\"\" />\n    </item>\n    <item\n      name=\"REQUEST_METHOD\">\n      <value\n        string=\"GET\" />\n    </item>\n    <item\n      name=\"SCRIPT_NAME\">\n      <value\n        string=\"/TicketCenter2.aspx\" />\n    </item>\n    <item\n      name=\"SERVER_NAME\">\n      <value\n        string=\"localhost\" />\n    </item>\n    <item\n      name=\"SERVER_PORT\">\n      <value\n        string=\"8227\" />\n    </item>\n    <item\n      name=\"SERVER_PORT_SECURE\">\n      <value\n        string=\"0\" />\n    </item>\n    <item\n      name=\"SERVER_PROTOCOL\">\n      <value\n        string=\"HTTP/1.1\" />\n    </item>\n    <item\n      name=\"SERVER_SOFTWARE\">\n      <value\n        string=\"\" />\n    </item>\n    <item\n      name=\"URL\">\n      <value\n        string=\"/TicketCenter2.aspx\" />\n    </item>\n    <item\n      name=\"HTTP_CONNECTION\">\n      <value\n        string=\"Keep-Alive\" />\n    </item>\n    <item\n      name=\"HTTP_ACCEPT\">\n      <value\n        string=\"image/gif, image/x-xbitmap, image/jpeg, image/pjpeg, application/x-ms-application, application/vnd.ms-xpsdocument, application/xaml+xml, application/x-ms-xbap, application/vnd.ms-excel, application/vnd.ms-powerpoint, application/msword, application/x-shockwave-flash, application/x-silverlight, */*\" />\n    </item>\n    <item\n      name=\"HTTP_ACCEPT_ENCODING\">\n      <value\n        string=\"gzip, deflate\" />\n    </item>\n    <item\n      name=\"HTTP_ACCEPT_LANGUAGE\">\n      <value\n        string=\"de\" />\n    </item>\n    <item\n      name=\"HTTP_COOKIE\">\n      <value\n        string=\"ASP.NET_SessionId=l05agjio2ngxtyf0buoijd45; .ASPXAUTH=40A936E68A22F5B58937E5FF5B4079A8746A133421C8E10AEC76085F349849EC60B2AB3893CB9DCE15DE215F49BC934DD2A67059588D5CB5E77B107E00D87840DBB6F6C5AAF11EDEA86C585724BB26D7\" />\n    </item>\n    <item\n      name=\"HTTP_HOST\">\n      <value\n        string=\"localhost:8227\" />\n    </item>\n    <item\n      name=\"HTTP_REFERER\">\n      <value\n        string=\"http://localhost:8227/ViewTicket.aspx?id=39\" />\n    </item>\n    <item\n      name=\"HTTP_USER_AGENT\">\n      <value\n        string=\"Mozilla/4.0 (compatible; MSIE 7.0; Windows NT 6.0; SLCC1; .NET CLR 2.0.50727; .NET CLR 3.5.21022; .NET CLR 3.5.30729; .NET CLR 3.0.30618; InfoPath.2)\" />\n    </item>\n    <item\n      name=\"HTTP_UA_CPU\">\n      <value\n        string=\"x86\" />\n    </item>\n  </serverVariables>\n  <queryString>\n    <item\n      name=\"list\">\n      <value\n        string=\"unassigned\" />\n    </item>\n  </queryString>\n  <cookies>\n    <item\n      name=\"ASP.NET_SessionId\">\n      <value\n        string=\"l05agjio2ngxtyf0buoijd45\" />\n    </item>\n    <item\n      name=\".ASPXAUTH\">\n      <value\n        string=\"40A936E68A22F5B58937E5FF5B4079A8746A133421C8E10AEC76085F349849EC60B2AB3893CB9DCE15DE215F49BC934DD2A67059588D5CB5E77B107E00D87840DBB6F6C5AAF11EDEA86C585724BB26D7\" />\n    </item>\n  </cookies>\n</error>",
    "LastUpdatedDate": "2010-09-17T00:21:32.447-07:00",
    "PlannedForRelease": "",
    "ReleaseVisibleToPublic": false,
    "Priority": {
      "Name": "Low",
      "Severity": 50,
      "Id": 1
    },
    "ProjectName": "TicketDesk",
    "ReportedDate": "2009-11-06T04:19:00.29-08:00",
    "Status": {
      "Name": "Closed",
      "Id": 4
    },
    "ReasonClosed": {
      "Name": "Unassigned"
    },
    "Summary": "ListViewName null when clicking back to unassigned or all tickets view",
    "Type": {
      "Name": "Issue",
      "Id": 3
    },
    "VoteCount": 1,
    "Id": 14643
  },
  "FileAttachments": [
    {
      "FileId": 278564,
      "FileName": "ScreenShot.JPG",
      "DownloadUrl": ".\\278564"
    }
  ],
  "Comments": []
}