{
  "WorkItem": {
    "AffectedComponent": {
      "Name": "",
      "DisplayName": ""
    },
    "ClosedComment": "",
    "ClosedDate": "2009-02-05T22:56:01.127-08:00",
    "CommentCount": 1,
    "Custom": "",
    "Description": "TicketSearch page does not have a filter to show tickets with specific priority. While a minor need, it could sometimes be useful to filter based on priority.",
    "LastUpdatedDate": "2009-02-05T22:56:01.127-08:00",
    "PlannedForRelease": "TicketDesk 1.2.2",
    "ReleaseVisibleToPublic": true,
    "Priority": {
      "Name": "Low",
      "Severity": 50,
      "Id": 1
    },
    "ProjectName": "TicketDesk",
    "ReportedDate": "2008-03-26T11:17:20.85-07:00",
    "Status": {
      "Name": "Closed",
      "Id": 4
    },
    "ReasonClosed": {
      "Name": "Unassigned"
    },
    "Summary": "Ticket Search - Add search filter for priority",
    "Type": {
      "Name": "Feature",
      "Id": 1
    },
    "VoteCount": 0,
    "Id": 9780
  },
  "FileAttachments": [],
  "Comments": [
    {
      "Message": "Resolved with changeset 31090.",
      "PostedDate": "2009-02-05T22:56:01.127-08:00",
      "Id": 44170
    }
  ]
}