{
  "WorkItem": {
    "AffectedComponent": {
      "Name": "",
      "DisplayName": ""
    },
    "ClosedComment": "",
    "ClosedDate": "2009-02-04T21:43:18.107-08:00",
    "CommentCount": 0,
    "Custom": "",
    "Description": "TicketDesk 1.0 was intended to support flagging tickets for use in a Knowledge Base. This is a feature that most other issue trackers also support, and it would have value in TicketDesk as well. \n\nThe code and database do support a KB flag, but the feature was cut from 1.0. Partially the decision to cut the feature is simply because I wasn't convinced that it added much value to the application beyond what is already offered by Ticket Search and tagging. While KB support in issue trackers is common, the feature is typically more marketing than useful. \n\nManagment loves the idea that the issue tracker might be utilized as an means of sharing collective information among staff members. That's the kind of talk that makes managment drool. The problem is that issue trackers are notoruously poor sources for actual knowledge sharing.  The users typically do a poor job describing their problems and the help desk is far more interested in just \"fixing it\" than in making sure they document in detail every aspect of the issue. No amount of threats, depertnment policy, or managment directive will change the fact that your issue tracking system is unlikely to contain much useful data about common problems and attempting to convert it into a support KB will almost certainly lead to the worst KB on the planet (I've seen this first hand dozens of time in dozens of different companies of all sizes).\n\nHowever, some tickets may actually be especially useful down the road. So having the option to flag some of the better ones as \"useful\" might be of value. However, the formal KB system as initially planned may not be the best way to use such a flag.  \n\n\n\nThe KB should be either be designed and implemented or support for it should be removed from the code base.",
    "LastUpdatedDate": "2009-02-04T21:43:18.107-08:00",
    "PlannedForRelease": "TicketDesk 1.2.2",
    "ReleaseVisibleToPublic": true,
    "Priority": {
      "Name": "Medium",
      "Severity": 100,
      "Id": 2
    },
    "ProjectName": "TicketDesk",
    "ReportedDate": "2008-03-21T20:05:09.5-07:00",
    "Status": {
      "Name": "Closed",
      "Id": 4
    },
    "ReasonClosed": {
      "Name": "Unassigned"
    },
    "Summary": "Implement or remove the Knowledge Base feature",
    "Type": {
      "Name": "Feature",
      "Id": 1
    },
    "VoteCount": 0,
    "Id": 9755
  },
  "FileAttachments": [],
  "Comments": []
}