{
  "WorkItem": {
    "AffectedComponent": {
      "Name": "",
      "DisplayName": ""
    },
    "ClosedComment": "",
    "ClosedDate": "2008-03-31T00:48:00.68-07:00",
    "CommentCount": 1,
    "Custom": "",
    "Description": "The Users & Roles feature has a delete user button, but there is no event handler to respond.",
    "LastUpdatedDate": "2008-03-31T00:48:00.68-07:00",
    "PlannedForRelease": "TicketDesk 1.1",
    "ReleaseVisibleToPublic": true,
    "Priority": {
      "Name": "High",
      "Severity": 150,
      "Id": 3
    },
    "ProjectName": "TicketDesk",
    "ReportedDate": "2008-03-31T00:46:58.057-07:00",
    "Status": {
      "Name": "Closed",
      "Id": 4
    },
    "ReasonClosed": {
      "Name": "Unassigned"
    },
    "Summary": "Edit Users & Roles - Delete user feature is missing",
    "Type": {
      "Name": "Issue",
      "Id": 3
    },
    "VoteCount": 0,
    "Id": 9825
  },
  "FileAttachments": [],
  "Comments": [
    {
      "Message": "Resolved with changeset 17285.",
      "PostedDate": "2008-03-31T00:48:00.68-07:00",
      "Id": 44173
    }
  ]
}