{
  "WorkItem": {
    "AffectedComponent": {
      "Name": "",
      "DisplayName": ""
    },
    "ClosedComment": "",
    "ClosedDate": "2008-03-30T21:34:01.113-07:00",
    "CommentCount": 1,
    "Custom": "",
    "Description": "User controls share quite a lot of common code and follow a fairly common pattern of usage. Refactor the code to reduce code duplication.\n\nThere is a LOT of room for improvement in the user controls for most of the popup-actions. For example, almost all have comment fields and the logic for that field is the same across most of the controls. The controls can benifit from having that portion of the control factored out into either an inherited class, or into an embedded user control. Additionally, the overall usage pattern for popups is so similar that a lot of the common requirements can probably be met with a single custom control or by inheriting from a common class derived from UserControl.",
    "LastUpdatedDate": "2008-03-30T21:34:01.113-07:00",
    "PlannedForRelease": "TicketDesk 1.1",
    "ReleaseVisibleToPublic": true,
    "Priority": {
      "Name": "Medium",
      "Severity": 100,
      "Id": 2
    },
    "ProjectName": "TicketDesk",
    "ReportedDate": "2008-03-21T19:17:28.033-07:00",
    "Status": {
      "Name": "Closed",
      "Id": 4
    },
    "ReasonClosed": {
      "Name": "Unassigned"
    },
    "Summary": "Refactor User Controls to encapsulate common functionality",
    "Type": {
      "Name": "Issue",
      "Id": 3
    },
    "VoteCount": 0,
    "Id": 9745
  },
  "FileAttachments": [],
  "Comments": [
    {
      "Message": "\r\nAfter looking at this a bit more I think the disadvantages out-weigh the advantages. \r\n\n\r\n \r\n\n\r\nwhile there is a very common pattern here, and it would be quite possible to refactor to an inheritance heirarchy or nested controls, there remain quite a number of things that differ between each implementation too. The effort involved in creating a common pattern would be significant, and it would create a pretty involved custom API. The API would add a significant learning curve to making use of the new implementation which would probably nullify any maintainability advantage we'd gain from having encapsulated the common functionality. \r\n\n\r\n \r\n\n\r\nAlso, there is a significant risk that the entire usage pattern for editing tickets may need to be changed to accomidate a rich user control making any effort here potentially \"throw-away code\".\r\n\n\r\n \r\n\n\r\nWe may revisit this issue at a later time, but for now we'll just leave this as it is.\r\n",
      "PostedDate": "2008-03-30T21:34:01.113-07:00",
      "Id": 44157
    }
  ]
}