{
  "WorkItem": {
    "AffectedComponent": {
      "Name": "",
      "DisplayName": ""
    },
    "ClosedComment": "",
    "ClosedDate": "2015-05-29T15:54:56.603-07:00",
    "CommentCount": 1,
    "Custom": null,
    "Description": "Hi, \r\n\r\nCan I use my Yahoo or Gmail email to send notifications? if yes how would the configuration be ?",
    "LastUpdatedDate": "2017-12-11T22:13:05.99-08:00",
    "PlannedForRelease": "TicketDesk 2.5",
    "ReleaseVisibleToPublic": true,
    "Priority": {
      "Name": "Low",
      "Severity": 50,
      "Id": 1
    },
    "ProjectName": "TicketDesk",
    "ReportedDate": "2015-05-10T03:17:15.73-07:00",
    "Status": {
      "Name": "Closed",
      "Id": 4
    },
    "ReasonClosed": {
      "Name": "Fixed"
    },
    "Summary": "Email Notification",
    "Type": {
      "Name": "Task",
      "Id": 2
    },
    "VoteCount": 1,
    "Id": 21437
  },
  "FileAttachments": [],
  "Comments": [
    {
      "Message": "I know nothing about yahoo, but in theory you should be able to use a GMail account. I don't recommend it, and it probably violates their terms of service though. \n\nI would recommend either just setting up the SMTP service on the IIS server where you host TicketDesk, or just sign-up for a [SendGrid](https://sendgrid.com/) account. SendGrid is free for up to 200 emails a day or something, and you can get up to 40k a month for less than $10. You'd use the SendGrid SMTP service with TicketDesk 2.1. For TicketDesk 2.5, I'm currently in the process of writing a SendGrid provider for the web APIs. \n\nIf you do want to use Gmail though, you'll need to edit web.config with the correct settings. GMail doesn't use standard SMTP ports. There are dozens of posts on StackOverflow, and elsewhere online, dealing with this exactly that kind of thing. Do note though, it seems that GMail likes to overwrite the \"from\" address when you relay mail, so make sure you don't do that from your personal account or what not. \n\nIf you have a Google Apps account, you can setup a legit SMTP Relay you can use. [Instructions for that are here](https://support.google.com/a/answer/2956491?hl=en): ",
      "PostedDate": "2015-05-10T19:33:00.523-07:00",
      "Id": 184192
    }
  ]
}