{
  "WorkItem": {
    "AffectedComponent": {
      "Name": "",
      "DisplayName": ""
    },
    "ClosedComment": "",
    "ClosedDate": "2010-09-17T00:21:32.447-07:00",
    "CommentCount": 0,
    "Custom": "",
    "Description": "There are performance issues with TicketDesk's support for AD security.\n\nAD is a VERY poor performing system, and so some of the queries TicketDesk has to perform perform poorly as a result. This problem gets much more noticable the larger and more complex the speciifc AD domain is.\n\n-- TicketDesk uses the WindowsTokenRoleProvider for Role managment. However, this provider does not implement some essential features that TicketDesk needs. Specifically, it does not provide a way to fetch the list of users within a known group (needed for drop down lists). It also has nothing to do with reading email and display names from AD for a specific user. \n\nThere are other providers that can be used with AD that may meet Ticketdesk's needs better. These were not considered for TicketDesk 1.0 because most of them would give TicketDesk write access to AD. I did not feel that I had significant understanding of other providers to ensure that TicketDesk could not be used by malicious users (or just derranged code bugs) to cause damage to AD or compromise the security of AD. \n\n-- TicketDesk stores the list of users in an AD group for 5 minutes after the list is fetched. Afterwards the cache is dumped and needs to be reloaded. This is a slow and can cause noticable page load delays.\n\nThis behavior needs to be examined to see if there are any ways of increasing performance further. Even if the existing cache-n-clear mechanism remains there will be need to give the site admin the ability to control the cache behavior and duration.\n\n-- TicketDesk fetches and stores DisplayName and Email address from AD as needed. It has a fairly complex mechanism to cache and reuse these values rather than constantly querying AD for them. However, like the lists of users in groups, there is little intelligence in how long the values are cached for. At the minimum the admin will need control over the cache mechanisms.\n\nOne potential solution may be to maintain more user information locally within ticketdesk's database directly. Display Name can be added to the tables where user name is currently stored eliminating the need to read display names when reading data from TicketDesk (would still need to get values from AD when a ticket is changed or created). Then the complexity would become dealing with display names in AD change, but no longer match what's stored in the local database (which may not be a problem... the name would still exist, it would just be out of date). \n\nReading Email addresses from AD directly is not as serious  problem, and the difficulties in keeping a locally stored email address in sync with AD would probably outstrip any advantage you'd gain in terms of performance.",
    "LastUpdatedDate": "2010-09-17T00:21:32.447-07:00",
    "PlannedForRelease": "null",
    "ReleaseVisibleToPublic": false,
    "Priority": {
      "Name": "Low",
      "Severity": 50,
      "Id": 1
    },
    "ProjectName": "TicketDesk",
    "ReportedDate": "2008-03-21T19:37:24.673-07:00",
    "Status": {
      "Name": "Closed",
      "Id": 4
    },
    "ReasonClosed": {
      "Name": "Unassigned"
    },
    "Summary": "AD Security - Performance and Design Issues",
    "Type": {
      "Name": "Issue",
      "Id": 3
    },
    "VoteCount": 2,
    "Id": 9752
  },
  "FileAttachments": [],
  "Comments": []
}