{
  "WorkItem": {
    "AffectedComponent": {
      "Name": "",
      "DisplayName": ""
    },
    "ClosedComment": "",
    "ClosedDate": "2010-09-17T00:21:32.447-07:00",
    "CommentCount": 0,
    "Custom": "",
    "Description": "We have a large user base and I'd rather not have every person submitting a ticket be a registered user.  Since our users don't actually submit tickets, but instead call or email our help desk, it would be nice if the system supported an AD lookup to get user details for the \"user\" similar to how it works with submitting tickets on another user's behalf.  This could then be stored in some sort of contacts table in the database for historical lookups since you can't depend on AD having this information int he future.  Also some of our users aren't in AD so being able to just type in the name and email address also would be good.",
    "LastUpdatedDate": "2010-09-17T00:21:32.447-07:00",
    "PlannedForRelease": "",
    "ReleaseVisibleToPublic": false,
    "Priority": {
      "Name": "Low",
      "Severity": 50,
      "Id": 1
    },
    "ProjectName": "TicketDesk",
    "ReportedDate": "2008-04-09T06:07:00.013-07:00",
    "Status": {
      "Name": "Closed",
      "Id": 4
    },
    "ReasonClosed": {
      "Name": "Unassigned"
    },
    "Summary": "Allow ticket contacts to not be system users",
    "Type": {
      "Name": "Issue",
      "Id": 3
    },
    "VoteCount": 3,
    "Id": 9945
  },
  "FileAttachments": [],
  "Comments": []
}