{
  "WorkItem": {
    "AffectedComponent": {
      "Name": "",
      "DisplayName": ""
    },
    "ClosedComment": "fixed in commit: b42431fb4d9c",
    "ClosedDate": "2013-09-07T21:54:57.38-07:00",
    "CommentCount": 0,
    "Custom": null,
    "Description": "I'm suffering from the same problem.\r\nIf the \"Site Root Url For Email\" is set to \"http://correcthost:correctport\", the email are NOT sent.\r\nIf it is set to  \"http://correcthost:correctport/TicketDesk/\", the email are SENT but all the link are broken (the becomes http://correcthost:correctport/TicketDesk//TicketDesk/etc..).\r\n\r\nPlease note the even  \"http://correcthost:correctport/TicketDesk\" does NOT work.",
    "LastUpdatedDate": "2017-12-11T22:13:05.99-08:00",
    "PlannedForRelease": "TicketDesk MVC 2.1.2",
    "ReleaseVisibleToPublic": true,
    "Priority": {
      "Name": "High",
      "Severity": 150,
      "Id": 3
    },
    "ProjectName": "TicketDesk",
    "ReportedDate": "2013-09-07T21:46:40.72-07:00",
    "Status": {
      "Name": "Closed",
      "Id": 4
    },
    "ReasonClosed": {
      "Name": "Fixed"
    },
    "Summary": "email urls incorrect in virtual directory deployments",
    "Type": {
      "Name": "Issue",
      "Id": 3
    },
    "VoteCount": 1,
    "Id": 21430
  },
  "FileAttachments": [],
  "Comments": []
}