{
  "WorkItem": {
    "AffectedComponent": {
      "Name": "",
      "DisplayName": ""
    },
    "ClosedComment": "",
    "ClosedDate": "2008-12-21T15:17:24.167-08:00",
    "CommentCount": 1,
    "Custom": "",
    "Description": "There's a difference in behavior between Unassigned and Assigned Tickets views in the Ticket Center.\n\nUnassigned tickets shows closed tickets, assigned tickets does not show closed tickets.  I personally think that closed tickets that were never assigned should not be visible in that view.  \n\nModifying the \"where\" clause in the UnassignedTicketsLinqDataSource to \"(AssignedTo == null && CurrentStatus != @CurrentStatus)\" with @CurrentStatus = Closed resolves the issue.",
    "LastUpdatedDate": "2008-12-21T15:17:24.167-08:00",
    "PlannedForRelease": "TicketDesk 1.2.2",
    "ReleaseVisibleToPublic": true,
    "Priority": {
      "Name": "Low",
      "Severity": 50,
      "Id": 1
    },
    "ProjectName": "TicketDesk",
    "ReportedDate": "2008-12-19T08:40:16.367-08:00",
    "Status": {
      "Name": "Closed",
      "Id": 4
    },
    "ReasonClosed": {
      "Name": "Unassigned"
    },
    "Summary": "Ticket Center - Unassigned Tickets showing closed tickets",
    "Type": {
      "Name": "Issue",
      "Id": 3
    },
    "VoteCount": 1,
    "Id": 12112
  },
  "FileAttachments": [],
  "Comments": [
    {
      "Message": "This was fixed a while back: [workitem:9876]\r\n\r\nIt will be included in the 1.2 release, or you can get an updated version from the source tab. ",
      "PostedDate": "2008-12-21T15:15:59.87-08:00",
      "Id": 44204
    }
  ]
}