{
  "WorkItem": {
    "AffectedComponent": {
      "Name": "",
      "DisplayName": ""
    },
    "ClosedComment": "",
    "ClosedDate": "2009-02-04T17:34:23.267-08:00",
    "CommentCount": 1,
    "Custom": "",
    "Description": "Adding attachments doesn't follow the same pattern as other ticket actions. Users cannot supply comments when adding attachments. \n\nIn TicketDesk, each action can be accompanied by user comments to describe the purpose of the action. Also, each TicketDesk action is a completes operation in a single step. Except attachments.\n\nAttachments do not support adding user supplied comments with the file. \n\nAlso adding multiple files may be a single \"action\" on the user's part, but is not a treated as a single action by the applicaiton; instead you have to add attachments one at a time, each addition being treated, logged, and notified as a distincly seperate action. There is another work item for dealing with adding multiple files in a single batch, but each batch will still need the ability to be accompanied by user comments (one comment per batch, not one comment per file).",
    "LastUpdatedDate": "2009-02-04T17:34:23.267-08:00",
    "PlannedForRelease": "TicketDesk 1.2.2",
    "ReleaseVisibleToPublic": true,
    "Priority": {
      "Name": "Medium",
      "Severity": 100,
      "Id": 2
    },
    "ProjectName": "TicketDesk",
    "ReportedDate": "2008-03-21T19:17:30.5-07:00",
    "Status": {
      "Name": "Closed",
      "Id": 4
    },
    "ReasonClosed": {
      "Name": "Unassigned"
    },
    "Summary": "Attachments - Users cannot supply comments when adding attachments",
    "Type": {
      "Name": "Issue",
      "Id": 3
    },
    "VoteCount": 1,
    "Id": 9747
  },
  "FileAttachments": [],
  "Comments": [
    {
      "Message": "Resolved with changeset 31042.",
      "PostedDate": "2009-02-04T17:34:23.267-08:00",
      "Id": 44160
    }
  ]
}