{
  "WorkItem": {
    "AffectedComponent": {
      "Name": "",
      "DisplayName": ""
    },
    "ClosedComment": "",
    "ClosedDate": "2009-02-04T17:34:22.36-08:00",
    "CommentCount": 2,
    "Custom": "",
    "Description": "Users should be able to include attachments at the time they create a new ticket.\n\nThis ability was cut from 1.0 simply because there was no planned feature to support adding multiple files in a single batch. That ability is a seperate work item, but once implemented the next step would be to allow uploads for new tickets. \n\nThe only significant challenge is that the files have to be uploaded, and stored somewhere until AFTER the ticket is created in the database. Otherwise there is no Ticket ID number with which to tag the attachments. There will also be a need to deal with cases where files are uploaded into the temp storage, but the ticket is either not created or the creation fails... this would orphan the temporarily stored files.",
    "LastUpdatedDate": "2009-02-04T17:34:22.36-08:00",
    "PlannedForRelease": "TicketDesk 1.2.2",
    "ReleaseVisibleToPublic": true,
    "Priority": {
      "Name": "Medium",
      "Severity": 100,
      "Id": 2
    },
    "ProjectName": "TicketDesk",
    "ReportedDate": "2008-03-21T19:21:19.377-07:00",
    "Status": {
      "Name": "Closed",
      "Id": 4
    },
    "ReasonClosed": {
      "Name": "Unassigned"
    },
    "Summary": "Attachments - Upload attachments for new ticket creation",
    "Type": {
      "Name": "Feature",
      "Id": 1
    },
    "VoteCount": 1,
    "Id": 9749
  },
  "FileAttachments": [],
  "Comments": [
    {
      "Message": "Instead of submitting the attachements to the server in advance, it is a viable option to simply upload the attachments at the time the ticket itself is submitted. As long as the combined files are not larger than the max request length setting in web.config and not too large to upload before the request timeout expires this is sufficient.",
      "PostedDate": "2009-01-27T03:10:00.917-08:00",
      "Id": 44162
    },
    {
      "Message": "Resolved with changeset 31042.",
      "PostedDate": "2009-02-04T17:34:22.36-08:00",
      "Id": 44163
    }
  ]
}