{
  "WorkItem": {
    "AffectedComponent": {
      "Name": "",
      "DisplayName": ""
    },
    "ClosedComment": "",
    "ClosedDate": "2009-06-04T12:34:13.373-07:00",
    "CommentCount": 4,
    "Custom": "",
    "Description": "Users with numbers appended after their names for email address get marked as being invalid.  Username11@domain.com or username02@domain.com\n\n (1) The user is marked for both helpdesk and Admin.  Every time the system tries to send and email it registers invalid in the table TicketEventNotifications under column NotifyEmail.\n\n (2) The user is marked as just a ticketsubmitter.  System references the name as invalid.\n\n column is formatted as nvarchar(255) with not allowing nulls so It doesn't seem to be and issue with the table. ??",
    "LastUpdatedDate": "2009-06-04T12:34:41.457-07:00",
    "PlannedForRelease": "null",
    "ReleaseVisibleToPublic": false,
    "Priority": {
      "Name": "Medium",
      "Severity": 100,
      "Id": 2
    },
    "ProjectName": "TicketDesk",
    "ReportedDate": "2009-06-04T06:19:21.763-07:00",
    "Status": {
      "Name": "Closed",
      "Id": 4
    },
    "ReasonClosed": {
      "Name": "Unassigned"
    },
    "Summary": "Invalid email in TBL TicketEventNotifications.",
    "Type": {
      "Name": "Issue",
      "Id": 3
    },
    "VoteCount": 1,
    "Id": 13417
  },
  "FileAttachments": [],
  "Comments": [
    {
      "Message": "I beleive I found the error. I think it's in the validator. Ticket.cs\r\n\r\nvar rxv = new RegexStringValidator(@\"^[a-zA-Z\\.\\-_]+@([a-zA-Z\\.\\-_]+\\.)+[a-zA-Z]{2,4}$\");\r\n\r\nthe cariable does NOT contain elements to deal with emails that contain numbers in their email addresses.\r\n\r\nLike I mentioned. Im a so-so programmer. I will try to modify to adjust for numbers.  \r\nAny help from anyone else would be appreciated.",
      "PostedDate": "2009-06-04T08:31:09.47-07:00",
      "Id": 44237
    },
    {
      "Message": "FIXED:\r\n\r\nvar rxv = new RegexStringValidator(@\"^[a-zA-Z\\.\\-_]+@([a-zA-Z\\.\\-_]+\\.)+[a-zA-Z]{2,4}$\");\r\n'add 0-9'\r\nvar rxv = new RegexStringValidator(@\"^[a-zA-Z0-9\\.\\-_]+@([a-zA-Z\\.\\-_]+\\.)+[a-zA-Z]{2,4}$\");",
      "PostedDate": "2009-06-04T08:52:00.69-07:00",
      "Id": 44238
    },
    {
      "Message": "Resolved with changeset 34403.",
      "PostedDate": "2009-06-04T12:34:13.373-07:00",
      "Id": 44239
    },
    {
      "Message": "I'll be honest, I have no idea where that regex came from. I typically use this one:\r\n\r\n^\\w+([-+.']\\w+)*@\\w+([-.]\\w+)*\\.\\w+([-.]\\w+)*$\r\n\r\nIt is a minor modification of the one Microsoft uses in their stock RegularExpressionValidator control and over time I've found it to be very reliable. I've checked in a new version of Ticket.cs that uses this pattern instead, though dibblm's suggested pattern also passes my general format tests too.   ",
      "PostedDate": "2009-06-04T12:34:41.457-07:00",
      "Id": 44240
    }
  ]
}