{
  "WorkItem": {
    "AffectedComponent": {
      "Name": "",
      "DisplayName": ""
    },
    "ClosedComment": "",
    "ClosedDate": "2010-09-17T00:21:32.447-07:00",
    "CommentCount": 4,
    "Custom": "",
    "Description": "When trying to add an attachment, I select the file.  After hitting the Update button, I recieve a\" 404 - File or directory not found.\" error from the server.   I've done some testing and I only get this error if the file size I'm attempting to attach exceeds 150KB.  \n\nIs this an error within the application or IIS; or is this a configuration option I'm missing?  I didn't find an option within the TicketDesk web.comfig file to adjust for a maximum file attachment size.",
    "LastUpdatedDate": "2010-09-17T00:21:32.447-07:00",
    "PlannedForRelease": "null",
    "ReleaseVisibleToPublic": false,
    "Priority": {
      "Name": "Low",
      "Severity": 50,
      "Id": 1
    },
    "ProjectName": "TicketDesk",
    "ReportedDate": "2009-04-27T11:21:49.5-07:00",
    "Status": {
      "Name": "Closed",
      "Id": 4
    },
    "ReasonClosed": {
      "Name": "Unassigned"
    },
    "Summary": "404 Error on adding attachment",
    "Type": {
      "Name": "Issue",
      "Id": 3
    },
    "VoteCount": 2,
    "Id": 13125
  },
  "FileAttachments": [],
  "Comments": [
    {
      "Message": "I'm not sure why the 404, but the error could be from a request timeout or content length limit.\r\n\r\nTicketDesk defines these limits in web.config using the standard mechanism. There is an  config element in  , and in the  there is a  section which defines one of the settings for web servers that use it (IIS 7 with integrated pipeline).",
      "PostedDate": "2009-04-27T21:06:08.957-07:00",
      "Id": 44226
    },
    {
      "Message": "I'm getting the same error on one of my TicketDesk deployments.  Server 2008.  It's a 404, not a timeout issue.  Any resolution?",
      "PostedDate": "2010-03-12T14:03:09.897-08:00",
      "Id": 44227
    },
    {
      "Message": "There is still insufficient information for to reproduce or diagnose the problem. It is most likely an IIS or web configuration issue. \r\n\r\nEventually there may be enough detailed information to suggest a solution or work around, or to allow me to reproduce the problem and track it down myself. If not --TicketDesk 2.0 MVC uses a different upload mechanism, so perhaps that will resolve the problem for the next major release.   ",
      "PostedDate": "2010-03-13T02:52:30.68-08:00",
      "Id": 44228
    },
    {
      "Message": "Sorry, I shold've posted the \"solution\" to this awhile ago.  In our case, it was as Stephen suggested..  I upped the httpruntime maxRequestLength a bit to allow attachments ~1MB.  \r\n\r\nRemember though that the attachements go into the DB as binary blobs, so the DB is going to grow faster if you allow larger attachments...  ",
      "PostedDate": "2010-03-15T07:48:41.993-07:00",
      "Id": 44229
    }
  ]
}