{
  "WorkItem": {
    "AffectedComponent": {
      "Name": "",
      "DisplayName": ""
    },
    "ClosedComment": "",
    "ClosedDate": "2009-02-05T22:56:02.113-08:00",
    "CommentCount": 2,
    "Custom": "",
    "Description": "Hi guys,\n\nthe links for tags, which includes special chars ( such as # ) should be url encoded..",
    "LastUpdatedDate": "2009-02-05T22:56:02.113-08:00",
    "PlannedForRelease": "TicketDesk 1.2.2",
    "ReleaseVisibleToPublic": true,
    "Priority": {
      "Name": "Low",
      "Severity": 50,
      "Id": 1
    },
    "ProjectName": "TicketDesk",
    "ReportedDate": "2008-08-26T17:54:05.657-07:00",
    "Status": {
      "Name": "Closed",
      "Id": 4
    },
    "ReasonClosed": {
      "Name": "Unassigned"
    },
    "Summary": "URL Encoded Tags",
    "Type": {
      "Name": "Issue",
      "Id": 3
    },
    "VoteCount": 3,
    "Id": 11108
  },
  "FileAttachments": [],
  "Comments": [
    {
      "Message": "Strictly speaking, tags would not normally contain special characters... but some non-english language tags could potentially have similar issues without encoding.",
      "PostedDate": "2008-08-28T03:48:00.61-07:00",
      "Id": 44192
    },
    {
      "Message": "Resolved with changeset 31090.",
      "PostedDate": "2009-02-05T22:56:02.113-08:00",
      "Id": 44193
    }
  ]
}