{
  "WorkItem": {
    "AffectedComponent": {
      "Name": "",
      "DisplayName": ""
    },
    "ClosedComment": "",
    "ClosedDate": "2013-02-19T12:07:58.69-08:00",
    "CommentCount": 3,
    "Custom": null,
    "Description": "I am new to ASP.NET MVC and decided to use this project to understand the workings. I installed the latest compiled version following the instructions. When I try to login as \"admin\" with \"admin\" password, I get the \"The user name or password provided is incorrect\". This is the case with all the built-in accounts. Any help is much appreciated.",
    "LastUpdatedDate": "2013-02-19T12:07:58.69-08:00",
    "PlannedForRelease": "",
    "ReleaseVisibleToPublic": false,
    "Priority": {
      "Name": "Low",
      "Severity": 50,
      "Id": 1
    },
    "ProjectName": "TicketDesk",
    "ReportedDate": "2013-02-08T11:37:32.517-08:00",
    "Status": {
      "Name": "Closed",
      "Id": 4
    },
    "ReasonClosed": {
      "Name": "Unassigned"
    },
    "Summary": "admin login not working on TicketDesk MVC 2.1.1",
    "Type": {
      "Name": "Issue",
      "Id": 3
    },
    "VoteCount": 1,
    "Id": 21421
  },
  "FileAttachments": [],
  "Comments": [
    {
      "Message": "There are a number of possible causes for this kind of issue; most are configuration related. \n\nIf you have configured nothing special, the TicketDesk should use the stock DB files in app_data, which I can confirm do contain these user accounts in the shipping package. The default config will attach the DB to the local SQLExpress instance (\".\\SQLExpress).  \n\nThere is not enough information provided here to fully troubleshoot the problem.\n\n* Did you deploy to IIS?\n* does the server have SQLExpress installed, or have you deployed the DB to a full edition of SQL server?\n* have you altered the connection strings in config, or verified that they are valid in your environment? \n* can you connect to the SQL server and verify that the users exist in the aspnet_membership table, and are the passwords present?\n\nNote, there are also create scripts in the app_data folder that you can run against your DB to create the users if they do not exist in the database.",
      "PostedDate": "2013-02-08T12:30:47.44-08:00",
      "Id": 88937
    },
    {
      "Message": "Thanks for the quick response.\n\nApologize for not providing too many details. Here is my configuration\n\na) IIS 7.0 (Windows 2008 R2)\nb) I tried both ways - a standalone database and using SQL Express. I modified the connection string in each case to match the configuration (I tried localDB and .\\SqlExpress in the configuration)\nc) I created a new app pool and it runs under the app pool account\nd) In the case of standalone database scenario, I created a database, ran the scripts under the App_data folder and created the users. Standalone db scenario had some initial issues that I dealt with in terms of impersonation and making sure that the impersonated user is the database user. What specific role membership does the impersonated user in this scenario? I am more keen to make it work with Standalone database. SQL Server is 2012 Enterprise edition.  Just checked the aspnet_membership table and it has all the 3 users. So, I am sure I am doing something wrong (basic). I will keep looking. If something else stands out to you, please advise.\n\nFrom other user comments, this looks like a very cool project and am excited to get it working in our environment\n\n",
      "PostedDate": "2013-02-08T14:15:06.6-08:00",
      "Id": 88942
    },
    {
      "Message": "I feel stupid. I tried it now with identity impersonation and it works great. I am so sorry to have troubled you. I do not know what I did differently this time. Again, sorry for wasting your time on this. The product looks great. Awesome work",
      "PostedDate": "2013-02-08T14:21:21.86-08:00",
      "Id": 88943
    }
  ]
}