{
  "WorkItem": {
    "AffectedComponent": {
      "Name": "",
      "DisplayName": ""
    },
    "ClosedComment": "",
    "ClosedDate": "2010-09-17T00:21:32.447-07:00",
    "CommentCount": 0,
    "Custom": "",
    "Description": "The search page has an associated list view settings object stored in profile the same as for any other list view. However, the page currently directly manages the where clause. \n\nIt would be more consistant if the search page stored all or most of the search settings in the profile list view settings and let the list view control apply the filters automatically.\n\nAs an alternative, the seach page and list view could be modified so as not to use the profile stored settings at all.\n\nAs a temporary work around, I've coded special handling in the TicketDesk.Engine.Linq.TicketListQueryExtensions.ApplyListViewSettings method for the list view settings named \"search\". This is a workable, if inelegant solution for the short term.",
    "LastUpdatedDate": "2010-09-17T00:21:32.447-07:00",
    "PlannedForRelease": "null",
    "ReleaseVisibleToPublic": false,
    "Priority": {
      "Name": "Low",
      "Severity": 50,
      "Id": 1
    },
    "ProjectName": "TicketDesk",
    "ReportedDate": "2009-02-26T19:57:28.16-08:00",
    "Status": {
      "Name": "Closed",
      "Id": 4
    },
    "ReasonClosed": {
      "Name": "Unassigned"
    },
    "Summary": "Ticket Search - Modify to use profile's List View Settings collection",
    "Type": {
      "Name": "Issue",
      "Id": 3
    },
    "VoteCount": 0,
    "Id": 12706
  },
  "FileAttachments": [],
  "Comments": []
}