{
  "WorkItem": {
    "AffectedComponent": {
      "Name": "",
      "DisplayName": ""
    },
    "ClosedComment": "fixed in commit 5fbc7b01c955",
    "ClosedDate": "2013-07-04T21:43:41.74-07:00",
    "CommentCount": 0,
    "Custom": null,
    "Description": "Hi.\r\n\r\nhttps://ticketdesk.codeplex.com/SourceControl/latest#TicketDesk-2-branch/TicketDesk.Web.Client/Global.asax.cs\r\n\r\nMistake the use of the \"lock\"\r\n\r\n```\r\n private void EmaiNotificationsTimer_Elapsed(object sender, System.Timers.ElapsedEventArgs e)\r\n        {\r\n            Object isRunningLock = new Object();\r\n            lock (isRunningLock)\r\n            {\r\n```\r\nThis code does not block send mail procedure from repeat call.\r\n\r\n\"isRunningLock\" must be declared how classes variable.",
    "LastUpdatedDate": "2017-12-11T22:13:05.99-08:00",
    "PlannedForRelease": "TicketDesk MVC 2.1.1",
    "ReleaseVisibleToPublic": true,
    "Priority": {
      "Name": "Low",
      "Severity": 50,
      "Id": 1
    },
    "ProjectName": "TicketDesk",
    "ReportedDate": "2013-07-04T21:00:56.7-07:00",
    "Status": {
      "Name": "Closed",
      "Id": 4
    },
    "ReasonClosed": {
      "Name": "Fixed"
    },
    "Summary": "lock object issue",
    "Type": {
      "Name": "Issue",
      "Id": 3
    },
    "VoteCount": 1,
    "Id": 21428
  },
  "FileAttachments": [],
  "Comments": []
}