{
  "WorkItem": {
    "AffectedComponent": {
      "Name": "",
      "DisplayName": ""
    },
    "ClosedComment": "",
    "ClosedDate": "2009-01-19T16:18:30.617-08:00",
    "CommentCount": 2,
    "Custom": "",
    "Description": "AFter observing user behavior, there is a common problem with the workflow. \n\nAssume help desk has resolved a ticket and the ticket is waiting on the owner to close. The owner reads the comments and isn't satisfied that the issue is resolved. \n\nThe owner is expected to click \"re-open\" and add comments to the ticket as to why it isn't resolved.\n\nHowever, I have observed that many (prehaps even most) users simply add a comment to the form using the comment area. This adds their comments but doesn't reopen the ticket.\n\nTo resolve this, the comment area for forms should not be available if the ticket is closed or resolved. Instead this area should contain instuctions to the user as to what they should do next. \n\nThe more info status has similar problems. Generally, when someone sets the status to more info, the owner is expected to click the button to provide the additional info (which toggles the status). But in practice, users tend to just edit the comments leaving the work order in the more info state. In this case, if the owner adds a comment the system should proobably default to toggleing the status back to active. If other users supply comments the default should be to leave the ticket in more info state.\n\nTo better control workflow, I propose an additional solution. Instead of having the add comment area enabled by default, the comment area should have control buttons for the various \"kinds\" of comments.\n\nExample:\n\nIf the ticket is active, the comment area should contain a button for \"add comment\" and another for \"comment & resolve\".\n\nIf the ticket is in more info, the comment area should contain buttons for \"provide more info\" and \"add comment\" (wording may need some more thought here).\n\nIf the ticket is resolved the comment area should contain buttons for \"reopen\" and \"close\".\n\nIf the ticket is closed the comment area should contain buttons for \"reopen\" and perhaps an \"add comment and leave closed\".",
    "LastUpdatedDate": "2009-01-19T16:18:30.617-08:00",
    "PlannedForRelease": "TicketDesk 1.2.2",
    "ReleaseVisibleToPublic": true,
    "Priority": {
      "Name": "High",
      "Severity": 150,
      "Id": 3
    },
    "ProjectName": "TicketDesk",
    "ReportedDate": "2008-12-17T14:44:22.92-08:00",
    "Status": {
      "Name": "Closed",
      "Id": 4
    },
    "ReasonClosed": {
      "Name": "Unassigned"
    },
    "Summary": "Comments for more info, resolved, and closed tickets - workflow needs improvement",
    "Type": {
      "Name": "Issue",
      "Id": 3
    },
    "VoteCount": 1,
    "Id": 12075
  },
  "FileAttachments": [],
  "Comments": [
    {
      "Message": "If you don't want the user to be able to add comments after a ticket is resolved, go into AddComment.ascx.cs and change Page_Prender to as following...  (I liked that idea and implemented it myself :-D )\r\n\r\n        protected void Page_PreRender(object sender, EventArgs e)\r\n        {\r\n            bool isAssignedToMe = (!string.IsNullOrEmpty(TicketToDisplay.AssignedTo) && TicketToDisplay.AssignedTo == Page.User.Identity.GetFormattedUserName());\r\n\r\n            ResolveCommentCheckBox.Visible = (TicketToDisplay.CurrentStatus == \"Active\") && isAssignedToMe;\r\n            ProvideInfoCommentCheckBox.Visible = (TicketToDisplay.CurrentStatus == \"More Info\");\r\n          // ADDED: Checking for Closed and Resolved status instead of just closed (ticket must be open to comment)\r\n            AddCommentsTextBox.Enabled = (TicketToDisplay.CurrentStatus != \"Closed\" && TicketToDisplay.CurrentStatus != \"Resolved\");\r\n            AddCommentButton.Enabled = (TicketToDisplay.CurrentStatus != \"Closed\" && TicketToDisplay.CurrentStatus != \"Resolved\");\r\n          // ADDED: END\r\n        }\r\n",
      "PostedDate": "2008-12-19T08:09:21.54-08:00",
      "Id": 44199
    },
    {
      "Message": "Resolved with changeset 30410.",
      "PostedDate": "2009-01-19T16:18:30.617-08:00",
      "Id": 44200
    }
  ]
}