{
  "WorkItem": {
    "AffectedComponent": {
      "Name": "",
      "DisplayName": ""
    },
    "ClosedComment": "",
    "ClosedDate": "2008-03-25T21:39:02.967-07:00",
    "CommentCount": 1,
    "Custom": "",
    "Description": "When using the windows security configuration, list views are not consistant in showing the \"display name\" for owner and assigned to fields. \n\nAppears that either the item template or alternating item template is not correctly using display name.",
    "LastUpdatedDate": "2008-03-25T21:39:02.967-07:00",
    "PlannedForRelease": "TicketDesk 1.1",
    "ReleaseVisibleToPublic": true,
    "Priority": {
      "Name": "High",
      "Severity": 150,
      "Id": 3
    },
    "ProjectName": "TicketDesk",
    "ReportedDate": "2008-03-25T21:32:34.937-07:00",
    "Status": {
      "Name": "Closed",
      "Id": 4
    },
    "ReasonClosed": {
      "Name": "Unassigned"
    },
    "Summary": "List Views - Owner and Assigned displays incorrectly",
    "Type": {
      "Name": "Issue",
      "Id": 3
    },
    "VoteCount": 0,
    "Id": 9774
  },
  "FileAttachments": [],
  "Comments": [
    {
      "Message": "Resolved with changeset 17104.",
      "PostedDate": "2008-03-25T21:39:02.967-07:00",
      "Id": 44168
    }
  ]
}