{
  "WorkItem": {
    "AffectedComponent": {
      "Name": "",
      "DisplayName": ""
    },
    "ClosedComment": "",
    "ClosedDate": "2009-02-04T21:43:20.667-08:00",
    "CommentCount": 1,
    "Custom": "",
    "Description": "hi,\n\nticket submitter role can not download attachments.. those users are redirected to the mytickets.aspx page...\n\ni guess it's an authorization problem...\n\nI checked code.. \n\n public static bool IsTicketSubmitter\n        {\n            get\n            {\n                return Roles.IsUserInRole(ConfigurationManager.AppSettings[\"AdministrativeRoleName\"]);\n            }\n        }\n\nAdministrativeRoleName at appSettings is = Administrators , and i guess this returns false for TicketSubmitters...",
    "LastUpdatedDate": "2009-02-04T21:43:20.667-08:00",
    "PlannedForRelease": "TicketDesk 1.2.2",
    "ReleaseVisibleToPublic": true,
    "Priority": {
      "Name": "Low",
      "Severity": 50,
      "Id": 1
    },
    "ProjectName": "TicketDesk",
    "ReportedDate": "2008-08-26T18:08:22.703-07:00",
    "Status": {
      "Name": "Closed",
      "Id": 4
    },
    "ReasonClosed": {
      "Name": "Unassigned"
    },
    "Summary": "Ticket Submitters can't download attachments",
    "Type": {
      "Name": "Issue",
      "Id": 3
    },
    "VoteCount": 1,
    "Id": 11109
  },
  "FileAttachments": [],
  "Comments": [
    {
      "Message": "This was fixed in may on changeset 18290",
      "PostedDate": "2008-08-28T03:46:05.003-07:00",
      "Id": 44194
    }
  ]
}