{
  "WorkItem": {
    "AffectedComponent": {
      "Name": "",
      "DisplayName": ""
    },
    "ClosedComment": "non-problem, discussion",
    "ClosedDate": "2013-07-18T20:57:33.647-07:00",
    "CommentCount": 2,
    "Custom": "",
    "Description": "try to use Html.Action() in TicketDesk? I tried and got the following error...\n\nA single instance of controller 'TicketDesk.Web.Client.Controllers.NewTicketController' cannot be used to handle multiple requests. If a custom controller factory is in use, make sure that it creates a new instance of the controller for each request.\n\nI will appreciate any help with this.",
    "LastUpdatedDate": "2013-07-18T20:57:33.647-07:00",
    "PlannedForRelease": "",
    "ReleaseVisibleToPublic": false,
    "Priority": {
      "Name": "Low",
      "Severity": 50,
      "Id": 1
    },
    "ProjectName": "TicketDesk",
    "ReportedDate": "2011-06-29T10:37:43.407-07:00",
    "Status": {
      "Name": "Closed",
      "Id": 4
    },
    "ReasonClosed": {
      "Name": "Fixed"
    },
    "Summary": "using Html.Action() with MefControllerFactory",
    "Type": {
      "Name": "Issue",
      "Id": 3
    },
    "VoteCount": 1,
    "Id": 21048
  },
  "FileAttachments": [],
  "Comments": [
    {
      "Message": "Thank you for your willingness to help!\r\nBut the problem can be avoided if we allow to create instances of identical controllers in MefControllerFactory method GetRequestControllerContainer...\r\nI removed the condition if (container == null) and received new instance.",
      "PostedDate": "2011-06-30T00:08:49.193-07:00",
      "Id": 44246
    },
    {
      "Message": "That will work, in the sense that it does ensure that the system produces a newly instantiated container (and this, the objects within the container) on each usage. It defeats the purpose of the static GetRequestControllerContainer method though (which was to allow re-use of shared parts within a single request). It isn't much of an issue though since within a single request there isn't much re-use happening anyway, but a cleaner (in terms of technique) solution for this specific issue may be to simply prevent controllers from being re-used (even within a single request); which can be done simply by tagging the controllers with an attribute:\r\n\r\n[PartCreationPolicy(CreationPolicy.NonShared)]\r\npublic class WhatEverController: ApplicationController\r\n{\r\n}\r\n\r\nIn theory this would continue to allow per-request MEF part sharing, and access via the static GetRequestControllerContainer method without allowing re-use controller parts. ",
      "PostedDate": "2011-06-30T12:24:04.44-07:00",
      "Id": 44247
    }
  ]
}