{
  "WorkItem": {
    "AffectedComponent": {
      "Name": "",
      "DisplayName": ""
    },
    "ClosedComment": "",
    "ClosedDate": "2015-05-29T15:55:17.757-07:00",
    "CommentCount": 1,
    "Custom": null,
    "Description": "Current code is crashing on New User Registration\r\nFile AccountController\r\nLine NotificationContext.SaveChanges();\r\n\r\nI added following line to make it work:\r\nNotificationContext = DependencyResolver.Current.GetService<TdPushNotificationContext>();\r\n\r\nNot sure I should do this.\r\n",
    "LastUpdatedDate": "2017-12-11T22:13:05.99-08:00",
    "PlannedForRelease": "TicketDesk 2.5",
    "ReleaseVisibleToPublic": true,
    "Priority": {
      "Name": "Low",
      "Severity": 50,
      "Id": 1
    },
    "ProjectName": "TicketDesk",
    "ReportedDate": "2015-05-01T18:18:28.743-07:00",
    "Status": {
      "Name": "Closed",
      "Id": 4
    },
    "ReasonClosed": {
      "Name": "Fixed"
    },
    "Summary": "Crashing on NotificationContext.SaveChanges();",
    "Type": {
      "Name": "Issue",
      "Id": 3
    },
    "VoteCount": 1,
    "Id": 21436
  },
  "FileAttachments": [],
  "Comments": [
    {
      "Message": "If you are playing with the TD 2.5 alpha, you should switch to the development branch. The master branch is only carrying reliable code for TD 2.0. ",
      "PostedDate": "2015-05-01T20:54:12.183-07:00",
      "Id": 183736
    }
  ]
}