{
  "WorkItem": {
    "AffectedComponent": {
      "Name": "",
      "DisplayName": ""
    },
    "ClosedComment": "",
    "ClosedDate": "2008-07-28T20:56:42.103-07:00",
    "CommentCount": 2,
    "Custom": "",
    "Description": "TicketDesk's list views should allow users to set sort orders for multiple columns. \n\nThe sort choices should be displayed on page so the user can see their sort at a glance\nThe sort editor should persist configuration changes\nSort and number of items to display settings should be stored on a \"per-list\" basis allowing different lists to have different settings.",
    "LastUpdatedDate": "2008-07-28T20:56:42.103-07:00",
    "PlannedForRelease": "TicketDesk 1.2.2",
    "ReleaseVisibleToPublic": true,
    "Priority": {
      "Name": "Medium",
      "Severity": 100,
      "Id": 2
    },
    "ProjectName": "TicketDesk",
    "ReportedDate": "2008-04-01T08:17:15.61-07:00",
    "Status": {
      "Name": "Closed",
      "Id": 4
    },
    "ReasonClosed": {
      "Name": "Unassigned"
    },
    "Summary": "List View - Multi-column sort preferences",
    "Type": {
      "Name": "Feature",
      "Id": 1
    },
    "VoteCount": 1,
    "Id": 9848
  },
  "FileAttachments": [],
  "Comments": [
    {
      "Message": "Associated with changeset 17656.",
      "PostedDate": "2008-04-14T01:11:42.9-07:00",
      "Id": 44174
    },
    {
      "Message": "Resolved with changeset 21107.",
      "PostedDate": "2008-07-28T20:56:42.103-07:00",
      "Id": 44175
    }
  ]
}