{
  "WorkItem": {
    "AffectedComponent": {
      "Name": "",
      "DisplayName": ""
    },
    "ClosedComment": "",
    "ClosedDate": "2013-07-18T20:54:37.213-07:00",
    "CommentCount": 1,
    "Custom": null,
    "Description": "Hi Stephen!\r\n\r\nThanks for fixing the last issue I raised. Finding ticketdesk to be really useful. I was wondering the rational behind using UserName instead of UserID in many of the sql tables (tickets/tickettags etc)? Doesn't this make it hard to manage if a user wishes for there UserName to be changed as it has to be updated in multi places across several databases? I'm quiet a newbie so you might have to bare with me.\r\n",
    "LastUpdatedDate": "2017-12-11T22:13:05.99-08:00",
    "PlannedForRelease": "",
    "ReleaseVisibleToPublic": false,
    "Priority": {
      "Name": "Low",
      "Severity": 50,
      "Id": 1
    },
    "ProjectName": "TicketDesk",
    "ReportedDate": "2013-05-02T07:31:39.147-07:00",
    "Status": {
      "Name": "Closed",
      "Id": 4
    },
    "ReasonClosed": {
      "Name": "Fixed"
    },
    "Summary": "UserName used in tables instead of UserID",
    "Type": {
      "Name": "Issue",
      "Id": 3
    },
    "VoteCount": 1,
    "Id": 21425
  },
  "FileAttachments": [],
  "Comments": [
    {
      "Message": "TicketDesk supports both Active Directory and local security (Sql Membership) setups. This presents some difficulties in uniform identification. AD uses SIDs while SQL uses GUIDs internally, and both are unique. Both also have unique string usernames as well. If I used SIDs and GUIDs, I would have had to treat them as stings in the database anyway. I figured that, if I were going to have to treat unique user identifiers as strings, I may as well use the username. This makes reading the table data manually or doing custom data reporting much simpler as well.\n\nAs for the functional value of IDs instead of names for username changes, there isn't a difference really. The difficulties of changing a user's identity are the same with SID/GUID and UserNames both. Changes in user identity are problematic across any system; and generally this is a rare and surgical change in either case. TicketDesk doesn't provide built-in facilities for either for the simple reason that the operation is too uncommon to justify the design, code, and testing necessary to implement it reliably. \n\nIn short: changes to username or user ID are left to the administrator to perform manually outside the scope of the system's UI.",
      "PostedDate": "2013-05-02T15:18:12.593-07:00",
      "Id": 99226
    }
  ]
}