{
  "WorkItem": {
    "AffectedComponent": {
      "Name": "",
      "DisplayName": ""
    },
    "ClosedComment": "",
    "ClosedDate": "2010-09-17T00:21:32.447-07:00",
    "CommentCount": 3,
    "Custom": "",
    "Description": "Dear Stephen Redd,\n\nFirst of all, i would like to congratulate you with this great portal. It is easy to configure, and easy to manipulate as a template.\n\nAlso i have some good idea's.\n\nWe are using this Ticket System with great potentionel. Tho i have one suggestion what could come in handy after some hundreds of tickets.\n\nSearch by Ticket ID.\n\nI am not familiar with ASP/C#.net but i don't think this is a big of a deal.\n\nAnd again, keep up the good work.\n\nWith kind regards,\n\nJaivy Daam\n\nwww.iamsterdam.nlITM Department.",
    "LastUpdatedDate": "2010-09-17T00:21:32.447-07:00",
    "PlannedForRelease": "null",
    "ReleaseVisibleToPublic": false,
    "Priority": {
      "Name": "Low",
      "Severity": 50,
      "Id": 1
    },
    "ProjectName": "TicketDesk",
    "ReportedDate": "2009-05-29T08:06:50.92-07:00",
    "Status": {
      "Name": "Closed",
      "Id": 4
    },
    "ReasonClosed": {
      "Name": "Unassigned"
    },
    "Summary": "Add search by TicketID to search page",
    "Type": {
      "Name": "Issue",
      "Id": 3
    },
    "VoteCount": 2,
    "Id": 13372
  },
  "FileAttachments": [],
  "Comments": [
    {
      "Message": "Feature would be trivial to add to the search page. TicketDesk's initial design assumed that the users wouldn't use the ID number as an identifier, but I've noticed the same trend at work. People do tend to refer to Tickets by their ID rather than the title quite often.  ",
      "PostedDate": "2009-05-29T08:10:56.24-07:00",
      "Id": 44234
    },
    {
      "Message": "Dear Stephen,\r\n\r\nThis is indeed used quite often, this is because we have one departement an several different officies we work for. So this, would be ease to give people a ticketID rather then a title.\r\n\r\nIs there any possibility our team could get an email from you when this extra feature is coming out ?\r\n\r\nWith kind regards,\r\n\r\nJaivy daam.\r\nIAmsterdam ITM Department.",
      "PostedDate": "2009-06-02T03:45:40.3-07:00",
      "Id": 44235
    },
    {
      "Message": "There is a checkbox on the web page here that lets you be notified whenever the status of a ticket changes. The status will change when there is a check-in that resolves the issue.  ",
      "PostedDate": "2009-06-02T21:39:34.45-07:00",
      "Id": 44236
    }
  ]
}