{
  "WorkItem": {
    "AffectedComponent": {
      "Name": "",
      "DisplayName": ""
    },
    "ClosedComment": "",
    "ClosedDate": "2010-09-17T00:21:32.447-07:00",
    "CommentCount": 1,
    "Custom": "",
    "Description": "TicketDesk already includes email notifications when tickets change, and there are work items in place to improve this functionality as well. \n\nIt would be of great value, especially in higher-volumn environments, for users to be able to opt into a customized RSS feed for notifications instead of email notifications. \n\n- Users would be able to subscribe to a personalized RSS feed that includes changes to any of their tickets (owner or assigned)\n- Users could opt out of email notifications\n- There are options for additional feed data that doesn't correspond to email notificaitons too. For example, perhaps the user wants to include the list of unassigned tickets in their feed, or updates to the list of tickets with a specific tag.\n\n\nAdditional Notes:\n  - Feed would not add a new item for each change to a ticket or list. Instead it would update the existing feed item when changes happen.\n  - There is probably value in allowing users to share their feed. For example, help desk staff can pull the custom feed from other staff members or perhaps the user can include other users in their own custom feed.",
    "LastUpdatedDate": "2010-09-17T00:21:32.447-07:00",
    "PlannedForRelease": "TicketDesk 1.2.2",
    "ReleaseVisibleToPublic": true,
    "Priority": {
      "Name": "Low",
      "Severity": 50,
      "Id": 1
    },
    "ProjectName": "TicketDesk",
    "ReportedDate": "2008-03-21T14:37:31.673-07:00",
    "Status": {
      "Name": "Closed",
      "Id": 4
    },
    "ReasonClosed": {
      "Name": "Unassigned"
    },
    "Summary": "RSS Notification system",
    "Type": {
      "Name": "Feature",
      "Id": 1
    },
    "VoteCount": 3,
    "Id": 9738
  },
  "FileAttachments": [],
  "Comments": [
    {
      "Message": "Associated with changeset 31134.",
      "PostedDate": "2009-02-07T01:36:00.007-08:00",
      "Id": 44154
    }
  ]
}