{
  "WorkItem": {
    "AffectedComponent": {
      "Name": "",
      "DisplayName": ""
    },
    "ClosedComment": "",
    "ClosedDate": "2009-02-04T17:34:20.703-08:00",
    "CommentCount": 2,
    "Custom": "",
    "Description": "TicketDesk only allows one attachment upload at a time. It would be an improvement to allow uploading of multiple attachments at a time (similar in fact, to how CodePlex allows you to upload multiple files when you create a \"release\").\n\nAdditionally, when adding attachments to a ticket, those attachments would often be related. For example, you might be uploading a group of screen-shots. Grouping of related attachments and adding attachments to an existing group would are also of potential value (though less so than just being able to upload multiple attachments). \n\nGrouping could be done in one of several ways:\n\n-- logical grouping : Support having a group entity with one or more file sub-entities. At the DB this would model out as a standard one-to-many relationship and code would be similarly standard. \n    Pro:     simple to implement via standard patterns and robust\n               less overhead for dealing with large binary content in memory\n    Cons:   more query logic and inefficient usage of space\n               may require transactional support\n\n\n-- physical grouping : Support for having the server automatically batch up multiple files and zip them into a single stored file. This requires no real changes at the DB or supporting code. Simply requires the UI and supporting code to handle creating the initial physical zip file from multiple incoming files.\n    Pro:     Better usage of DB space\n               less complexity in the data and entity model \n               liittle need for transactional support\n    Cons:   more memory and CPU overhead at runtime to compress and manage the file compression\n               extracting zip file into usable form requires external client tool and user skill\n\n-- hybrid grouping: Support at the DB level remains one attachment one file, but the front-end can handle automatically combining multiple files into a single zip file as they come in. The UI would also need to be able to examine the contents of a combined upload and present the contents as if they were individual files in a logical group. \n     Pro:     Combines best of physical and logical groupings\n                Still has simple data model with efficient space usage\n     Cons:   highest code complexity\n                highest in-memory overhead for compression and decompression\n                will perform somewhat slower",
    "LastUpdatedDate": "2009-02-04T17:34:20.703-08:00",
    "PlannedForRelease": "TicketDesk 1.2.2",
    "ReleaseVisibleToPublic": true,
    "Priority": {
      "Name": "Medium",
      "Severity": 100,
      "Id": 2
    },
    "ProjectName": "TicketDesk",
    "ReportedDate": "2008-03-21T19:17:29.19-07:00",
    "Status": {
      "Name": "Closed",
      "Id": 4
    },
    "ReasonClosed": {
      "Name": "Unassigned"
    },
    "Summary": "Attachments - Add multiple-attachments in a single batch",
    "Type": {
      "Name": "Feature",
      "Id": 1
    },
    "VoteCount": 0,
    "Id": 9746
  },
  "FileAttachments": [],
  "Comments": [
    {
      "Message": "The Grouping feature suggestion would be a nice touch; but the usefulness of this feature doesn't really justify the complexity of the implementation in either the code iteslf, nor in the more complex UI that would be needed to use the feature.",
      "PostedDate": "2009-01-27T03:08:02.683-08:00",
      "Id": 44158
    },
    {
      "Message": "Resolved with changeset 31042.",
      "PostedDate": "2009-02-04T17:34:20.703-08:00",
      "Id": 44159
    }
  ]
}