{
  "WorkItem": {
    "AffectedComponent": {
      "Name": "",
      "DisplayName": ""
    },
    "ClosedComment": "",
    "ClosedDate": "2010-09-17T00:21:32.447-07:00",
    "CommentCount": 1,
    "Custom": "",
    "Description": "Mailbox unavailable. The server response was: 5.7.1 Client does not have permissions to send as this sender.\n\n\nThis happens in the exception of DeliverTicketEventNotificationEmail(), just after it is about to send out the emails. What can I do to resolve this issue?",
    "LastUpdatedDate": "2010-09-17T00:21:32.447-07:00",
    "PlannedForRelease": "",
    "ReleaseVisibleToPublic": false,
    "Priority": {
      "Name": "Low",
      "Severity": 50,
      "Id": 1
    },
    "ProjectName": "TicketDesk",
    "ReportedDate": "2010-04-28T12:40:59.22-07:00",
    "Status": {
      "Name": "Closed",
      "Id": 4
    },
    "ReasonClosed": {
      "Name": "Unassigned"
    },
    "Summary": "Has anyone gotten this error?",
    "Type": {
      "Name": "Issue",
      "Id": 3
    },
    "VoteCount": 1,
    "Id": 17461
  },
  "FileAttachments": [],
  "Comments": [
    {
      "Message": "Your email server is denying ticketdesk the right to send mail. \r\n\r\nThere could be a lot of reasons depending on the mail system you use and how it is configured. You can alter TicketDesk's email settings in web.config via the  element. This allows you to choose how mail is delivered, to which email server, as well as login credentials. But you are on your own to configure your email server to allow ticketdesk to send the emails.\r\n\r\nFor more information on the settings in web.config see: http://msdn.microsoft.com/en-us/library/w355a94k(VS.90).aspx \r\n\r\n\r\n\t\t\t",
      "PostedDate": "2010-04-29T06:08:06.213-07:00",
      "Id": 44242
    }
  ]
}