{
  "WorkItem": {
    "AffectedComponent": {
      "Name": "",
      "DisplayName": ""
    },
    "ClosedComment": "",
    "ClosedDate": "2010-09-17T00:21:32.447-07:00",
    "CommentCount": 0,
    "Custom": "",
    "Description": "Investigate viability of having a web based installer for setting up TicketDesk when the application is first run. \n\nTicketDesk has a number of setup and confugration options that currently require editing of web.config before the site become usable. If possible we'd like to move that setup and configuration into the web application directly via a \"first-run\" configuration tool that would guide the admin through initial configuration.",
    "LastUpdatedDate": "2010-09-17T00:21:32.447-07:00",
    "PlannedForRelease": "null",
    "ReleaseVisibleToPublic": false,
    "Priority": {
      "Name": "Low",
      "Severity": 50,
      "Id": 1
    },
    "ProjectName": "TicketDesk",
    "ReportedDate": "2008-04-01T08:07:54.877-07:00",
    "Status": {
      "Name": "Closed",
      "Id": 4
    },
    "ReasonClosed": {
      "Name": "Unassigned"
    },
    "Summary": "First run startup web installer",
    "Type": {
      "Name": "Feature",
      "Id": 1
    },
    "VoteCount": 0,
    "Id": 9845
  },
  "FileAttachments": [],
  "Comments": []
}