{
  "WorkItem": {
    "AffectedComponent": {
      "Name": "",
      "DisplayName": ""
    },
    "ClosedComment": "",
    "ClosedDate": "2010-09-17T00:21:32.447-07:00",
    "CommentCount": 0,
    "Custom": "",
    "Description": "Users that are removed from AD, but used in TicketDesk cause problems. The TicketDesk database stores the user by user name, but code fetches a display name for those users from AD to use when displaying tickets or lists.\n\nThis doesn't technically \"break\" anything, but it does cause confusion. The UI will simply not display a name at all if it cannot locate an AD display name for the user. So if you delete an AD user, or change the user name in AD, then there will be fields that \"appear\" empty in the UI, but which have values in the database. \n\nInvestigate options dealing more gracefully with this condition",
    "LastUpdatedDate": "2010-09-17T00:21:32.447-07:00",
    "PlannedForRelease": "null",
    "ReleaseVisibleToPublic": false,
    "Priority": {
      "Name": "Low",
      "Severity": 50,
      "Id": 1
    },
    "ProjectName": "TicketDesk",
    "ReportedDate": "2008-03-21T19:46:23.33-07:00",
    "Status": {
      "Name": "Closed",
      "Id": 4
    },
    "ReasonClosed": {
      "Name": "Unassigned"
    },
    "Summary": "Users - Deal with deleted or changed AD users",
    "Type": {
      "Name": "Issue",
      "Id": 3
    },
    "VoteCount": 1,
    "Id": 9753
  },
  "FileAttachments": [],
  "Comments": []
}