{
  "WorkItem": {
    "AffectedComponent": {
      "Name": "",
      "DisplayName": ""
    },
    "ClosedComment": "",
    "ClosedDate": "2010-09-17T00:21:32.447-07:00",
    "CommentCount": 0,
    "Custom": "",
    "Description": "While printing is undesirable, there are those hold-outs who just have to have paper sometimes. TicketDesk should at least provide better mechanisms to assist printing or produce HTML views that are easy for the major browsers to print themselves. \n\nTicket Quick Print from TicketView page\n  - investigate how to handle page breaks & fitting content to printed pages \n  - investigate how to open print dialogs in different browsers\n \nTicket List Printing\n  Modes:\n   - Print list of items: print just the list.\n         * Options for current page or all pages\n         * ? choose columns ?\n   - Prints entire ticket details for all tickets in a list.\n         * options for tickets on current page or all pages of list\n  Issues:\n   - Page breaks\n   - How to deal with large lists.\n   - Should we output to non-HTML formats like PDF\n   - What about Exporting to intermediate data formats (csv, excel, doc)?\n   - Large lists and batch printing.",
    "LastUpdatedDate": "2010-09-17T00:21:32.447-07:00",
    "PlannedForRelease": "null",
    "ReleaseVisibleToPublic": false,
    "Priority": {
      "Name": "Low",
      "Severity": 50,
      "Id": 1
    },
    "ProjectName": "TicketDesk",
    "ReportedDate": "2008-04-01T08:02:37.093-07:00",
    "Status": {
      "Name": "Closed",
      "Id": 4
    },
    "ReasonClosed": {
      "Name": "Unassigned"
    },
    "Summary": "Printable lists and tickets",
    "Type": {
      "Name": "Feature",
      "Id": 1
    },
    "VoteCount": 0,
    "Id": 9843
  },
  "FileAttachments": [],
  "Comments": []
}