{
  "WorkItem": {
    "AffectedComponent": {
      "Name": "",
      "DisplayName": ""
    },
    "ClosedComment": "changes committed; admins can unlock accounts. admins can change email addresses. users can change their own email addresses.",
    "ClosedDate": "2013-04-30T11:13:14.743-07:00",
    "CommentCount": 1,
    "Custom": null,
    "Description": "Option in the UI to enable the ability to locked account\r\n\r\nAdditional checkbox to lock account within Edit User Control? ",
    "LastUpdatedDate": "2013-04-30T11:13:14.743-07:00",
    "PlannedForRelease": "",
    "ReleaseVisibleToPublic": false,
    "Priority": {
      "Name": "Unassigned",
      "Severity": 0,
      "Id": 0
    },
    "ProjectName": "TicketDesk",
    "ReportedDate": "2013-04-24T03:08:08.983-07:00",
    "Status": {
      "Name": "Closed",
      "Id": 4
    },
    "ReasonClosed": {
      "Name": "Fixed"
    },
    "Summary": "Option in the UI to enable the ability to locked account",
    "Type": {
      "Name": "Unassigned",
      "Id": 5
    },
    "VoteCount": 1,
    "Id": 21424
  },
  "FileAttachments": [],
  "Comments": [
    {
      "Message": "Also needs the ability to edit the user's email address . I'll toss together an enhancement for both this week if I can get the spare time. ",
      "PostedDate": "2013-04-24T15:17:15.207-07:00",
      "Id": 98380
    }
  ]
}