{
  "WorkItem": {
    "AffectedComponent": {
      "Name": "",
      "DisplayName": ""
    },
    "ClosedComment": "",
    "ClosedDate": "2008-03-29T01:36:47.61-07:00",
    "CommentCount": 1,
    "Custom": "",
    "Description": "Currently, the values for Priority, Ticket Type, and Category are hard-coded. \n\nThese should be configurable enumerations with admin tools that allow creation, deletion, and merging.",
    "LastUpdatedDate": "2008-03-29T01:36:47.61-07:00",
    "PlannedForRelease": "TicketDesk 1.1",
    "ReleaseVisibleToPublic": true,
    "Priority": {
      "Name": "High",
      "Severity": 150,
      "Id": 3
    },
    "ProjectName": "TicketDesk",
    "ReportedDate": "2008-03-21T19:17:26.203-07:00",
    "Status": {
      "Name": "Closed",
      "Id": 4
    },
    "ReasonClosed": {
      "Name": "Unassigned"
    },
    "Summary": "Make Priority, ticket type, and categories configurable enumerations.",
    "Type": {
      "Name": "Feature",
      "Id": 1
    },
    "VoteCount": 0,
    "Id": 9743
  },
  "FileAttachments": [],
  "Comments": [
    {
      "Message": "Resolved with changeset 17234.",
      "PostedDate": "2008-03-29T01:36:47.61-07:00",
      "Id": 44155
    }
  ]
}