{
  "WorkItem": {
    "AffectedComponent": {
      "Name": "",
      "DisplayName": ""
    },
    "ClosedComment": "not a work item. closing.",
    "ClosedDate": "2009-05-05T13:23:12.383-07:00",
    "CommentCount": 1,
    "Custom": "",
    "Description": "IS there any way to localize TicketDesk?",
    "LastUpdatedDate": "2009-05-05T13:23:12.383-07:00",
    "PlannedForRelease": "",
    "ReleaseVisibleToPublic": false,
    "Priority": {
      "Name": "Low",
      "Severity": 50,
      "Id": 1
    },
    "ProjectName": "TicketDesk",
    "ReportedDate": "2009-05-05T10:46:45.367-07:00",
    "Status": {
      "Name": "Closed",
      "Id": 4
    },
    "ReasonClosed": {
      "Name": "Unassigned"
    },
    "Summary": "Localization",
    "Type": {
      "Name": "Issue",
      "Id": 3
    },
    "VoteCount": 1,
    "Id": 13170
  },
  "FileAttachments": [],
  "Comments": [
    {
      "Message": "Please refer to the discussion tab for a related conversation:\r\n\r\nhttp://ticketdesk.codeplex.com/Thread/View.aspx?ThreadId=50407\r\n",
      "PostedDate": "2009-05-05T13:21:49.65-07:00",
      "Id": 44230
    }
  ]
}