{
  "WorkItem": {
    "AffectedComponent": {
      "Name": "",
      "DisplayName": ""
    },
    "ClosedComment": "not a bug. Standard browser behavior",
    "ClosedDate": "2014-06-05T13:37:58.073-07:00",
    "CommentCount": 2,
    "Custom": null,
    "Description": "I am trying to add a hyperlink to a local file path in a comment. Hyperlinks to websites work, but not to file paths. An example of a hyperlink that references a file path would be:\r\n\r\nfile:///c:/temp\r\n\r\nIf I add the above hyperlink in a comment, nothing happens when I click on it. I believe that there is some javascript that is preventing the browser from showing the folder (Firefox does this) or from displaying the folder in Windows Explorer (IE does this). I can't figure what is doing this. Any ideas?",
    "LastUpdatedDate": "2014-06-06T02:02:26.217-07:00",
    "PlannedForRelease": "",
    "ReleaseVisibleToPublic": false,
    "Priority": {
      "Name": "Unassigned",
      "Severity": 0,
      "Id": 0
    },
    "ProjectName": "TicketDesk",
    "ReportedDate": "2014-06-05T09:16:52.797-07:00",
    "Status": {
      "Name": "Closed",
      "Id": 4
    },
    "ReasonClosed": {
      "Name": "Fixed"
    },
    "Summary": "Hyperlinks to file paths in comments",
    "Type": {
      "Name": "Unassigned",
      "Id": 5
    },
    "VoteCount": 1,
    "Id": 21432
  },
  "FileAttachments": [],
  "Comments": [
    {
      "Message": "This is a standard security feature common in almost all modern browsers. \n\nUnless you opened the HTML document from a local html file on the filesystem, links on the web page cannot open file:/// links directly. \n\nThis behavior can not be changed with javascript, but there are, for most browsers, extensions or plug-ins that allow you to circumvent the browser's default behavior. ",
      "PostedDate": "2014-06-05T13:36:57.08-07:00",
      "Id": 148980
    },
    {
      "Message": "Thanks for the prompt reply. That explains why I could open a file:/// link from a test html page that I created on my desktop. The same link did not work from the TicketDesk website.",
      "PostedDate": "2014-06-06T02:02:26.217-07:00",
      "Id": 149029
    }
  ]
}