{
  "WorkItem": {
    "AffectedComponent": {
      "Name": "",
      "DisplayName": ""
    },
    "ClosedComment": "",
    "ClosedDate": "2008-03-30T22:15:08.02-07:00",
    "CommentCount": 1,
    "Custom": "",
    "Description": "TicketDesk uses the user name for SQL users. It does not support a friendly \"display name\" like it does with AD users.\n\nSupport for a display name can be added to the profile, but I've generally found that supporting a display name as a profile field is annoyingly complicated during user creation. Also, the profile system can make getting profile information for other users difficult (it is easy to read profile data for the user making the request, but getting profile data for other users performs poorly and can be somewhat cumbersome to code).\n\nDisplay Name and email address are the only commonly needed values fetched for users other than the one making the request. Email is directly part of membership, which makes it simpler and faster to fetch.\n\nThe simplest way to address this would be to include Display Name as part of the membership rather than a profile field. \n\n-- This can be accomplished simply by storing the display name in the \"comments\" field of membership. However; that does lack elegance. \n-- An alternative would be to derive a new membership provider that extends the SQL membership provider and supports Display Name as a distinct field. More elegant, but also more complex to code up and may not be worth the investment.",
    "LastUpdatedDate": "2008-03-30T22:15:08.02-07:00",
    "PlannedForRelease": "TicketDesk 1.1",
    "ReleaseVisibleToPublic": true,
    "Priority": {
      "Name": "Medium",
      "Severity": 100,
      "Id": 2
    },
    "ProjectName": "TicketDesk",
    "ReportedDate": "2008-03-21T19:54:41.44-07:00",
    "Status": {
      "Name": "Closed",
      "Id": 4
    },
    "ReasonClosed": {
      "Name": "Unassigned"
    },
    "Summary": "Users - Add support for Display Names for SQL Membership Users",
    "Type": {
      "Name": "Feature",
      "Id": 1
    },
    "VoteCount": 0,
    "Id": 9754
  },
  "FileAttachments": [],
  "Comments": [
    {
      "Message": "Resolved with changeset 17284.",
      "PostedDate": "2008-03-30T22:15:08.02-07:00",
      "Id": 44167
    }
  ]
}