{
  "WorkItem": {
    "AffectedComponent": {
      "Name": "",
      "DisplayName": ""
    },
    "ClosedComment": "configuration",
    "ClosedDate": "2013-08-15T11:29:59.75-07:00",
    "CommentCount": 12,
    "Custom": null,
    "Description": "Hi\r\n\r\nJust installed TicketDesk 2.1 and I've a couple of issues perhapse you could help me with\r\n\r\n1. Set \"Site root URL for email\" to http://192.0.0.67/                      no emails sent\r\n    Set \"Site root URL for email\" to http://192.0.0.67/ticketdesk/    emails sent but ticket email link is http://192.0.0.67/ticketdesk/ticketdesk/ticket/108\r\n\r\n2. No notification emails on ticket creation.\r\n\r\nBest Regards\r\n\r\nTim Folkes",
    "LastUpdatedDate": "2013-08-15T11:29:59.75-07:00",
    "PlannedForRelease": "",
    "ReleaseVisibleToPublic": false,
    "Priority": {
      "Name": "Low",
      "Severity": 50,
      "Id": 1
    },
    "ProjectName": "TicketDesk",
    "ReportedDate": "2013-02-15T06:32:21.55-08:00",
    "Status": {
      "Name": "Closed",
      "Id": 4
    },
    "ReasonClosed": {
      "Name": "Fixed"
    },
    "Summary": "Email Issue",
    "Type": {
      "Name": "Issue",
      "Id": 3
    },
    "VoteCount": 1,
    "Id": 21422
  },
  "FileAttachments": [],
  "Comments": [
    {
      "Message": "Unfortunately, unless you are familiar with some of the finer points of SQL server, IIS & domain security the quick instalation guide isn't very helpful, definately needs a little more meat on the bones.",
      "PostedDate": "2013-02-15T06:39:05.98-08:00",
      "Id": 90467
    },
    {
      "Message": "I agree that installation could be smoother. The only defense I can offer is that this is a source project, so the intended audience was developers (who hopefully are familiar with IIS and SQL). I don't consider that a very good defense, though and I am working hard to make sure TicketDesk 3 has a much smoother installation story, with on-screen setup and configuration as much as is possible. \n\nI do want to point out that TicketDesk doesn't notify YOU about tickets YOU create. It also doesn't notify YOU about changes YOU made. This was, I had thought at the time, a great way to hold down on the amount of noise notifications generate. I plan to re-access that design point in TD3, and come up with a less confusing mechanism to reduce noise.  \n\nI will take another look at the path-building code in TD2 next week to see if I can track any remaining edge cases that may be causing problems with virtual directory deployments. I apologize for any inconvenience.  ",
      "PostedDate": "2013-02-16T22:47:29.753-08:00",
      "Id": 90592
    },
    {
      "Message": "I've retested this in IIS 7 and IIS Express 8 using root sites, as well as virtual directories. I have not been able to reproduce any problems. \n\nThe Site root Url for emails setting should NOT include the virtual directory path. Only the protocol, host, and port. TicketDesk figures out the virtual directory portion of the path automatically. ",
      "PostedDate": "2013-02-19T12:11:31.737-08:00",
      "Id": 90831
    },
    {
      "Message": "Its also not sending notification here. all configurations seem corredct",
      "PostedDate": "2013-06-05T05:37:32.283-07:00",
      "Id": 102117
    },
    {
      "Message": "I have this issue too, and I have tracked it down...\n\nThe Problem seems to arise when you add an application to a website in IIS 7.0. While sending emails works just beautifully while in debug mode in VS, emails just don't get sent as soon as TicketDesk is deployed as an Application. My Root Website is called WebShop (nopCommerce application is running there) and there is your TicketDesk application in the virtual path TicketDesk. \n\nNow, you get the Exception that occures if you let it be thrown in \nNotificationSendingService.DeliverTicketEventNotificationEmail. Stephen, you added here a comment \"//TODO: we need to log/record this here and NOT rethrow it \" (I am using your Source: commit 8723b998a4e1). As I said, when you let the Exception be thrown you end up with this message: \"The virtual path / maps to another application, which is not allowed.\" Now if you follow the Exception it goes to EmailTemplateController.GenerateTicketNotificationEmailBody just there were it says \"ViewEngineResult viewResult = ViewEngines.Engines.FindPartialView(fakeControllerContext, templateToRender);\" The Problem seems to be, that \"templateToRender\" uses a Path that points to the Root, which is my WebShop Application, which apparently is \"not allowed\".\n\nUnfortunatly this is my very first shot at ASP.NET projects, so I am kinda stuck here... what is wrong here??? I really tried to find an answer (yet failed), so I it would be really nice if you could help out!\n\nCheers!\n\nPS: Nice Application, I love it!",
      "PostedDate": "2013-08-11T18:18:35.95-07:00",
      "Id": 109370
    },
    {
      "Message": "cbvoxel,\n\nI want to thank you for tracking this down. You have given me some crucial information that should allow me to reproduce the problem. From your description, I can easily see what is going wrong, and where in the code the problem occurs. What I don't quite understand is why. The path for the email template view is an app relative path, so it should not map back to the root website. Clearly, that is what is happening in your case though. \n\nI will setup an IIS 7 environment where I can reproduce this problem, then I should be able to figure out why the view engine is mapping the path incorrectly in that scenario.\n\nIf possible, can you supply a few additional pieces of information? This will help me build a test environment.\n\n* What operating system does your web server use (including service pack level if you know it)?\n* Is this a 64bit or 32bit operating system?\n* Do you have .Net Framework 4.5 installed on the server?\n* When the web site was added to IIS, was it added as a virtual directory, or as a web application? \n* Is TIcketDesk running under the same application pool as the root site, or does it use a diffrent one?\n* Did build and deploy from source, or is this one of the pre-packaged releases?\n\nThanks,\n\n_BTW, the note in source to add logging for exceptions in this part of the code has not been addressed. The version of ELMAH at the time this was written didn't work well for code running on background threads. ELMAH expects to be running in a user request thread. The hooks in ELMAH that let you log outside of a request context were bugged at the time. They probably fixed those problems, but I haven't gotten around to trying it out yet. _ ",
      "PostedDate": "2013-08-11T21:22:47.817-07:00",
      "Id": 109382
    },
    {
      "Message": "Hi Stephen,\n\nthanks for getting back to me quickly! I'll give you more info just as requested.\n\n* What operating system does your web server use (including service pack level if you know it)?\n - It says Windows Server 2008 R2 Enterprise, Service Pack 1\n* Is this a 64bit or 32bit operating system?\n - It is a 64bit System\n* Do you have .Net Framework 4.5 installed on the server?\n - Yep, .Net 4.5 is installed.\n* When the web site was added to IIS, was it added as a virtual directory, or as a web application?\n - I tried both, first off as Virtual Directory, which threw an exception right at the beginning suggesting converting the virtual directory to an application. It did just that. For my second attempt I used \"Add Application\" directly. Both got me same results...\n* Is TicketDesk running under the same application pool as the root site, or does it use a diffrent one?\n - I tried it both ways too, first I used the same Application Pool as my WebShop but then I changed it to its own Application Pool. But neither configuration seemed to change anything.\n* Did build and deploy from source, or is this one of the pre-packaged releases?\n - First I used the Pre-Packaged released. Then I downloaded the Source and published it on the physical path that was used for the application. Yet both showed the same response...\n\n* ah yes, I forgot to include one important info: I use a SQL Server 2012! The Database is called TicketDesk2.\n\n* For the Application Pool, I also have to use a specific user to connect, instead of the Pass-Through-Authentication. Otherwise an IIS APPPOOL\\TicketDesk2 user tries to connect to the Database, and the exception tells me that this user does not exist (Login failed for user 'IIS APPPOOL\\TicketDesk2'.).\n\nI hope this helps! I am looking forward to your response!\n\nCheers,\n\nCarsten\n",
      "PostedDate": "2013-08-12T01:40:48.2-07:00",
      "Id": 109401
    },
    {
      "Message": "This may be a silly question, but can you confirm if you changed the \"Site Root Url For Email\" in the application settings page in the administration section? This setting should match the root URL of your deployed web site. \n\nI've been able to reproduce the exact problem you are reporting, but only when I do not have that setting configured correctly.",
      "PostedDate": "2013-08-12T13:00:08.463-07:00",
      "Id": 109507
    },
    {
      "Message": "There we go!! That's it. \n\nI read your message and right then I understood that your question wasn't silly at all! I experimented with this setting, since it really plays a crucial role in this part of the code. I found out this.\n\nMy Findings:\n* My IP Address of the root application / WebSite / nopCommerce Shop is 192.168.0.130:80. \n* But setting \"Site Root Url For Email\" to http://192.168.0.130:80 won't do! \n* You got to set it to http://192.168.0.130:80/TicketDesk (TicketDesk is the name of my virtual path / application)\n\nThen, voilà, it send emails without breaking apart! \n\nBUT, when you now click on the Link within the email it has  http://192.168.0.130:80/ticketdesk/ticketdesk/ticket/2 (for example). So I think that this behavior isn't expected or wanted...\n\nAnyway, we know what the problem is and where it is! I can live with the \"workaround\" for a while.\n\nThanks a lot for your help, it was fun investigating!\n\nCheers,\n\nCarsten",
      "PostedDate": "2013-08-12T15:58:54.717-07:00",
      "Id": 109539
    },
    {
      "Message": "I just read the very first post and realized that the answer has been there all the time!! Man...\n",
      "PostedDate": "2013-08-12T16:08:52.48-07:00",
      "Id": 109545
    },
    {
      "Message": "I'm glad you have it working. Generally, the site root setting uses a nice friendly DNS name, but ips work too. As long as you setup in IIS as a web application, the path for site root should match exactly what you'd use in the browser. \n\nOne thing that is clear from this issue is that I need to rethink how email is configured in TicketDesk 3. This mechanism works technically, but the configuration is a bit tricky, and the instructions seem to cause a lot of confusion. I'll put more a lot more thought into this for the next release.\n\nThanks",
      "PostedDate": "2013-08-13T08:52:44.633-07:00",
      "Id": 109611
    },
    {
      "Message": "Yes, I am glad too! I'll be around and watch the progress of the project.\n\nKind regards,\n\nCarsten",
      "PostedDate": "2013-08-15T01:05:54.82-07:00",
      "Id": 109988
    }
  ]
}