{
  "WorkItem": {
    "AffectedComponent": {
      "Name": "",
      "DisplayName": ""
    },
    "ClosedComment": "",
    "ClosedDate": "2008-04-14T01:11:41.307-07:00",
    "CommentCount": 1,
    "Custom": "",
    "Description": "When a ticket is closed without an assigned user, it will linger around the unassigned view in TicketCenter.",
    "LastUpdatedDate": "2008-04-14T01:11:41.307-07:00",
    "PlannedForRelease": "TicketDesk 1.2.2",
    "ReleaseVisibleToPublic": true,
    "Priority": {
      "Name": "High",
      "Severity": 150,
      "Id": 3
    },
    "ProjectName": "TicketDesk",
    "ReportedDate": "2008-04-02T15:03:42.01-07:00",
    "Status": {
      "Name": "Closed",
      "Id": 4
    },
    "ReasonClosed": {
      "Name": "Unassigned"
    },
    "Summary": "Tickets closed without being assigned still show in TicketCenter Unassigned view",
    "Type": {
      "Name": "Issue",
      "Id": 3
    },
    "VoteCount": 1,
    "Id": 9876
  },
  "FileAttachments": [],
  "Comments": [
    {
      "Message": "Resolved with changeset 17656.",
      "PostedDate": "2008-04-14T01:11:41.307-07:00",
      "Id": 44178
    }
  ]
}