{
  "WorkItem": {
    "AffectedComponent": {
      "Name": "",
      "DisplayName": ""
    },
    "ClosedComment": "",
    "ClosedDate": "2015-06-15T21:32:37.493-07:00",
    "CommentCount": 4,
    "Custom": null,
    "Description": "Hi,\r\n\r\nI've downloaded the latest version (2.5) in development from the repository.\r\n\r\nAfter I've installed I'm not able to find the settings menu. I mean, the menu where you can see:\r\n* Application Settings\r\n* Push Notification Setting\r\n* Demo data Management\r\n* Search Management\r\n\r\nThis menu is showed in this version: http://ticketdesk2.azurewebsites.net/ but not in the one that I've intalles.\r\n\r\nIs it hidden? How to show it? Is not in the version that it's in the repository?\r\n\r\nThank you very much.\r\n\r\nbtw: Ticket Desk works pretty nice in your Azure installation and the software architecture seems solid!\r\n",
    "LastUpdatedDate": "2017-12-11T22:13:05.99-08:00",
    "PlannedForRelease": "TicketDesk 2.5",
    "ReleaseVisibleToPublic": true,
    "Priority": {
      "Name": "Medium",
      "Severity": 100,
      "Id": 2
    },
    "ProjectName": "TicketDesk",
    "ReportedDate": "2015-05-28T03:03:39.383-07:00",
    "Status": {
      "Name": "Closed",
      "Id": 4
    },
    "ReasonClosed": {
      "Name": "Fixed"
    },
    "Summary": "Setting Hidden (How to show)",
    "Type": {
      "Name": "Issue",
      "Id": 3
    },
    "VoteCount": 1,
    "Id": 21438
  },
  "FileAttachments": [
    {
      "FileId": 1458973,
      "FileName": "Settings_menu.png",
      "DownloadUrl": ".\\1458973"
    }
  ],
  "Comments": [
    {
      "Message": "The settings menu should display if you are logged in as an administrator (admin@example.com is the default admin account that gets created for you during setup). ",
      "PostedDate": "2015-05-29T10:32:13.897-07:00",
      "Id": 184921
    },
    {
      "Message": "Hello,\n\nI did, but in the development version, the one that is in the repository, that menu is not there. Is it hidden or under develpment?\n\nThank you.",
      "PostedDate": "2015-06-08T08:10:20.9-07:00",
      "Id": 185404
    },
    {
      "Message": "TicketDesk 2.5 will not need that setting. The home page will be replaced with a user dashboard before the product reaches final release (I just finished doing preliminary research on that feature, and will likely begin implementing it within week). The current home page is just a placeholer until that user story is implemented. ",
      "PostedDate": "2015-06-08T15:02:08.9-07:00",
      "Id": 185419
    },
    {
      "Message": "Thank you Stephen!",
      "PostedDate": "2015-07-03T00:31:49.273-07:00",
      "Id": 186931
    }
  ]
}