{
  "WorkItem": {
    "AffectedComponent": {
      "Name": "",
      "DisplayName": ""
    },
    "ClosedComment": "no recent activity, no reproduce",
    "ClosedDate": "2013-07-18T20:56:39.577-07:00",
    "CommentCount": 4,
    "Custom": null,
    "Description": "Hi i add a new controller to the admin area:\r\n\r\n [Export(\"SiteManagement\", typeof(IController))]\r\n    [AuthorizeAdminOnly]\r\n    [SqlSecurityOnly]\r\n    public partial class SiteManagementController : ApplicationController\r\n\r\n\r\nbut always have: No valid exports were found that match the constraint '((exportDefinition.ContractName == \"SiteManagement\")  on MefControllerFactory.cs    Line: 38 \r\n\r\ncould you explain the way you implement the export and import of controllers ? please\r\n\r\nThanks",
    "LastUpdatedDate": "2013-07-18T20:56:39.577-07:00",
    "PlannedForRelease": "",
    "ReleaseVisibleToPublic": false,
    "Priority": {
      "Name": "Low",
      "Severity": 50,
      "Id": 1
    },
    "ProjectName": "TicketDesk",
    "ReportedDate": "2012-07-03T02:23:05.737-07:00",
    "Status": {
      "Name": "Closed",
      "Id": 4
    },
    "ReasonClosed": {
      "Name": "Fixed"
    },
    "Summary": "MEf creation of  new controllers",
    "Type": {
      "Name": "Issue",
      "Id": 3
    },
    "VoteCount": 1,
    "Id": 21417
  },
  "FileAttachments": [],
  "Comments": [
    {
      "Message": "It sounds like a compilation problem of some sort, but I don't have enough details to fully diagnose. I can make a few suggestions: \n\nMake sure all using directives are included\nCheck the namespace of the new class\nMake sure the file is included in the VS project\nCompiled/built the solution.  ",
      "PostedDate": "2012-07-03T23:27:25.367-07:00",
      "Id": 69497
    },
    {
      "Message": "here ie the controller:\n\nnamespace TicketDesk.Web.Client.Areas.Admin.Controllers\n{\n    [Export(\"SiteManagement\", typeof(IController))]\n    [AuthorizeAdminOnly]\n    [SqlSecurityOnly]\n    public partial class SiteManagementController : ApplicationController\n    {\n        private SiteService  SiteService { get; set; }\n\n        [ImportingConstructor]\n        public SiteManagementController(ISecurityService security, SiteService siteService)\n            : base(security)\n        {\n            SiteService = siteService;\n        }\n\n        public virtual ActionResult Index()\n        {\n            return View();\n        }\n\n    }\n}\n\nis in the controllers Admin Area\n\neverything you mention has been checked\n\nThanks",
      "PostedDate": "2012-07-04T00:10:32.34-07:00",
      "Id": 69499
    },
    {
      "Message": "the error:\n\nNo valid exports were found that match the constraint '((exportDefinition.ContractName == \"SiteManagement\") AndAlso (exportDefinition.Metadata.ContainsKey(\"ExportTypeIdentity\") AndAlso \"System.Web.Mvc.IController\".Equals(exportDefinition.Metadata.get_Item(\"ExportTypeIdentity\"))))', invalid exports may have been rejected.",
      "PostedDate": "2012-07-04T00:17:06.727-07:00",
      "Id": 69500
    },
    {
      "Message": "Your controller looks fine to me. I suspect the problem is that it can't match it to the SiteService export. Where did you define that, and is it marked up with the right attributes? \n\nFor troubleshooting, remove SiteService from the controller and it's constructor. See if you can get it to render a basic view from the controller first, then add back the other exports it requires. ",
      "PostedDate": "2012-07-04T13:56:29.277-07:00",
      "Id": 69534
    }
  ]
}