{
  "WorkItem": {
    "AffectedComponent": {
      "Name": "",
      "DisplayName": ""
    },
    "ClosedComment": "",
    "ClosedDate": "2009-02-26T19:51:34.523-08:00",
    "CommentCount": 2,
    "Custom": "",
    "Description": "Ticket Search is not correctly handling the status filter. It appears to be returning only open tickets in most cases. Investigate behavior and repair.",
    "LastUpdatedDate": "2009-02-26T19:51:34.523-08:00",
    "PlannedForRelease": "null",
    "ReleaseVisibleToPublic": false,
    "Priority": {
      "Name": "Medium",
      "Severity": 100,
      "Id": 2
    },
    "ProjectName": "TicketDesk",
    "ReportedDate": "2009-02-26T18:40:08.233-08:00",
    "Status": {
      "Name": "Closed",
      "Id": 4
    },
    "ReasonClosed": {
      "Name": "Unassigned"
    },
    "Summary": "Ticket search",
    "Type": {
      "Name": "Issue",
      "Id": 3
    },
    "VoteCount": 1,
    "Id": 12704
  },
  "FileAttachments": [],
  "Comments": [
    {
      "Message": "The problem here is that the list view control was modified to use ListViewSettings stored in the user's profile, but the search page directly manages the where clause for the query based on the filter settings.\r\n\r\nIn the short term, I'm hacking in a simple exclusion where list view will not apply the filters from the profile ListViewSettings if the name of the settings is \"search\". This should allow the current search page logic to handle the where clause directly and resolve the problem.\r\n\r\nA better long term solution is to re-factor the search page to store the search settings in the list settings in the profile rather than directly managing the where clause itself.\r\n\r\nCreating another ticket for the longer term solution.   ",
      "PostedDate": "2009-02-26T19:51:26.977-08:00",
      "Id": 44216
    },
    {
      "Message": "Resolved with changeset 31847.",
      "PostedDate": "2009-02-26T19:51:34.523-08:00",
      "Id": 44217
    }
  ]
}