{
  "WorkItem": {
    "AffectedComponent": {
      "Name": "",
      "DisplayName": ""
    },
    "ClosedComment": "",
    "ClosedDate": "2013-08-15T11:30:26.27-07:00",
    "CommentCount": 1,
    "Custom": "",
    "Description": "Stephen, If you remember we briefly talked earlier about this.  Im still seeing these results for NON-Admin member.\n Note we through email were also changing group settings as well.  If you have the last emails between us. Please reference those as I no longer do. Nor the code we changed.",
    "LastUpdatedDate": "2013-08-15T11:30:26.27-07:00",
    "PlannedForRelease": "",
    "ReleaseVisibleToPublic": false,
    "Priority": {
      "Name": "Low",
      "Severity": 50,
      "Id": 1
    },
    "ProjectName": "TicketDesk",
    "ReportedDate": "2011-08-26T04:44:55.617-07:00",
    "Status": {
      "Name": "Closed",
      "Id": 4
    },
    "ReasonClosed": {
      "Name": "Unassigned"
    },
    "Summary": "Newest version. Still seeing email sending issues",
    "Type": {
      "Name": "Issue",
      "Id": 3
    },
    "VoteCount": 1,
    "Id": 21412
  },
  "FileAttachments": [],
  "Comments": [
    {
      "Message": "Ticket desk 2.0 is working fine except email. when i try to send the mail i got error like\n\n\"There is an error when i try to config the > email template. please fix it\"\n\nPlease help to give up a proper credentials to use for ticket desk",
      "PostedDate": "2012-02-26T03:57:41.437-08:00",
      "Id": 56575
    }
  ]
}