{
  "WorkItem": {
    "AffectedComponent": {
      "Name": "",
      "DisplayName": ""
    },
    "ClosedComment": "",
    "ClosedDate": "2010-09-17T00:21:32.447-07:00",
    "CommentCount": 0,
    "Custom": "",
    "Description": "TicketDesk currently only sends notificaitons to the owner and assigned user for a ticket. \n\nThere is some value in allowing other users to \"subscribe\" to a ticket to recieve notifications. Owners and Assigned users would be considered subscribed automatically. \n\nAdditionally, it would be useful for users to be able to control if they will remain subscribed when they had been the owner or assigned user but the ticket was re-assigned or the owner was changed.",
    "LastUpdatedDate": "2010-09-17T00:21:32.447-07:00",
    "PlannedForRelease": "null",
    "ReleaseVisibleToPublic": false,
    "Priority": {
      "Name": "Low",
      "Severity": 50,
      "Id": 1
    },
    "ProjectName": "TicketDesk",
    "ReportedDate": "2008-03-21T14:20:13.767-07:00",
    "Status": {
      "Name": "Closed",
      "Id": 4
    },
    "ReasonClosed": {
      "Name": "Unassigned"
    },
    "Summary": "Subscribe to Email Notification feature",
    "Type": {
      "Name": "Feature",
      "Id": 1
    },
    "VoteCount": 2,
    "Id": 9736
  },
  "FileAttachments": [],
  "Comments": []
}