{
  "WorkItem": {
    "AffectedComponent": {
      "Name": "",
      "DisplayName": ""
    },
    "ClosedComment": "no reproduce",
    "ClosedDate": "2009-04-28T14:05:28.1-07:00",
    "CommentCount": 3,
    "Custom": "",
    "Description": "In Firefox (3.09), if the Activity log of a ticket gets too long, eventually the \"Select Activities\" options become unavailable.   See attached screen shots for an example of this behaviour.",
    "LastUpdatedDate": "2009-04-28T14:05:28.1-07:00",
    "PlannedForRelease": "null",
    "ReleaseVisibleToPublic": false,
    "Priority": {
      "Name": "Low",
      "Severity": 50,
      "Id": 1
    },
    "ProjectName": "TicketDesk",
    "ReportedDate": "2009-04-27T10:46:05.327-07:00",
    "Status": {
      "Name": "Closed",
      "Id": 4
    },
    "ReasonClosed": {
      "Name": "Unassigned"
    },
    "Summary": "Select Activity options hidden / unavailable",
    "Type": {
      "Name": "Issue",
      "Id": 3
    },
    "VoteCount": 1,
    "Id": 13124
  },
  "FileAttachments": [
    {
      "FileId": 278563,
      "FileName": "FirefoxIECapture2009.04.27.jpg",
      "DownloadUrl": ".\\278563"
    }
  ],
  "Comments": [
    {
      "Message": "Can you give me an idea of how long?\r\n\r\nI suspect this has something to do with changes in your stylesheet or HTML customizations. I just tested tickets with 1000 ver long comments (1000 lines in each comment). With Firefox 3.08 and 3.10 there were no problems (other than timing out occasionally due to the horrendous amount of data being transferred from my test server).",
      "PostedDate": "2009-04-27T20:56:54.357-07:00",
      "Id": 44223
    },
    {
      "Message": "Stephen, \r\n\r\nThe only changes I've made to the CSS are these:\r\n\r\nLines 19-20\r\n    background-color: #FFFFFF;\r\n    background-image: url(  'FNA_TicketDeskLogo.jpg' );\r\n\r\nAnd I've replaced every instance of GreenGradient.gif with a new gif named purplegradient.gif.\r\n\r\nAnyhow, I've had the opportunity to test on a few other machines and mine appears to be the only one where the issue occurs.  Go figure.  \r\n\r\nFeel free to disregard this bug report.  :)",
      "PostedDate": "2009-04-28T05:28:55.07-07:00",
      "Id": 44224
    },
    {
      "Message": "Ok, thanks for the confirmation.\r\n\r\nBTW, if it only affects one system, check and update your video card drivers of you haven't already. I've seen similar issues in the recent past on other apps with firefox and opera browsers in particular. ",
      "PostedDate": "2009-04-28T14:04:52.917-07:00",
      "Id": 44225
    }
  ]
}