{
  "WorkItem": {
    "AffectedComponent": {
      "Name": "",
      "DisplayName": ""
    },
    "ClosedComment": "",
    "ClosedDate": "2010-09-17T00:21:32.447-07:00",
    "CommentCount": 0,
    "Custom": "",
    "Description": "It would be nice if TicketDesk's home page was a user specific overview of what's going on in the system. \n\nThis could include a number of statistics and summary views. \n\nHere are some general Ideas: \n    - Number of tickets closed, opened, or modified over last x time-period\n    - Users number of tickets (or a brief list) that are open, resolved, needing more info, etc.\n    - Overall stats like total tickets-to-date\n    - list of tickets that have changes since you last looked at them\n\nSome of this type of stuff could also be done via a status bar and/or side-bar as well giving constant summary information everywhere.\n\nThis type of feature would also be a good cantidate for some personalization for the user's preferences. \n\nFor Help Desk staff there would also be value in having a self-refreshing queue monitor that could update periodically to show any new unassigned tickets.",
    "LastUpdatedDate": "2010-09-17T00:21:32.447-07:00",
    "PlannedForRelease": "null",
    "ReleaseVisibleToPublic": false,
    "Priority": {
      "Name": "Low",
      "Severity": 50,
      "Id": 1
    },
    "ProjectName": "TicketDesk",
    "ReportedDate": "2008-04-01T08:14:27.047-07:00",
    "Status": {
      "Name": "Closed",
      "Id": 4
    },
    "ReasonClosed": {
      "Name": "Unassigned"
    },
    "Summary": "TicketDesk Dashboard & Widgets",
    "Type": {
      "Name": "Feature",
      "Id": 1
    },
    "VoteCount": 3,
    "Id": 9847
  },
  "FileAttachments": [],
  "Comments": []
}