{
  "WorkItem": {
    "AffectedComponent": {
      "Name": "",
      "DisplayName": ""
    },
    "ClosedComment": "",
    "ClosedDate": "2010-09-17T00:21:32.447-07:00",
    "CommentCount": 0,
    "Custom": "",
    "Description": "When you are in a text area and click on the owner list, if you backspace, it removes characters from the edit box.\n\nEdit ticket\nClick problem text. \nType \"abc\"\nClick Owner\nType \"my n\"\nType Backspace to erase letter in drop down\nEffect - text erased from ticket problem area.",
    "LastUpdatedDate": "2010-09-17T00:21:32.447-07:00",
    "PlannedForRelease": "",
    "ReleaseVisibleToPublic": false,
    "Priority": {
      "Name": "Low",
      "Severity": 50,
      "Id": 1
    },
    "ProjectName": "TicketDesk",
    "ReportedDate": "2009-04-14T10:25:43.707-07:00",
    "Status": {
      "Name": "Closed",
      "Id": 4
    },
    "ReasonClosed": {
      "Name": "Unassigned"
    },
    "Summary": "Conflict between Owner Drop-down list and edit text area",
    "Type": {
      "Name": "Issue",
      "Id": 3
    },
    "VoteCount": 1,
    "Id": 13003
  },
  "FileAttachments": [],
  "Comments": []
}