{
  "WorkItem": {
    "AffectedComponent": {
      "Name": "",
      "DisplayName": ""
    },
    "ClosedComment": "",
    "ClosedDate": "2009-02-21T00:08:43.273-08:00",
    "CommentCount": 4,
    "Custom": "",
    "Description": "When the create user button is clicked, they are then directed to the Ticket centre thus creating their default views as a submitter only. How can a staff user be created to recieve the correct views?",
    "LastUpdatedDate": "2009-02-21T00:08:43.273-08:00",
    "PlannedForRelease": "null",
    "ReleaseVisibleToPublic": false,
    "Priority": {
      "Name": "High",
      "Severity": 150,
      "Id": 3
    },
    "ProjectName": "TicketDesk",
    "ReportedDate": "2009-02-20T14:15:12.71-08:00",
    "Status": {
      "Name": "Closed",
      "Id": 4
    },
    "ReasonClosed": {
      "Name": "Unassigned"
    },
    "Summary": "Ticket query links",
    "Type": {
      "Name": "Issue",
      "Id": 3
    },
    "VoteCount": 1,
    "Id": 12640
  },
  "FileAttachments": [],
  "Comments": [
    {
      "Message": "The system needs to check users on each visit to ticketcenter and (re)create their default ticket views if any are missing.",
      "PostedDate": "2009-02-20T14:17:23.927-08:00",
      "Id": 44209
    },
    {
      "Message": "Would it be less overheads to do this only when thier user rights have changed rather than on every visit?",
      "PostedDate": "2009-02-20T14:38:25.3-08:00",
      "Id": 44210
    },
    {
      "Message": "It would be less overhead to do it at that point; however it is actually somewhat difficult to use the asp.net profile system from code that is running on a different user's request. When you attempt to use the profile system from another user's context, you quickly discover that the profile system works against you.\r\n\r\nI am not too worried about the raw performance overhead actually. The profile system isn't all that great from a pure performance standpoint to start with, not even when used within the profile owner own request. It reads and writes to the database on every request that uses a profile field, it doesn't use any in-memory cache between requests, and it serializes complex objects to strings and back each time. But in practical reality, the inefficiency is not much of a problem for most web applicaitons... So much more time is used by the actual network request/response itself that the performance penalty of an inefficient profile system is almost laughably small by comparison. \r\n\r\nAt least, that is true as long as you stick to only using the profiles from within the profile owner's own request. Once you start working with profiles for other users such as you'd do in a user admin tool then the story changes.\r\n\r\nAs an example, you might notice that I am NOT storing a user's friendly display name in the profile system at all. Instead I'm using the membership system's \"comments\" field for that. This is because I have to read the friendly name of a lot of users in order to build a drop down list for assigning tickets or to show the friendly name on ticket list views (created by, assigned to, and owner fields).  If you try to instantiate the profile objects for each username for which you need a friendly name, you find that you application will nearly come to a complete halt from the crazy performance overload. The membership system on the other hand is designed in a way that is much simpler, more efficient, and designed to allow easy access to membership data from other users. \r\n\r\nOn a side note, if you use the AD security system you'll notice that performance in ticketdesk is actually significanly lower, especially on the first few page requests after the app recycles or is brought online... That's because AD is the worst performing database ever invented by mankind (ok, maybe not... but it is a contender). I has to write a truly redicilous amount of custom code to cache and store AD information in-memory as it is read from AD just to reduce the performance penalty on the system on later requests.\r\n\r\n\r\nAnyway... \r\n\r\nWhat concerns me more is that the appropriate place in the code to perform the building of default views is within the code that is responsible for those views. The list view mechanisms are reasonably well isolated currently and they take care of themselves without affecting any other code. If I were to move management of the default views to the user admin tools, then I will have effectively created a tighter coupling between those rather unrelated mechanims. I'm not an OO purist by any means, but I do try to adhere to OO principals where they make sense.\r\n\r\nI'm also concerned about how re-building of default views might affect or break the code I'm planning to implement regarding custom views. I would like to avoid a change in permissions from scrapping all of a usesr's custom views by accident. And that problem componds with the planned changes to the security system that will allow more customized control over roles, AD group to role mappings, and such like. \r\n\r\nAs it is now, the ticketcenter has to initialize the view settings objects on each request anyway, so I don't think it would add very much additional logic to recheck the lists against the security each time. We already instantiate all the security objects we'd need, and we also instantiate the list settings too. we've paid most of the performance penalty. All I have to do is make sure re-building the default lists doesn't interfere with custom lists when I get those implemented.",
      "PostedDate": "2009-02-20T22:24:34.79-08:00",
      "Id": 44211
    },
    {
      "Message": "Resolved with changeset 31686.",
      "PostedDate": "2009-02-21T00:08:43.273-08:00",
      "Id": 44212
    }
  ]
}