{
  "WorkItem": {
    "AffectedComponent": {
      "Name": "",
      "DisplayName": ""
    },
    "ClosedComment": "",
    "ClosedDate": "2011-06-29T10:39:27.727-07:00",
    "CommentCount": 1,
    "Custom": "",
    "Description": "duplicate",
    "LastUpdatedDate": "2011-06-29T10:39:27.727-07:00",
    "PlannedForRelease": "",
    "ReleaseVisibleToPublic": false,
    "Priority": {
      "Name": "Low",
      "Severity": 50,
      "Id": 1
    },
    "ProjectName": "TicketDesk",
    "ReportedDate": "2011-06-29T10:36:58.817-07:00",
    "Status": {
      "Name": "Closed",
      "Id": 4
    },
    "ReasonClosed": {
      "Name": "Unassigned"
    },
    "Summary": "using Html.Action() with MefControllerFactory",
    "Type": {
      "Name": "Issue",
      "Id": 3
    },
    "VoteCount": 1,
    "Id": 21047
  },
  "FileAttachments": [],
  "Comments": [
    {
      "Message": "duplicate",
      "PostedDate": "2011-06-29T10:39:18.543-07:00",
      "Id": 44245
    }
  ]
}