{
  "WorkItem": {
    "AffectedComponent": {
      "Name": "",
      "DisplayName": ""
    },
    "ClosedComment": "",
    "ClosedDate": "2010-09-17T00:21:32.447-07:00",
    "CommentCount": 1,
    "Custom": "",
    "Description": "Hi,\n\nI upgraded to the latest version 1.3.\n\nEverything seems to be working except the mails are not getting through.\n\nThis is the error that I receive in the Elmah_ErrorLog:\n\nSystem.NullReferenceException\n: \nObject reference not set to an instance of an object.\n\nSystem.ApplicationException: Failure in Email Delivery Timer ---> System.NullReferenceException: Object reference not set to an instance of an object.\n   at TicketDesk.Engine.NotificationUtilities.GetHTMLBody(Ticket ticket, String url, String userToNotify, Int32 minCommentId) in C:\\Users\\stephenr\\Desktop\\TicketDesk_1.2.3_Source\\TicketDesk\\Engine\\NotificationUtilities.cs:line 44\n   at TicketDesk.Engine.NotificationService.DeliverTicketEventNotificationEmail(TicketDataDataContext ctx, TicketEventNotification note, List`1 consolidations) in C:\\Users\\stephenr\\Desktop\\TicketDesk_1.2.3_Source\\TicketDesk\\Engine\\NotificationService.cs:line 319\n   --- End of inner exception stack trace ---\n\t\t\n\nThe Database is on a seperate SQL 2008 Server / Windows 2008 \nThe Webserver is on a seperate Windows 2008 / IIS7\nThe logins / emails are directly to the domain AD\n\nI only changed the web.config file to get everything to work.\n\nI verified that the logins and emails have no numbers in them (I read up on the Issue that has been already put in before id# 13417 -> http://ticketdesk.codeplex.com/WorkItem/View.aspx?WorkItemId=13417)\n\nSo now I'm looking for a solution to my problem.\n\nThanks in advance for reading this.",
    "LastUpdatedDate": "2010-09-17T00:21:32.447-07:00",
    "PlannedForRelease": "",
    "ReleaseVisibleToPublic": false,
    "Priority": {
      "Name": "Low",
      "Severity": 50,
      "Id": 1
    },
    "ProjectName": "TicketDesk",
    "ReportedDate": "2009-09-17T06:33:29.503-07:00",
    "Status": {
      "Name": "Closed",
      "Id": 4
    },
    "ReasonClosed": {
      "Name": "Unassigned"
    },
    "Summary": "System.NullReferenceException. Email problem",
    "Type": {
      "Name": "Issue",
      "Id": 3
    },
    "VoteCount": 1,
    "Id": 14181
  },
  "FileAttachments": [],
  "Comments": [
    {
      "Message": "Can you send me a private message with the contents of your web.config please. Feel free to remove the passwords in your connection strings and such before you send it.",
      "PostedDate": "2009-09-17T08:36:50.013-07:00",
      "Id": 44241
    }
  ]
}