{
  "WorkItem": {
    "AffectedComponent": {
      "Name": "",
      "DisplayName": ""
    },
    "ClosedComment": "",
    "ClosedDate": "2008-03-30T21:08:32.41-07:00",
    "CommentCount": 3,
    "Custom": "",
    "Description": "TicketDesk's email notifications are sent only to the owner and assigned user whenever a user makes a change to a ticket. TicketDesk does not notify the user that made the change though (to avoid being spammy).\n\nIf a user changes the owner or assigned to user, only the new owner or assigned to user will be notified. In these cases, TicketDesk should notify the new owner or assigned user as well as the original owner or assigned user.",
    "LastUpdatedDate": "2008-03-31T00:55:21.837-07:00",
    "PlannedForRelease": "TicketDesk 1.1",
    "ReleaseVisibleToPublic": true,
    "Priority": {
      "Name": "Medium",
      "Severity": 100,
      "Id": 2
    },
    "ProjectName": "TicketDesk",
    "ReportedDate": "2008-03-21T14:16:45.44-07:00",
    "Status": {
      "Name": "Closed",
      "Id": 4
    },
    "ReasonClosed": {
      "Name": "Unassigned"
    },
    "Summary": "Notifications to original owner/assigned user when owner/assigned changes",
    "Type": {
      "Name": "Feature",
      "Id": 1
    },
    "VoteCount": 0,
    "Id": 9735
  },
  "FileAttachments": [],
  "Comments": [
    {
      "Message": "Resolved with changeset 17254.",
      "PostedDate": "2008-03-30T01:34:46.897-07:00",
      "Id": 44139
    },
    {
      "Message": "There is a slight bug. When there are no addresses to send to the notification manager throws an exception.",
      "PostedDate": "2008-03-30T21:07:18.207-07:00",
      "Id": 44140
    },
    {
      "Message": "Resolved with changeset 17282.",
      "PostedDate": "2008-03-30T21:08:32.41-07:00",
      "Id": 44141
    }
  ]
}