{
  "WorkItem": {
    "AffectedComponent": {
      "Name": "",
      "DisplayName": ""
    },
    "ClosedComment": "",
    "ClosedDate": "2015-06-15T21:32:57.887-07:00",
    "CommentCount": 1,
    "Custom": null,
    "Description": "\r\nI have Configure SMTP Provide (Email) in PushNotificationSetting like \r\n\r\nSMTP Server Name: smtp.gmail.com\r\nSMTP Port: 587\r\nEnable SSL : Checked(means true)\r\nSMTP User Name : Krishna Mangore\r\nSMTP Password : My Password\r\nSMTP From Address : krishna.mangore14@gmail.com \r\nSMTP From Display Name: TicketDesk\r\n\r\nsaved it. and when I raised Ticket as end user then still not getting any Email Notification",
    "LastUpdatedDate": "2017-12-11T22:13:05.99-08:00",
    "PlannedForRelease": "TicketDesk 2.5",
    "ReleaseVisibleToPublic": true,
    "Priority": {
      "Name": "Low",
      "Severity": 50,
      "Id": 1
    },
    "ProjectName": "TicketDesk",
    "ReportedDate": "2015-06-11T00:11:37.367-07:00",
    "Status": {
      "Name": "Closed",
      "Id": 4
    },
    "ReasonClosed": {
      "Name": "Fixed"
    },
    "Summary": " Not getting any Email Notification",
    "Type": {
      "Name": "Issue",
      "Id": 3
    },
    "VoteCount": 1,
    "Id": 21439
  },
  "FileAttachments": [],
  "Comments": [
    {
      "Message": "Thanks for taking time to test email in TD 2.5. I just finished the beta cut of those features in the last two weeks, and it hasn't been through a full suite of integration tests yet.\n\nIn this case, it looks like the config for the user name is incorrect. Gmail user names take the form of <user>@gmail.com. \n\nTry setting the user name to  krishna.mangore14@gmail.com, same as the From address. \n\nSome notes for your consideration when working with this feature in pre-beta stages:\n\n* Unless they changed it recently, please also note that gmail will ignore the From Display Name attribute, and it will not use any From Address other than your account's primary email address. Gmail isn't intended to act as an SMTP relay, so they limit these options to prevent spammers from spoofing your email address or display name.\n\n* Please review the anti-noise settings in TicketDesk. By default, TicketDesk attempts to limit the number of messages sent to keep from flooding your user's mailboxes. Users will not receive notifications for changes they made to a ticket themselves, and if you have consolidations enabled it will batch up multiple changes into a single message.\n\n* The TD 2.5 email templates still need some work. It renders fairly well in a browser, but there are still rendering issues in several popular mail clients. There also isn't a link back to the ticket in the email yet... I'm looking at the best way to generate that link without necessarily having the admin need to specify a root url in the application settings.\n\n* I'm currently working on user settings, including the ability for individual users to opt-in/out of push notifications, and specify different push notification settings than the application level defaults.",
      "PostedDate": "2015-06-11T05:21:57.3-07:00",
      "Id": 185503
    }
  ]
}