{
  "WorkItem": {
    "AffectedComponent": {
      "Name": "",
      "DisplayName": ""
    },
    "ClosedComment": "",
    "ClosedDate": "2010-09-17T00:21:32.447-07:00",
    "CommentCount": 2,
    "Custom": "",
    "Description": "In some environments, it is not desirable to allow submitters to view other user's tickets. \n\nImplement admin configuration option that will lock down the submitter's view by default. This will also involve limiting access to ticket search and restricting options in custom ticket view lists.",
    "LastUpdatedDate": "2010-09-17T00:21:32.447-07:00",
    "PlannedForRelease": "null",
    "ReleaseVisibleToPublic": false,
    "Priority": {
      "Name": "Low",
      "Severity": 50,
      "Id": 1
    },
    "ProjectName": "TicketDesk",
    "ReportedDate": "2008-12-20T14:15:18.437-08:00",
    "Status": {
      "Name": "Closed",
      "Id": 4
    },
    "ReasonClosed": {
      "Name": "Unassigned"
    },
    "Summary": "Optional - prevent ticket submitters from viewing other user's tickets",
    "Type": {
      "Name": "Issue",
      "Id": 3
    },
    "VoteCount": 5,
    "Id": 12122
  },
  "FileAttachments": [],
  "Comments": [
    {
      "Message": " Please be a little more descriptive.  What do you mean by implement admin configuration.  That seems like your stating to give the users admin rights under the administrative section.\r\n \r\n Secondly.  Nice project. I realize this is most likely time consuming for you to maintain and I appreciate the effort you bring to the community with this application.",
      "PostedDate": "2009-05-08T04:43:36.13-07:00",
      "Id": 44205
    },
    {
      "Message": "The task's purpose is to add new site settings to the admin tools or web.config that allow the site's administrator to optionally tell the system not to allow submitters to view tickets owned by other users. \r\n\r\nThis would assist organizations that want to use TicketDesk in a more customer support environment. TicketDesk was designed for internal use within a single organization where all of the users and IT staff are members of the organization and there exists some trust between the users. However, there are a lot of people that expressed an interest in using TicketDesk to allow external user (their customers for example) to submit tickets... but in those cases they would not want users to be able to see information about other users and other tickets aside from the ones they submit themselves.  ",
      "PostedDate": "2009-05-08T15:33:09.6-07:00",
      "Id": 44206
    }
  ]
}