{
  "WorkItem": {
    "AffectedComponent": {
      "Name": "",
      "DisplayName": ""
    },
    "ClosedComment": "",
    "ClosedDate": "2009-02-05T22:56:03.16-08:00",
    "CommentCount": 1,
    "Custom": "",
    "Description": "After the replacement of the old ticketcenter with the new one, I overlooked the links in the ticket viewer. These should point to the appropriate ticketcenter lists with supplied parameters relevant to the link's subject context.\n\nNeed to update these. \n\nAlso should add link for ticket owner now that ticketcenter has a view to support that link.",
    "LastUpdatedDate": "2009-02-05T22:56:03.16-08:00",
    "PlannedForRelease": "TicketDesk 1.2.2",
    "ReleaseVisibleToPublic": true,
    "Priority": {
      "Name": "Medium",
      "Severity": 100,
      "Id": 2
    },
    "ProjectName": "TicketDesk",
    "ReportedDate": "2008-12-17T22:51:18.82-08:00",
    "Status": {
      "Name": "Closed",
      "Id": 4
    },
    "ReasonClosed": {
      "Name": "Unassigned"
    },
    "Summary": "Ticket View - Links in ticket details pointing to ticket center lists using old URL patterns",
    "Type": {
      "Name": "Issue",
      "Id": 3
    },
    "VoteCount": 0,
    "Id": 12081
  },
  "FileAttachments": [],
  "Comments": [
    {
      "Message": "Resolved with changeset 31090.",
      "PostedDate": "2009-02-05T22:56:03.16-08:00",
      "Id": 44203
    }
  ]
}