{
  "WorkItem": {
    "AffectedComponent": {
      "Name": "",
      "DisplayName": ""
    },
    "ClosedComment": "",
    "ClosedDate": "2009-02-26T19:51:33.443-08:00",
    "CommentCount": 1,
    "Custom": "",
    "Description": "The ticket viewer/editor and potentially the new ticket form are prone to session timeouts.\n\nThe observed behaviors are:\n\n- If you've been sitting on a ticket viewer/editor page for a while, it may not save your changes when you click the submit button\n- If you have been sitting on a ticket for a while clicking one of the action buttons may fail to load the editor controls correctly (FCKEditor may not display, DropDownLists may not bind, etc). So far only seen this on Chrome.\n\nAll of these were reported in AD environments, so it may have something to do with authentication too, but I can't rule out similar behavior with SQL environments.\n\nOne contributer may be that requests within an ajax update panel may not update the user's session timeout, though I haven't confirmed this either.\n\nThe proposed solution would be to have form pages periodically fire a keep-alive request to the server. This will have to be tested to be sure if it resolves the problem.",
    "LastUpdatedDate": "2009-02-26T19:51:33.443-08:00",
    "PlannedForRelease": "null",
    "ReleaseVisibleToPublic": false,
    "Priority": {
      "Name": "Medium",
      "Severity": 100,
      "Id": 2
    },
    "ProjectName": "TicketDesk",
    "ReportedDate": "2009-02-23T17:24:46.727-08:00",
    "Status": {
      "Name": "Closed",
      "Id": 4
    },
    "ReasonClosed": {
      "Name": "Unassigned"
    },
    "Summary": "Session Timeout - Forms in Ticketdesk prone to session timeout",
    "Type": {
      "Name": "Issue",
      "Id": 3
    },
    "VoteCount": 0,
    "Id": 12666
  },
  "FileAttachments": [],
  "Comments": [
    {
      "Message": "Resolved with changeset 31847.",
      "PostedDate": "2009-02-26T19:51:33.443-08:00",
      "Id": 44213
    }
  ]
}