{
  "WorkItem": {
    "AffectedComponent": {
      "Name": "",
      "DisplayName": ""
    },
    "ClosedComment": "",
    "ClosedDate": "2013-07-31T15:09:56.157-07:00",
    "CommentCount": 4,
    "Custom": null,
    "Description": "Hi,\r\n\r\nI think I just a found bug in TicketDesk that occurs after a ticket has been \"taken over\" by its original owner, i.e. the user who created it. After this happens, the ticket can no longer be assigned to anyone else. Here's a scenario:\r\n\r\n1. User1 creates a ticket, thus becoming the owner.\r\n2. User2 is assigned the ticket.\r\n3. User1 takes over the ticket by logging in and clicking on the \"Take Over\" button in the ticket's details page.\r\n4. Any attempt at this stage to assign the ticket to another user fails.\r\n\r\nThe reason why it fails is because a list of subscribers is built in the method called GetNotificationSubscribers(). The owner of the ticket as well as the user who was previously assigned to the ticket get added to the list of subscribers. In this scenario, the owner and previously assigned user are the same (User1). However, the value of the owner string is in lower case characters (\"user1\") and the value of the previously assigned user is as it should be (\"User1\"). Therefore, a primary key violation occurs when TicketDesk tries to insert the 2 rows into the TicketEventNotifications table and the assignment operation fails.",
    "LastUpdatedDate": "2017-12-11T22:13:05.99-08:00",
    "PlannedForRelease": "TicketDesk MVC 2.1.1",
    "ReleaseVisibleToPublic": true,
    "Priority": {
      "Name": "Low",
      "Severity": 50,
      "Id": 1
    },
    "ProjectName": "TicketDesk",
    "ReportedDate": "2013-07-17T09:16:25.637-07:00",
    "Status": {
      "Name": "Closed",
      "Id": 4
    },
    "ReasonClosed": {
      "Name": "Fixed"
    },
    "Summary": "Cannot assign ticket",
    "Type": {
      "Name": "Issue",
      "Id": 3
    },
    "VoteCount": 1,
    "Id": 21429
  },
  "FileAttachments": [],
  "Comments": [
    {
      "Message": "Thanks for the detailed information! I'll fix this up within the next few days. ",
      "PostedDate": "2013-07-17T14:45:09.74-07:00",
      "Id": 106350
    },
    {
      "Message": "same base issue as issue 21419",
      "PostedDate": "2013-07-18T21:01:42.057-07:00",
      "Id": 106591
    },
    {
      "Message": "a fix has been committed to source control. The services now perform case-agnostic comparisons, which should correct the immediate exceptions. I have also changed the login service to force the username to lowercase, which will make the content of the user fields in the DB more consistent for future tickets and updates. ",
      "PostedDate": "2013-07-19T13:42:41.847-07:00",
      "Id": 106686
    },
    {
      "Message": "Thanks for fixing the problem!",
      "PostedDate": "2013-07-24T00:47:44.903-07:00",
      "Id": 107231
    }
  ]
}