{
  "WorkItem": {
    "AffectedComponent": {
      "Name": "",
      "DisplayName": ""
    },
    "ClosedComment": "",
    "ClosedDate": "2010-09-17T00:21:32.447-07:00",
    "CommentCount": 0,
    "Custom": "",
    "Description": "An error happens when trying to add an attachment and delete another one to a ticket at the same time. We have solved? it in this way:\n\n        private void DeleteTicketAttachment(int fileId)\n        {\n            TicketDataDataContext ctx = new TicketDataDataContext();\n            var file = ctx.TicketAttachments.SingleOrDefault(ta => ta.FileId == fileId);\n            if (file != null) // <--\n            {\n                ctx.TicketAttachments.DeleteOnSubmit(file);\n                ctx.SubmitChanges();\n            }\n        }\n\nAll the rest, perfect!",
    "LastUpdatedDate": "2010-09-17T00:21:32.447-07:00",
    "PlannedForRelease": "null",
    "ReleaseVisibleToPublic": false,
    "Priority": {
      "Name": "Low",
      "Severity": 50,
      "Id": 1
    },
    "ProjectName": "TicketDesk",
    "ReportedDate": "2010-05-18T13:04:21.497-07:00",
    "Status": {
      "Name": "Closed",
      "Id": 4
    },
    "ReasonClosed": {
      "Name": "Unassigned"
    },
    "Summary": "Error when adding a attachment and delete another one in a ticket at the same time",
    "Type": {
      "Name": "Issue",
      "Id": 3
    },
    "VoteCount": 1,
    "Id": 17728
  },
  "FileAttachments": [],
  "Comments": []
}