{
  "WorkItem": {
    "AffectedComponent": {
      "Name": "",
      "DisplayName": ""
    },
    "ClosedComment": "custom behavior- not a problem in default branch",
    "ClosedDate": "2013-07-18T20:59:08.273-07:00",
    "CommentCount": 1,
    "Custom": null,
    "Description": "Hi,\r\n\r\nI have written INSERT and UPDATE queries on a table. I am using UpdateDataSet() method for the inserts/updates to happen. I am using UpdateBehavior.Standard. It works fine when I write just provide DbCommand as Update. But, when I provide UpdateDataSet with Insert DbCommand; it throws following error:\r\nconcurrency violation the updatecommand affected 0 of the expected 1 records. dataset\r\n\r\nBut, still the observation is that Updates are happening in the database but NO INSERTS. NOTE: I tried applying both by applying primary key and with No primary key for the table. But, I get the same result.\r\n\r\nKindly suggest,\r\nThanks,\r\nAlex",
    "LastUpdatedDate": "2013-07-18T20:59:08.273-07:00",
    "PlannedForRelease": "",
    "ReleaseVisibleToPublic": false,
    "Priority": {
      "Name": "Low",
      "Severity": 50,
      "Id": 1
    },
    "ProjectName": "TicketDesk",
    "ReportedDate": "2012-07-05T03:53:37.087-07:00",
    "Status": {
      "Name": "Closed",
      "Id": 4
    },
    "ReasonClosed": {
      "Name": "Fixed"
    },
    "Summary": "DAAB: UpdateDataSet method error while Insert",
    "Type": {
      "Name": "Issue",
      "Id": 3
    },
    "VoteCount": 1,
    "Id": 21418
  },
  "FileAttachments": [],
  "Comments": [
    {
      "Message": "Is this with TicketDesk? If so, what version? \n\nI'm not able to provide much advice. TicketDesk has always used LINQ to SQL or Entity Framework for DB operations, so I have no basis for understanding your use of DbCommand or DataSets from the older ADO,NET stack in conjunction with TicketDesk. I would need more information about what you are doing. You might have better luck checking around stackoverflow.com or elsewhere on the net since the issue you describe sounds pretty generic to ADO.NET.",
      "PostedDate": "2012-07-05T08:15:27.453-07:00",
      "Id": 69572
    }
  ]
}