{
  "WorkItem": {
    "AffectedComponent": {
      "Name": "",
      "DisplayName": ""
    },
    "ClosedComment": "",
    "ClosedDate": "2010-09-17T00:21:32.447-07:00",
    "CommentCount": 0,
    "Custom": "",
    "Description": "Refactor the RoleTypes concept into a permission system. \n\nCurrently TicketDesk configuration requires you to map either an AD group or a SQL Role to a TicketDesk Role Type in web.config. The role type's purpose is to decide what permissions are in effect for the corresponding SQL role or AD group. The drawback is that this is a one to one mapping.\n\nThis is a weak system and would be better implemented as a permission system. In that case, there would be an admin section that allows the admin user to assign permissions to multiple roles or AD groups as well as a Role editor utility (for sites using the SQL membership and roles).",
    "LastUpdatedDate": "2010-09-17T00:21:32.447-07:00",
    "PlannedForRelease": "null",
    "ReleaseVisibleToPublic": false,
    "Priority": {
      "Name": "Low",
      "Severity": 50,
      "Id": 1
    },
    "ProjectName": "TicketDesk",
    "ReportedDate": "2008-03-21T19:17:25.22-07:00",
    "Status": {
      "Name": "Closed",
      "Id": 4
    },
    "ReasonClosed": {
      "Name": "Unassigned"
    },
    "Summary": "Refactor Role Types into a Permission System",
    "Type": {
      "Name": "Issue",
      "Id": 3
    },
    "VoteCount": 1,
    "Id": 9742
  },
  "FileAttachments": [],
  "Comments": []
}