{
  "WorkItem": {
    "AffectedComponent": {
      "Name": "",
      "DisplayName": ""
    },
    "ClosedComment": "",
    "ClosedDate": "2009-01-19T16:18:25.727-08:00",
    "CommentCount": 1,
    "Custom": "",
    "Description": "The details and comment fields would be greatly improved with a rich text editor control.\n\nDuring development of 1.0, this was a planned feature. I had planned to integrate either the FCKEditor or TinyMCE. Unfortunatly, I discovered that both editors had serious compatibility problems with Ajax (each having unique issues). This feature was then cut from 1.0 in favor of a trivially simple plain text editor. There is some support for having either HTML or plain text contnet included in 1.0 code and database, but these features weren't fully implemented due to the absence of a rich text eitor that could be used at the UI.\n\nIf possible, we should still implement a rich text editor. Research indicates that FCKEditor 2.6.x has sufficient compatibility with AJAX controls and target browser platforms now.",
    "LastUpdatedDate": "2009-01-19T16:18:25.727-08:00",
    "PlannedForRelease": "TicketDesk 1.2.2",
    "ReleaseVisibleToPublic": true,
    "Priority": {
      "Name": "High",
      "Severity": 150,
      "Id": 3
    },
    "ProjectName": "TicketDesk",
    "ReportedDate": "2008-03-21T19:17:27.093-07:00",
    "Status": {
      "Name": "Closed",
      "Id": 4
    },
    "ReasonClosed": {
      "Name": "Unassigned"
    },
    "Summary": "Implement a Rich Text Editor",
    "Type": {
      "Name": "Feature",
      "Id": 1
    },
    "VoteCount": 3,
    "Id": 9744
  },
  "FileAttachments": [],
  "Comments": [
    {
      "Message": "Resolved with changeset 30410.",
      "PostedDate": "2009-01-19T16:18:25.727-08:00",
      "Id": 44156
    }
  ]
}