{
  "WorkItem": {
    "AffectedComponent": {
      "Name": "",
      "DisplayName": ""
    },
    "ClosedComment": "",
    "ClosedDate": "2013-07-18T20:55:03.53-07:00",
    "CommentCount": 2,
    "Custom": null,
    "Description": "Hi All,\r\n\r\nI have hosted TicketDesk2.0 version TicketDesk 2.0.1 Beta - Compiled into IIS7 and changed email settings to smtp.gmail.com. Every thing working fine except email functionality. I have mentioned configuration settings which I changed in web.config as below.\r\n\r\nCan you please correct me where I went wrong.\r\n\r\n<system.net>\r\n    <mailSettings>\r\n      <smtp from=\"mymail@gmail.com\">\r\n        <network host=\"smtp.gmail.com\"\r\n                 password=\"mypwd\"\r\n                 port=\"587\"\r\n           userName=\"mymail@gmail.com\"/>\r\n      </smtp>\r\n    </mailSettings>\r\n  </system.net>\r\n\r\nThanks and Regards\r\nMastan",
    "LastUpdatedDate": "2017-12-11T22:13:05.99-08:00",
    "PlannedForRelease": "TicketDesk MVC 2.0.1",
    "ReleaseVisibleToPublic": true,
    "Priority": {
      "Name": "Low",
      "Severity": 50,
      "Id": 1
    },
    "ProjectName": "TicketDesk",
    "ReportedDate": "2012-02-13T06:45:43.753-08:00",
    "Status": {
      "Name": "Closed",
      "Id": 4
    },
    "ReasonClosed": {
      "Name": "Fixed"
    },
    "Summary": "Web.config settings for smtp.gmail.com",
    "Type": {
      "Name": "Issue",
      "Id": 3
    },
    "VoteCount": 1,
    "Id": 21414
  },
  "FileAttachments": [],
  "Comments": [
    {
      "Message": "I can't say I'd recommend using gmail for TicketDesk, but if your usage is fairly light it might work out OK. I have not tested this, but I'd think you need to turn on SSL and turn off default credentials:\n\n<network host=\"smtp.gmail.com\"\n                 defaultCredentials=\"false\"\n                 enableSsl=\"true\"\n                 password=\"mypwd\"\n                 port=\"587\"\n                 userName=\"mymail@gmail.com\"/>",
      "PostedDate": "2012-02-13T14:14:11.967-08:00",
      "Id": 55887
    },
    {
      "Message": "Excellent. Its working.\nI am using gmail for testing purpose and we are going to replace  email server details for email functionality.\n\nThanks\nMastan",
      "PostedDate": "2012-02-13T20:59:36.4-08:00",
      "Id": 55900
    }
  ]
}