{
  "WorkItem": {
    "AffectedComponent": {
      "Name": "",
      "DisplayName": ""
    },
    "ClosedComment": "",
    "ClosedDate": "2009-02-04T17:34:21.423-08:00",
    "CommentCount": 1,
    "Custom": "",
    "Description": "User should be able to supply a description for uploaded files. \n\nCurrently attachements track only the file name, who uploaded it, and when (plus file info such as size and type).  However, filenames are notoriously bad indicators of the file's purpose. The ability to add comments when uploading a file has been entered as another work item, comments do not necessarily address the potential need to allow the user to supply a more useful or detailed description of the individual files.",
    "LastUpdatedDate": "2009-02-04T17:34:21.423-08:00",
    "PlannedForRelease": "TicketDesk 1.2.2",
    "ReleaseVisibleToPublic": true,
    "Priority": {
      "Name": "Medium",
      "Severity": 100,
      "Id": 2
    },
    "ProjectName": "TicketDesk",
    "ReportedDate": "2008-03-21T19:17:31.453-07:00",
    "Status": {
      "Name": "Closed",
      "Id": 4
    },
    "ReasonClosed": {
      "Name": "Unassigned"
    },
    "Summary": "Attachments - Need a description field for uploaded files",
    "Type": {
      "Name": "Feature",
      "Id": 1
    },
    "VoteCount": 0,
    "Id": 9748
  },
  "FileAttachments": [],
  "Comments": [
    {
      "Message": "Resolved with changeset 31042.",
      "PostedDate": "2009-02-04T17:34:21.423-08:00",
      "Id": 44161
    }
  ]
}