{
  "WorkItem": {
    "AffectedComponent": {
      "Name": "",
      "DisplayName": ""
    },
    "ClosedComment": "",
    "ClosedDate": "2008-08-28T03:49:18.033-07:00",
    "CommentCount": 1,
    "Custom": "",
    "Description": "Hello,\n\nThis is my first time using AD users.  From debugging, it seems like the TicketDesk system is not recognizing the groups a user belongs to.  I have created three groups in AD, Submitter, HelpDesk, HelpDeskAdmin and they match with the key values in the web config.\n\nThe reason I think it's not recognizing the groups is, when I change authorization in web config to allow all authenticated user it works fine.  When I change it back to only allow users in one of these groups I get an error saying access denied.\n\nWhere can start looking for the problem?",
    "LastUpdatedDate": "2008-08-28T03:49:22.423-07:00",
    "PlannedForRelease": "TicketDesk 1.2.2",
    "ReleaseVisibleToPublic": true,
    "Priority": {
      "Name": "Low",
      "Severity": 50,
      "Id": 1
    },
    "ProjectName": "TicketDesk",
    "ReportedDate": "2008-07-22T12:21:17.46-07:00",
    "Status": {
      "Name": "Closed",
      "Id": 4
    },
    "ReasonClosed": {
      "Name": "Unassigned"
    },
    "Summary": "AD security Groups",
    "Type": {
      "Name": "Issue",
      "Id": 3
    },
    "VoteCount": 1,
    "Id": 10732
  },
  "FileAttachments": [],
  "Comments": [
    {
      "Message": "This appears to be an environment specific problem. Unable to reproduce similar results in other environments. Not a code issue.",
      "PostedDate": "2008-08-28T03:49:18.033-07:00",
      "Id": 44191
    }
  ]
}