{
  "WorkItem": {
    "AffectedComponent": {
      "Name": "",
      "DisplayName": ""
    },
    "ClosedComment": "",
    "ClosedDate": "2013-07-31T15:10:05.753-07:00",
    "CommentCount": 1,
    "Custom": null,
    "Description": "Thanks for doing such a good job with the TicketDesk system. I ran into a small issue which I thought you may be interested in. I created all my user names like so: Mike, Andy, Ethan. However, some users log in with lower case names: mike, andy, ethan. ASP will authenticate them like this with no problem. However, when logged in w/ lower case names, Security.CurrentUserName (TicketService.cs, CheckSecurityForTicketActivity) will return the lower case version of the name. Then the lower case version of the name is sent to the database, and when subscribers are being added to the list in TicketPartial.cs, GetNotificationSubscribers, it adds the users twice - once for the upper case name and once for the lower case name. This causes a PK Violation in TicketEventNotifications and the ticket update fails. Once I figured it out, I just told my users to log in with lower case names and ran a quick update on the tables to all lower case and that seems to be a reasonable workaround, but I thought you might find this report useful.\r\nOnce again, thanks so much for your work on the system.\r\n-Mike",
    "LastUpdatedDate": "2017-12-11T22:13:05.99-08:00",
    "PlannedForRelease": "TicketDesk MVC 2.1.1",
    "ReleaseVisibleToPublic": true,
    "Priority": {
      "Name": "Low",
      "Severity": 50,
      "Id": 1
    },
    "ProjectName": "TicketDesk",
    "ReportedDate": "2012-07-16T15:32:42.077-07:00",
    "Status": {
      "Name": "Closed",
      "Id": 4
    },
    "ReasonClosed": {
      "Name": "Fixed"
    },
    "Summary": "Subscribers and User Names",
    "Type": {
      "Name": "Issue",
      "Id": 3
    },
    "VoteCount": 1,
    "Id": 21419
  },
  "FileAttachments": [],
  "Comments": [
    {
      "Message": "a fix has been committed to source control. The services now perform case-agnostic comparisons, which should correct the immediate exceptions. I have also changed the login service to force the username to lowercase, which will make the content of the user fields in the DB more consistent for future tickets and updates. ",
      "PostedDate": "2013-07-19T13:42:55.357-07:00",
      "Id": 106687
    }
  ]
}