{
  "WorkItem": {
    "AffectedComponent": {
      "Name": "",
      "DisplayName": ""
    },
    "ClosedComment": "",
    "ClosedDate": "2011-07-06T11:56:32.61-07:00",
    "CommentCount": 3,
    "Custom": "",
    "Description": "I have 202 users in my database. Users table only shows 25 of the 202.  If I NEXT to the next page the same users stay on the page and the page does not increment.",
    "LastUpdatedDate": "2011-07-06T11:59:41.4-07:00",
    "PlannedForRelease": "",
    "ReleaseVisibleToPublic": false,
    "Priority": {
      "Name": "Low",
      "Severity": 50,
      "Id": 1
    },
    "ProjectName": "TicketDesk",
    "ReportedDate": "2011-07-01T10:15:03.287-07:00",
    "Status": {
      "Name": "Closed",
      "Id": 4
    },
    "ReasonClosed": {
      "Name": "Unassigned"
    },
    "Summary": "Paging option for users does not work.",
    "Type": {
      "Name": "Issue",
      "Id": 3
    },
    "VoteCount": 1,
    "Id": 21060
  },
  "FileAttachments": [],
  "Comments": [
    {
      "Message": "Deleted and Emptied Tables several times. I can send a user table if you need this many users to test with.",
      "PostedDate": "2011-07-01T12:53:35.457-07:00",
      "Id": 44248
    },
    {
      "Message": "Resolved with changeset 61831.",
      "PostedDate": "2011-07-06T11:56:32.61-07:00",
      "Id": 44249
    },
    {
      "Message": "Looks like the problem was simply that I hadn't forced the MvcContrib's pager to use the right URL pattern; the result was that the controller always showed page 1. In the original version, you can navigate successfully to other pages by manually using a different URL: instead of:\r\n\r\n    /UsersList?page=2 \r\n\r\nuse\r\n\r\n    /UsersList/2\r\n\r\n ",
      "PostedDate": "2011-07-06T11:59:41.4-07:00",
      "Id": 44250
    }
  ]
}