{
  "WorkItem": {
    "AffectedComponent": {
      "Name": "",
      "DisplayName": ""
    },
    "ClosedComment": "",
    "ClosedDate": "2010-09-17T00:21:32.447-07:00",
    "CommentCount": 6,
    "Custom": "",
    "Description": "While workflow can accomplish some things, it would be great if there were customizable escalations that could be added.  This would facilitate things like notifications to supervisors when a ticket in a certain category or status hadn't been updated, or was still open.  Often we need that so the ticket can be reprioritized, or reassigned.",
    "LastUpdatedDate": "2010-09-17T00:21:32.447-07:00",
    "PlannedForRelease": "null",
    "ReleaseVisibleToPublic": false,
    "Priority": {
      "Name": "Low",
      "Severity": 50,
      "Id": 1
    },
    "ProjectName": "TicketDesk",
    "ReportedDate": "2008-04-05T16:08:33.863-07:00",
    "Status": {
      "Name": "Closed",
      "Id": 4
    },
    "ReasonClosed": {
      "Name": "Unassigned"
    },
    "Summary": "Customizable Ticket Escalations",
    "Type": {
      "Name": "Feature",
      "Id": 1
    },
    "VoteCount": 5,
    "Id": 9897
  },
  "FileAttachments": [
    {
      "FileId": 278559,
      "FileName": "EscalationRequirements.txt",
      "DownloadUrl": ".\\278559"
    }
  ],
  "Comments": [
    {
      "Message": "I appreciate the idea, and it isn't an unpopular one. Most of the large help desk support tools go this route. In essence what you are talking about is still a customizable workflow system.\r\n\r\nThis will not be part of the TicketDesk application in the foreseeable future. It runs counter to the fundamental idea of ticketdesk's design which is to implement a simple fixed workflow that is user/action driven. \r\n\r\nThe beauty of the system is in the simplicity and (nearly) frictionless usage pattern. There is nothing simple about kicking tickets around through a customizable bureaucracy of escalations, approvals, reviewers, etc.\r\nBut if you look at almost every \"need\" for custom workflows, there is almost always a far simpler way to handle it. \r\n\r\nWhat you are more likely to see in TicketDesk going forward is a more comprehensive notification and RSS subscription system where you can get notifications pushed out with pretty much any kind of information you might need.. but WITHOUT interrupting the normal workflow of a ticket.\r\n\r\nIf the supervisor sees fit to re-prioritize or reassign work based on having been notified then he can do so... but such the change in status would be a user driven action, not an automated enforcement of some custom rule.\r\n\r\nIt is also probably that we'll see more bulk update features as well as the ability to edit some fields directly in the list views. ",
      "PostedDate": "2008-04-08T13:37:20.077-07:00",
      "Id": 44179
    },
    {
      "Message": "I respectfully disagree.  I don't believe escalations have to change the fixed status/workflow you've defined at all.   It can be as simple as a feature that automatically reassigns a ticket based on a set of conditions (sch as being open for X days, or the priority is high).  This is no different than the model you propose where a supervisor can go in and reassign it to himself if he wants.  The difference is that a manual model isn't sustainable when you start to get 100 tickets a day, an automated one is.   ",
      "PostedDate": "2008-04-09T05:53:37.763-07:00",
      "Id": 44180
    },
    {
      "Message": "Maybe we aren't disagreeing at all. I think we may just be thinking good ideas in different directions. \r\n\r\nOK, how about this. Can you document the proposed feature in more detail? Like a lot of detail? \r\n\r\nIn order to get a fair hearing on it we'd need a more detailed plan on how the feature might work... a mechanical description of how the admin UI might look, how the rules would be evaluates, what kinds of rules could easily be created, and what the system does when a rule does get triggered (who does it get assigned to, or does it go back to unassigned).\r\n\r\nI'll move this back to proposed, and see what you and others come up with towards this kind of functionality. If nothing else, it will help what level of interest and popularity the feature idea has. \r\n\r\nAlso, if you are interested in coding it that could help :)\r\n\r\n",
      "PostedDate": "2008-04-10T01:32:42.88-07:00",
      "Id": 44181
    },
    {
      "Message": "No problem.  I'll come up with a requirements document including administration.  I do have a team of developers that I can have code it but before I had them customize anything I wanted to make sure the features weren't duplicated, and preferably could be rolled back into the project since I'd like to see it maintained to make upgrading in the future easier.",
      "PostedDate": "2008-04-10T04:45:51.21-07:00",
      "Id": 44182
    },
    {
      "Message": "Here is a first stab at the requirements, and I can flush them out more if you think it needs more explaination.  I didn't include any prototypes for the UI of the admin, but as long as it follows the same general UI of the rest of the app, I think I gave enough detail that it shouldn't be hard to imagine what it would look like, or be hard to build.",
      "PostedDate": "2008-04-26T12:37:05.807-07:00",
      "Id": 44183
    },
    {
      "Message": "I think simplycity should not overtake the basic desired features as At my first glance I also missed an customizable workflow. In that manner it will be more complete and thus competent.",
      "PostedDate": "2008-05-06T09:56:47.81-07:00",
      "Id": 44184
    }
  ]
}