{
  "WorkItem": {
    "AffectedComponent": {
      "Name": "",
      "DisplayName": ""
    },
    "ClosedComment": "",
    "ClosedDate": "2009-04-16T10:40:13.133-07:00",
    "CommentCount": 1,
    "Custom": "",
    "Description": "Notification system e-mails all administrators in the system whenever a ticket is submitted. A preferred behaviour is to be able to specify a group of users notified.",
    "LastUpdatedDate": "2009-04-16T10:40:13.133-07:00",
    "PlannedForRelease": "",
    "ReleaseVisibleToPublic": false,
    "Priority": {
      "Name": "Low",
      "Severity": 50,
      "Id": 1
    },
    "ProjectName": "TicketDesk",
    "ReportedDate": "2009-04-14T10:54:29.403-07:00",
    "Status": {
      "Name": "Closed",
      "Id": 4
    },
    "ReasonClosed": {
      "Name": "Unassigned"
    },
    "Summary": "Feature: Changing notification behaviour to use group members instead",
    "Type": {
      "Name": "Issue",
      "Id": 3
    },
    "VoteCount": 1,
    "Id": 13006
  },
  "FileAttachments": [],
  "Comments": [
    {
      "Message": "The most recent source version has fixed this. \r\n\r\nCurrent behavior is to notify the help desk staff members. \r\n\r\nMore advanced functionality is already part of the existing design goals, some of which are specified in [workitem:9737]",
      "PostedDate": "2009-04-16T10:40:04.637-07:00",
      "Id": 44222
    }
  ]
}