{
  "WorkItem": {
    "AffectedComponent": {
      "Name": "",
      "DisplayName": ""
    },
    "ClosedComment": "",
    "ClosedDate": null,
    "CommentCount": 1,
    "Custom": null,
    "Description": "Hi, Email function is not working, when new ticket is created the email is not received",
    "LastUpdatedDate": "2015-11-18T06:45:44.19-08:00",
    "PlannedForRelease": "",
    "ReleaseVisibleToPublic": false,
    "Priority": {
      "Name": "Unassigned",
      "Severity": 0,
      "Id": 0
    },
    "ProjectName": "TicketDesk",
    "ReportedDate": "2015-11-18T04:15:19.9-08:00",
    "Status": {
      "Name": "Proposed",
      "Id": 1
    },
    "ReasonClosed": {
      "Name": "Unassigned"
    },
    "Summary": "Email not working",
    "Type": {
      "Name": "Unassigned",
      "Id": 5
    },
    "VoteCount": 1,
    "Id": 21440
  },
  "FileAttachments": [],
  "Comments": [
    {
      "Message": "What version of TicketDesk are you working with? If it's TD 2.5, you should know that the new ticket broadcast notification hasn't been implemented yet. See https://github.com/NullDesk/TicketDesk/issues/50",
      "PostedDate": "2015-11-18T06:45:44.19-08:00",
      "Id": 193815
    }
  ]
}