{
  "WorkItem": {
    "AffectedComponent": {
      "Name": "",
      "DisplayName": ""
    },
    "ClosedComment": "",
    "ClosedDate": "2013-07-18T20:54:37.447-07:00",
    "CommentCount": 4,
    "Custom": "no reproduce",
    "Description": "I am receiving an error when first starting the application.  There is a missing column, ParentBugID, on the Bugs table.  I haven't gotten past this error yet, so I cannot report if this is the only discrepancy.",
    "LastUpdatedDate": "2017-12-11T22:13:05.99-08:00",
    "PlannedForRelease": "TicketDesk MVC 2.0.1",
    "ReleaseVisibleToPublic": true,
    "Priority": {
      "Name": "Low",
      "Severity": 50,
      "Id": 1
    },
    "ProjectName": "TicketDesk",
    "ReportedDate": "2012-06-12T12:25:26.803-07:00",
    "Status": {
      "Name": "Closed",
      "Id": 4
    },
    "ReasonClosed": {
      "Name": "Fixed"
    },
    "Summary": "Model does not match included DB",
    "Type": {
      "Name": "Issue",
      "Id": 3
    },
    "VoteCount": 1,
    "Id": 21415
  },
  "FileAttachments": [],
  "Comments": [
    {
      "Message": "There is no bugs table in ticketdesk, nor does the code expect there to be one.",
      "PostedDate": "2012-06-12T13:40:18.957-07:00",
      "Id": 67832
    },
    {
      "Message": "Whoa!  Sorry, my bad!  I've got a list of issue-tracking projects up, and I posted this bug to the wrong project!  Sorry about that.",
      "PostedDate": "2012-06-13T05:30:32.423-07:00",
      "Id": 67869
    },
    {
      "Message": "No worries. Good that you are evaluating multiple options. ",
      "PostedDate": "2012-06-13T08:35:19.153-07:00",
      "Id": 67898
    },
    {
      "Message": "Not a ticketdesk issue.",
      "PostedDate": "2012-06-13T08:36:16.657-07:00",
      "Id": 67899
    }
  ]
}