[
  {
    "Id": 9734,
    "Title": "Custom Errors"
  },
  {
    "Id": 9735,
    "Title": "Notifications to original owner/assigned user when owner/assigned changes"
  },
  {
    "Id": 9736,
    "Title": "Subscribe to Email Notification feature"
  },
  {
    "Id": 9737,
    "Title": "Email Notificaitons - Notification Queue and Enhancements"
  },
  {
    "Id": 9738,
    "Title": "RSS Notification system"
  },
  {
    "Id": 9741,
    "Title": "Attachments - User supplied file name (auto rename on upload)"
  },
  {
    "Id": 9742,
    "Title": "Refactor Role Types into a Permission System"
  },
  {
    "Id": 9743,
    "Title": "Make Priority, ticket type, and categories configurable enumerations."
  },
  {
    "Id": 9744,
    "Title": "Implement a Rich Text Editor"
  },
  {
    "Id": 9745,
    "Title": "Refactor User Controls to encapsulate common functionality"
  },
  {
    "Id": 9746,
    "Title": "Attachments - Add multiple-attachments in a single batch"
  },
  {
    "Id": 9747,
    "Title": "Attachments - Users cannot supply comments when adding attachments"
  },
  {
    "Id": 9748,
    "Title": "Attachments - Need a description field for uploaded files"
  },
  {
    "Id": 9749,
    "Title": "Attachments - Upload attachments for new ticket creation"
  },
  {
    "Id": 9750,
    "Title": "Ticket Center - List tickets for specific owner"
  },
  {
    "Id": 9751,
    "Title": "User Managment - SQL Membership : Add change password and edit user details"
  },
  {
    "Id": 9752,
    "Title": "AD Security - Performance and Design Issues"
  },
  {
    "Id": 9753,
    "Title": "Users - Deal with deleted or changed AD users"
  },
  {
    "Id": 9754,
    "Title": "Users - Add support for Display Names for SQL Membership Users"
  },
  {
    "Id": 9755,
    "Title": "Implement or remove the Knowledge Base feature"
  },
  {
    "Id": 9774,
    "Title": "List Views - Owner and Assigned displays incorrectly"
  },
  {
    "Id": 9775,
    "Title": "Details & Comment Fields- Translation of HTML to plain text formatting broken."
  },
  {
    "Id": 9780,
    "Title": "Ticket Search - Add search filter for priority"
  },
  {
    "Id": 9781,
    "Title": "Ticket Display - Viewing a closed ticket throws unhandled exception"
  },
  {
    "Id": 9822,
    "Title": "Edit Details - Editor is not correctly decoding text"
  },
  {
    "Id": 9825,
    "Title": "Edit Users & Roles - Delete user feature is missing"
  },
  {
    "Id": 9843,
    "Title": "Printable lists and tickets"
  },
  {
    "Id": 9844,
    "Title": "Migrate more settings from web.config to settings admin tool"
  },
  {
    "Id": 9845,
    "Title": "First run startup web installer"
  },
  {
    "Id": 9847,
    "Title": "TicketDesk Dashboard & Widgets"
  },
  {
    "Id": 9848,
    "Title": "List View - Multi-column sort preferences"
  },
  {
    "Id": 9849,
    "Title": "List Views - Column Chooser"
  },
  {
    "Id": 9850,
    "Title": "Safari for windows: modal editors dialogs are not editable"
  },
  {
    "Id": 9851,
    "Title": "Modal Editors - Editors should clear previous data when submitted or canceled"
  },
  {
    "Id": 9876,
    "Title": "Tickets closed without being assigned still show in TicketCenter Unassigned view"
  },
  {
    "Id": 9897,
    "Title": "Customizable Ticket Escalations"
  },
  {
    "Id": 9898,
    "Title": "Web Services"
  },
  {
    "Id": 9899,
    "Title": "Email Ticket Submission"
  },
  {
    "Id": 9945,
    "Title": "Allow ticket contacts to not be system users"
  },
  {
    "Id": 9946,
    "Title": "Use display name for user lookup"
  },
  {
    "Id": 10732,
    "Title": "AD security Groups"
  },
  {
    "Id": 11108,
    "Title": "URL Encoded Tags"
  },
  {
    "Id": 11109,
    "Title": "Ticket Submitters can't download attachments"
  },
  {
    "Id": 11195,
    "Title": "Ticket Searching effectiveness is dependent on SQL collation setting"
  },
  {
    "Id": 12063,
    "Title": "AD Username/Password not necessary"
  },
  {
    "Id": 12075,
    "Title": "Comments for more info, resolved, and closed tickets - workflow needs improvement"
  },
  {
    "Id": 12076,
    "Title": "GetAdUserProperty method occasionally throwing exception when caching results"
  },
  {
    "Id": 12081,
    "Title": "Ticket View - Links in ticket details pointing to ticket center lists using old URL patterns"
  },
  {
    "Id": 12112,
    "Title": "Ticket Center - Unassigned Tickets showing closed tickets"
  },
  {
    "Id": 12122,
    "Title": "Optional - prevent ticket submitters from viewing other user's tickets"
  },
  {
    "Id": 12435,
    "Title": "Redesign UI for Ticket Viewer/Editor"
  },
  {
    "Id": 12596,
    "Title": "Time Tracking"
  },
  {
    "Id": 12640,
    "Title": "Ticket query links"
  },
  {
    "Id": 12666,
    "Title": "Session Timeout - Forms in Ticketdesk prone to session timeout"
  },
  {
    "Id": 12690,
    "Title": "Problem accessing the Admin pages"
  },
  {
    "Id": 12704,
    "Title": "Ticket search"
  },
  {
    "Id": 12706,
    "Title": "Ticket Search - Modify to use profile's List View Settings collection"
  },
  {
    "Id": 12758,
    "Title": "Error with keepalive in latest builds"
  },
  {
    "Id": 12774,
    "Title": "Support International Date Formats"
  },
  {
    "Id": 12844,
    "Title": "mobil device can not submit"
  },
  {
    "Id": 13003,
    "Title": "Conflict between Owner Drop-down list and edit text area"
  },
  {
    "Id": 13004,
    "Title": "Feature: Grouping of tickets, preferably hierarchichal"
  },
  {
    "Id": 13006,
    "Title": "Feature: Changing notification behaviour to use group members instead"
  },
  {
    "Id": 13124,
    "Title": "Select Activity options hidden / unavailable"
  },
  {
    "Id": 13125,
    "Title": "404 Error on adding attachment"
  },
  {
    "Id": 13170,
    "Title": "Localization"
  },
  {
    "Id": 13237,
    "Title": "Error uploading .docx, .xlsx, or .pptx files"
  },
  {
    "Id": 13372,
    "Title": "Add search by TicketID to search page"
  },
  {
    "Id": 13417,
    "Title": "Invalid email in TBL TicketEventNotifications."
  },
  {
    "Id": 14181,
    "Title": "System.NullReferenceException. Email problem"
  },
  {
    "Id": 14643,
    "Title": "ListViewName null when clicking back to unassigned or all tickets view"
  },
  {
    "Id": 16643,
    "Title": "AD Problem & Access level Application"
  },
  {
    "Id": 17461,
    "Title": "Has anyone gotten this error?"
  },
  {
    "Id": 17537,
    "Title": "Could not find stored procedure 'dbo.aspnet_CheckSchemaVersion'"
  },
  {
    "Id": 17728,
    "Title": "Error when adding a attachment and delete another one in a ticket at the same time"
  },
  {
    "Id": 18253,
    "Title": "After logging out the next login will take the user to the last page not the home page."
  },
  {
    "Id": 20348,
    "Title": "Minor typo on line 68 ITicketService.cs - ticket missing 't'"
  },
  {
    "Id": 21047,
    "Title": "using Html.Action() with MefControllerFactory"
  },
  {
    "Id": 21048,
    "Title": "using Html.Action() with MefControllerFactory"
  },
  {
    "Id": 21060,
    "Title": "Paging option for users does not work."
  },
  {
    "Id": 21412,
    "Title": "Newest version. Still seeing email sending issues"
  },
  {
    "Id": 21413,
    "Title": "Error While Executing the Application"
  },
  {
    "Id": 21414,
    "Title": "Web.config settings for smtp.gmail.com"
  },
  {
    "Id": 21415,
    "Title": "Model does not match included DB"
  },
  {
    "Id": 21416,
    "Title": "Access to repository sourcecode"
  },
  {
    "Id": 21417,
    "Title": "MEf creation of  new controllers"
  },
  {
    "Id": 21418,
    "Title": "DAAB: UpdateDataSet method error while Insert"
  },
  {
    "Id": 21419,
    "Title": "Subscribers and User Names"
  },
  {
    "Id": 21420,
    "Title": "Submitters default view in Ticket Center"
  },
  {
    "Id": 21421,
    "Title": "admin login not working on TicketDesk MVC 2.1.1"
  },
  {
    "Id": 21422,
    "Title": "Email Issue"
  },
  {
    "Id": 21423,
    "Title": "Save change email user"
  },
  {
    "Id": 21424,
    "Title": "Option in the UI to enable the ability to locked account"
  },
  {
    "Id": 21425,
    "Title": "UserName used in tables instead of UserID"
  },
  {
    "Id": 21427,
    "Title": "403 error when going to the error logs page"
  },
  {
    "Id": 21428,
    "Title": "lock object issue"
  },
  {
    "Id": 21429,
    "Title": "Cannot assign ticket"
  },
  {
    "Id": 21430,
    "Title": "email urls incorrect in virtual directory deployments"
  },
  {
    "Id": 21431,
    "Title": "Possible Fix"
  },
  {
    "Id": 21432,
    "Title": "Hyperlinks to file paths in comments"
  },
  {
    "Id": 21433,
    "Title": "***"
  },
  {
    "Id": 21434,
    "Title": "Register Create a new account error"
  },
  {
    "Id": 21435,
    "Title": "Footer not aligned at the bottom"
  },
  {
    "Id": 21436,
    "Title": "Crashing on NotificationContext.SaveChanges();"
  },
  {
    "Id": 21437,
    "Title": "Email Notification"
  },
  {
    "Id": 21438,
    "Title": "Setting Hidden (How to show)"
  },
  {
    "Id": 21439,
    "Title": " Not getting any Email Notification"
  },
  {
    "Id": 21440,
    "Title": "Email not working"
  },
  {
    "Id": 21441,
    "Title": "How To"
  }
]