{
  "WorkItem": {
    "AffectedComponent": {
      "Name": "",
      "DisplayName": ""
    },
    "ClosedComment": "",
    "ClosedDate": "2014-08-18T07:05:10.257-07:00",
    "CommentCount": 4,
    "Custom": null,
    "Description": "I know this is a pretty minuscule issue, but in the interest of helping you get any kinks worked out:\r\n\r\nWhen you go to the settings for the TicketDesk application, the value and default value are both set to \"2.0.0\".  This works perfectly fine, however, if like me you want to set it to a version number less than the default (as an internal version) it doesn't work so well.  Setting this value to, for example \"1.0.0\" will work fine until you log off.  Once you log off the value gets set to NULL and when restarting the application you will get a stack overflow exception in the TicketDeskEntities auto-generated code.\r\n\r\nI have thwarted this particular issue by simply not changing the version number, but it would be cool if i could :)\r\n\r\nThanks again for all the great work on this project! ",
    "LastUpdatedDate": "2017-12-11T22:13:05.99-08:00",
    "PlannedForRelease": "TicketDesk MVC 2.1.2",
    "ReleaseVisibleToPublic": true,
    "Priority": {
      "Name": "Low",
      "Severity": 50,
      "Id": 1
    },
    "ProjectName": "TicketDesk",
    "ReportedDate": "2014-01-29T10:29:05.457-08:00",
    "Status": {
      "Name": "Closed",
      "Id": 4
    },
    "ReasonClosed": {
      "Name": "Fixed"
    },
    "Summary": "Possible Fix",
    "Type": {
      "Name": "Issue",
      "Id": 3
    },
    "VoteCount": 1,
    "Id": 21431
  },
  "FileAttachments": [],
  "Comments": [
    {
      "Message": "Unfortunately, it is unpredictable as to when it will happen.  I tried it again and it didn't do it.  You may want to add code to compensate for NULL values for the settings.",
      "PostedDate": "2014-01-29T10:32:45.667-08:00",
      "Id": 132037
    },
    {
      "Message": "The version number is designed to work in conjunction with the DatabaseSchemaManagerRepository to perform automatic database updates whenever a new version is released. This way I could publish new versions with small schema changes to codeplex, and rely on the system to upgrade the databases of anyone that downloaded the new version. \n\nCurrently, if the setting is exactly 2.0.0, then it will run a simple little upgrade script, then reset the version setting value to 2.0.2. If the setting is not 2.0.0, then it should do nothing at all; but will likely reset that setting value itself to null.\n\nI'll be honest, I did not write the most defensive code for this part of the system. I never intended users to change that setting themselves. This is also a part of the system that has seen much less usage than it did in the past (version 1.x). I will review the behavior, and harden it so that it doesn't blow up if the value for this setting is an unexpected one. \n\nIf you are customizing the schema and want to keep the auto-upgrade mechanism intact, then just add your new schema version to the DatabaseSchemaManagerRepository and include the code (or load and run sql scripts) that will take the 2.0.2 schema and upgrade it to match your new schema. If you don't care about preserving this functionality, just comment out the stuff in the DatabaseSchemaManagerRepository and have it do nothing.   ",
      "PostedDate": "2014-01-29T12:54:32.673-08:00",
      "Id": 132050
    },
    {
      "Message": "Thanks for explaining that to me.  I will update accordingly.\n\nRegardless, it's a pretty minor issue (though I was scratching my head for a bit trying to figure out what was causing the auto-generated code to go into an infinite loop lol).  I'm sure TD3 is going to benefit from the discovery of any issues.  Can't wait to give it a try and doing a little researching on ASP.NET Identity.\n\nI can't tell you how much your responses have helped me.  Thanks.",
      "PostedDate": "2014-01-30T08:28:27.733-08:00",
      "Id": 132123
    },
    {
      "Message": "Thanks for reporting the issue :)  TD3 will be using EF migrations for schema management, so there will be all new version management issues I'm sure, but fortunately I will not have to hand-roll a complete schema update system like I did with TD1 and TD2.",
      "PostedDate": "2014-01-30T12:43:08.983-08:00",
      "Id": 132157
    }
  ]
}