{
  "WorkItem": {
    "AffectedComponent": {
      "Name": "",
      "DisplayName": ""
    },
    "ClosedComment": "",
    "ClosedDate": "2008-08-20T01:23:36.807-07:00",
    "CommentCount": 1,
    "Custom": "",
    "Description": "The TicketCenter needs to include a list view for tickets filtered by status and owner.\n\nFuncationally this is nearly identical to the Assigned Tickets list view, but with Owner instead.\n\nThis list would also allow a hyperlink for the Owner field in the ticket display view (again, similar to the assigned field's link).",
    "LastUpdatedDate": "2008-08-20T01:23:36.807-07:00",
    "PlannedForRelease": "TicketDesk 1.2.2",
    "ReleaseVisibleToPublic": true,
    "Priority": {
      "Name": "Medium",
      "Severity": 100,
      "Id": 2
    },
    "ProjectName": "TicketDesk",
    "ReportedDate": "2008-03-21T19:23:32.267-07:00",
    "Status": {
      "Name": "Closed",
      "Id": 4
    },
    "ReasonClosed": {
      "Name": "Unassigned"
    },
    "Summary": "Ticket Center - List tickets for specific owner",
    "Type": {
      "Name": "Feature",
      "Id": 1
    },
    "VoteCount": 2,
    "Id": 9750
  },
  "FileAttachments": [],
  "Comments": [
    {
      "Message": "Obsolete with new TicketCenter",
      "PostedDate": "2008-08-20T01:22:52.383-07:00",
      "Id": 44164
    }
  ]
}