{
  "WorkItem": {
    "AffectedComponent": {
      "Name": "",
      "DisplayName": ""
    },
    "ClosedComment": "",
    "ClosedDate": "2010-09-17T00:21:32.447-07:00",
    "CommentCount": 0,
    "Custom": "",
    "Description": "The package is working perfectly fine  on my local machine,\nI then generated scripts locally and ran them on online \"shared\" server, \nall scripts ran successfully online also,\n\nMY database owner is not \"dbo\", \nWhen i got this error i changed all occurebnces of \"dbo.\" to \"myDBowner\" the uploaded files again,\nBut i am getting the same error,\nAttached is the print screen of the error messages,\n\nPlease suggest.\n\nPrashant",
    "LastUpdatedDate": "2010-09-17T00:21:32.447-07:00",
    "PlannedForRelease": "",
    "ReleaseVisibleToPublic": false,
    "Priority": {
      "Name": "Low",
      "Severity": 50,
      "Id": 1
    },
    "ProjectName": "TicketDesk",
    "ReportedDate": "2010-05-04T07:55:01.68-07:00",
    "Status": {
      "Name": "Closed",
      "Id": 4
    },
    "ReasonClosed": {
      "Name": "Unassigned"
    },
    "Summary": "Could not find stored procedure 'dbo.aspnet_CheckSchemaVersion'",
    "Type": {
      "Name": "Issue",
      "Id": 3
    },
    "VoteCount": 1,
    "Id": 17537
  },
  "FileAttachments": [
    {
      "FileId": 278565,
      "FileName": "Errorpage.png",
      "DownloadUrl": ".\\278565"
    }
  ],
  "Comments": []
}