{
  "WorkItem": {
    "AffectedComponent": {
      "Name": "",
      "DisplayName": ""
    },
    "ClosedComment": "",
    "ClosedDate": "2009-01-22T06:14:18.373-08:00",
    "CommentCount": 1,
    "Custom": "",
    "Description": "The UI for the ticket editor/viewer performs poorly with the new FCKEditors. This is mostly because of the reliance on modal pop-ups and a generally poor overall design.\n\nNeed a new ticket viewer that:\n\n1) reduces the number of instances of FCK Edit\n2) streamlines workflow\n3) accounts for concurrent edits that may change status of a ticket while another user is performing activity that isn't valid anymore\n4) reduces or eliminates the use of popup editors (these have performance and compatibility issues with the current usage pattern)\n5) provides postback progress indicator",
    "LastUpdatedDate": "2009-01-22T06:14:18.373-08:00",
    "PlannedForRelease": "TicketDesk 1.2.2",
    "ReleaseVisibleToPublic": true,
    "Priority": {
      "Name": "High",
      "Severity": 150,
      "Id": 3
    },
    "ProjectName": "TicketDesk",
    "ReportedDate": "2009-01-22T05:47:36.91-08:00",
    "Status": {
      "Name": "Closed",
      "Id": 4
    },
    "ReasonClosed": {
      "Name": "Unassigned"
    },
    "Summary": "Redesign UI for Ticket Viewer/Editor",
    "Type": {
      "Name": "Task",
      "Id": 2
    },
    "VoteCount": 0,
    "Id": 12435
  },
  "FileAttachments": [],
  "Comments": [
    {
      "Message": "Resolved with changeset 30510.",
      "PostedDate": "2009-01-22T06:14:18.373-08:00",
      "Id": 44207
    }
  ]
}