{
  "WorkItem": {
    "AffectedComponent": {
      "Name": "",
      "DisplayName": ""
    },
    "ClosedComment": "",
    "ClosedDate": "2008-03-25T22:12:09.75-07:00",
    "CommentCount": 1,
    "Custom": "",
    "Description": "The edit-deatils control for Tickets is not correctly formatting the text for editing. Behavior also allows entry of HTML content in both details and comments.\n\nWhen editing a ticket the textbox is displaying <br /> tags rather than converting them to line breaks \"\\n\". \nThis behavior seems inconsistant as well. When opening the editor for a new ticket, it will include the <br /> tags and will also have line breaks both. If you edit the text it will keep the </br> tags and also convert the \"\\n\" tags.\n\nThe plain text editor should behave as follows:\n- Text stored in the database should NOT contain HTML. It should HTML encode any HTML from the textboxes.\n- When opening the Details editor, the editor should NOT convert to HTML in the same way as the display contol does (it should not change \\n to <br />).\n- Comments and Details also allow user to format via HTML due to the incorrect encoding behavior.",
    "LastUpdatedDate": "2008-03-25T22:12:09.75-07:00",
    "PlannedForRelease": "TicketDesk 1.1",
    "ReleaseVisibleToPublic": true,
    "Priority": {
      "Name": "High",
      "Severity": 150,
      "Id": 3
    },
    "ProjectName": "TicketDesk",
    "ReportedDate": "2008-03-25T21:48:38.11-07:00",
    "Status": {
      "Name": "Closed",
      "Id": 4
    },
    "ReasonClosed": {
      "Name": "Unassigned"
    },
    "Summary": "Details & Comment Fields- Translation of HTML to plain text formatting broken.",
    "Type": {
      "Name": "Issue",
      "Id": 3
    },
    "VoteCount": 0,
    "Id": 9775
  },
  "FileAttachments": [],
  "Comments": [
    {
      "Message": "Resolved with changeset 17106.",
      "PostedDate": "2008-03-25T22:12:09.75-07:00",
      "Id": 44169
    }
  ]
}