{
  "WorkItem": {
    "AffectedComponent": {
      "Name": "",
      "DisplayName": ""
    },
    "ClosedComment": "",
    "ClosedDate": "2013-07-18T20:55:36.507-07:00",
    "CommentCount": 1,
    "Custom": null,
    "Description": "when i try to go to the error logs as an admin (http://helpdesk.micromatters.co.uk/Admin/Elmah.axd), i get a \"403 - Forbidden: Access is denied\" message.\r\n\r\nany ideas?\r\n\r\njohn rees",
    "LastUpdatedDate": "2017-12-11T22:13:05.99-08:00",
    "PlannedForRelease": "",
    "ReleaseVisibleToPublic": false,
    "Priority": {
      "Name": "Low",
      "Severity": 50,
      "Id": 1
    },
    "ProjectName": "TicketDesk",
    "ReportedDate": "2013-05-23T07:52:37.257-07:00",
    "Status": {
      "Name": "Closed",
      "Id": 4
    },
    "ReasonClosed": {
      "Name": "Fixed"
    },
    "Summary": "403 error when going to the error logs page",
    "Type": {
      "Name": "Issue",
      "Id": 3
    },
    "VoteCount": 1,
    "Id": 21427
  },
  "FileAttachments": [],
  "Comments": [
    {
      "Message": "Remote access is disabled by default with ELMAH (you can only see the logs when connecting from a browser on the webserver). \n\nTo enable remote viewing, in web.config locate the elmah section, and change the security element's allowRemoteAccess value to true.",
      "PostedDate": "2013-05-23T12:14:22.62-07:00",
      "Id": 101035
    }
  ]
}