{
  "WorkItem": {
    "AffectedComponent": {
      "Name": "",
      "DisplayName": ""
    },
    "ClosedComment": "",
    "ClosedDate": "2010-09-17T00:21:32.447-07:00",
    "CommentCount": 3,
    "Custom": "",
    "Description": "Many of our users submit tickets via email, so having an interface that would automatically create a ticket from an email sent to a address monitored by the system would be very useful.",
    "LastUpdatedDate": "2010-09-17T00:21:32.447-07:00",
    "PlannedForRelease": "",
    "ReleaseVisibleToPublic": false,
    "Priority": {
      "Name": "Low",
      "Severity": 50,
      "Id": 1
    },
    "ProjectName": "TicketDesk",
    "ReportedDate": "2008-04-05T16:28:55.66-07:00",
    "Status": {
      "Name": "Closed",
      "Id": 4
    },
    "ReasonClosed": {
      "Name": "Unassigned"
    },
    "Summary": "Email Ticket Submission",
    "Type": {
      "Name": "Issue",
      "Id": 3
    },
    "VoteCount": 10,
    "Id": 9899
  },
  "FileAttachments": [],
  "Comments": [
    {
      "Message": "I'm not opposed to the idea, but there are a number of problems that made me decide not to do this kind of feature early, if it is ever gets done. \r\n\r\nAmong the biggest problems are:\r\n\r\n- Email has to be delivered somewhere. The problem is that for each mail system you have a different somewhere, and there are a lot of different ways to get there (pop3, IMAP, direct file access, etc). \r\n\r\n- Email is unstructured, so you have a whole mess of parsing problems to address just to be able to make enough sense out of an incoming email in order to create a ticket from it... and no matter what you do emailed tickets are likely to have an even lower quality than is typical of user submitted tickets.\r\n\r\n- Email has a variety of formatting including HTML, Rich Text, and plain text. This further complicates parsing and interpreting emails.\r\n\r\n- Spam is bad enough in email, it's far worse when it is mucking up your issue tracker too.\r\n\r\n\r\nWe're writing a web application, but I don't want to be in the business of writing an email client. Whole legions of people smarter than me have already tread this path, and the result was the chaotic wasteland of spam and security threats that is today's email system.\r\n\r\nYou can break your users of the email habit quickly enough by just sending them a reply email asking them to visit your ticketdesk and submit the issue there. Most uses will see that emails don't get results, or get a much slower result while Tickets gets handled smoothly and quickly... self-interest will take over and they'll quickly adopt web submissions. \r\n\r\nAlso remember that Email doesn't give immediate feedback like a ticket does... they send the email and have to \"hope\" it gets there and that someone cares. They also can't check up on the status from an email submission like they could if they had made a ticket. Sending in a ticket gives them immediate feedback and a place to go to see the progress. Users will like it once you make them try it.\r\n\r\nI guess what I'm saying is... email functionality may not be worth the difficulty in implementing it. In general it is better to just let the user's own psychology handle this problem. \r\n\r\nHowever, having Web service support in the application could be useful to those shops that might want to custom implement their own email to Ticket integration. \r\n\r\nIt is far easier for a shop to custom implement their own since they can control their own mail system and can code very narrowly to just support the features they need. If we tried to do an email integration feature for everyone directly in TicketDesk though, it gets much more complex. \r\n\r\nI'd rather start with providing the API and web services first. Then much later, if there is enough interest, we could provide email features.",
      "PostedDate": "2008-04-08T13:25:42.827-07:00",
      "Id": 44186
    },
    {
      "Message": "I think this is another feature where it doesn't have to be complicated.  All you really need is a simple POP3 interface to read an email, use the email address as the contact/user, the subject as the title, and the body as the details, and default all the other fields.  While web services or some other API would let someone build this, it would seem to be a useful feature out of the box instead of 100 different implementations of it.   \r\n\r\nBreaking users of habits isn't trivial (and in some cases impossible), and in this case where you want to provide the easiest access to uses to report problems possibly counterintuitive.  We have found that giving users an email interface makes it much easier for us to manage our limited resources.  Users will email the problem and wait for a call back instead of calling us and we have to immediately prioritize their problem because they are on the phone instead of basing service on the severity of the problem.   Web interfaces can do that also, but we don't' want to force users to have accounts in the tracking system and then have to log in, they don't understand all the fields that they are usually presented, and we often just get calls on how to use the web interface.  At least for large help desks I have supported, email is the common denominator that allows users to report problems quickly.",
      "PostedDate": "2008-04-09T06:02:04.577-07:00",
      "Id": 44187
    },
    {
      "Message": "I agree. The feature isn't hopeless or anything... just something that needs a lot more design work before we could consider it for implementation. If we did an email integration out of the box, it would have to be rather simplistic in nature to be workable with a small dev team. \r\n\r\nBut TicketDesk just isn't quite ready for an email feature yet. I'll leave this work item as a proposed feature for further comment and discussion. When we get  a more formal API in place that could better support an email interface we'll see about some workable designs.",
      "PostedDate": "2008-04-10T01:41:03.707-07:00",
      "Id": 44188
    }
  ]
}