{
  "WorkItem": {
    "AffectedComponent": {
      "Name": "",
      "DisplayName": ""
    },
    "ClosedComment": "",
    "ClosedDate": "2009-01-22T05:43:48.21-08:00",
    "CommentCount": 1,
    "Custom": "",
    "Description": "The modal pop-up editors for the Ticket View do not clear their contents after being submitted or canceled. While this doesn't cause much of a problem, in a few cases it can lead to unexpected text when re-visiting an editor without completely refreshing the page first.",
    "LastUpdatedDate": "2009-01-22T05:43:48.21-08:00",
    "PlannedForRelease": "TicketDesk 1.2.2",
    "ReleaseVisibleToPublic": true,
    "Priority": {
      "Name": "Low",
      "Severity": 50,
      "Id": 1
    },
    "ProjectName": "TicketDesk",
    "ReportedDate": "2008-04-01T08:22:41.83-07:00",
    "Status": {
      "Name": "Closed",
      "Id": 4
    },
    "ReasonClosed": {
      "Name": "Unassigned"
    },
    "Summary": "Modal Editors - Editors should clear previous data when submitted or canceled",
    "Type": {
      "Name": "Issue",
      "Id": 3
    },
    "VoteCount": 1,
    "Id": 9851
  },
  "FileAttachments": [],
  "Comments": [
    {
      "Message": "Obsolete",
      "PostedDate": "2009-01-22T05:43:48.21-08:00",
      "Id": 44177
    }
  ]
}