{
  "WorkItem": {
    "AffectedComponent": {
      "Name": "",
      "DisplayName": ""
    },
    "ClosedComment": "",
    "ClosedDate": "2010-09-17T00:21:32.447-07:00",
    "CommentCount": 1,
    "Custom": "",
    "Description": "Reproduction Steps:\n1. Login with toastman\n2. Create a new Ticket\n3. On the tickets screen logout\n4. Login with admin\n5. Note that the admin logs straight into the ticket not the unassiged tickets page.",
    "LastUpdatedDate": "2010-09-17T00:21:32.447-07:00",
    "PlannedForRelease": "",
    "ReleaseVisibleToPublic": false,
    "Priority": {
      "Name": "Low",
      "Severity": 50,
      "Id": 1
    },
    "ProjectName": "TicketDesk",
    "ReportedDate": "2010-07-19T13:08:07.813-07:00",
    "Status": {
      "Name": "Closed",
      "Id": 4
    },
    "ReasonClosed": {
      "Name": "Unassigned"
    },
    "Summary": "After logging out the next login will take the user to the last page not the home page.",
    "Type": {
      "Name": "Issue",
      "Id": 3
    },
    "VoteCount": 1,
    "Id": 18253
  },
  "FileAttachments": [],
  "Comments": [
    {
      "Message": "Submitted patch 6361 to resolve",
      "PostedDate": "2010-07-19T13:11:30.623-07:00",
      "Id": 44243
    }
  ]
}