{
  "WorkItem": {
    "AffectedComponent": {
      "Name": "",
      "DisplayName": ""
    },
    "ClosedComment": "",
    "ClosedDate": "2009-02-04T21:45:31.697-08:00",
    "CommentCount": 2,
    "Custom": "",
    "Description": "When you submit a ticket on behalf of another user, the search/select list should have the users display name not login id since it is hard to determine the user in some cases depending on format used for AD accounts.",
    "LastUpdatedDate": "2009-02-04T21:45:31.697-08:00",
    "PlannedForRelease": "TicketDesk 1.2.2",
    "ReleaseVisibleToPublic": true,
    "Priority": {
      "Name": "Low",
      "Severity": 50,
      "Id": 1
    },
    "ProjectName": "TicketDesk",
    "ReportedDate": "2008-04-09T06:09:01.043-07:00",
    "Status": {
      "Name": "Closed",
      "Id": 4
    },
    "ReasonClosed": {
      "Name": "Unassigned"
    },
    "Summary": "Use display name for user lookup",
    "Type": {
      "Name": "Issue",
      "Id": 3
    },
    "VoteCount": 1,
    "Id": 9946
  },
  "FileAttachments": [],
  "Comments": [
    {
      "Message": "If you are using AD then it should be showing the display name in that drop down list. If it cannot find the display name in AD, then it will show the user name (SAM account name) instead. There are a couple of possible reasons that could fail though. If the AD user account in web.config doesn't have access to the display name or if display name isn't populated then it would fall back on just showing the user name.\r\n\r\nCan you tell me a little more about how you configured TicketDesk in your environment and double check to be sure display name is populated for your AD users?",
      "PostedDate": "2008-04-10T01:48:29.537-07:00",
      "Id": 44189
    },
    {
      "Message": "I wasn't using AD, just the SQL authentication that was out of the box, so I assumed (incorrectly) that the AD integration would work the same way.  \r\n\r\nWe haven't deployed TicketDesk yet since it doesn't meet all our needs but it is a good start for us so we will end up customizing it to add the features we need.  Most of them I've put in as issues here since I would much rather have them in the base release, and maintained.  That makes it much easier to upgrade when you have new versions.",
      "PostedDate": "2008-04-10T04:43:02.41-07:00",
      "Id": 44190
    }
  ]
}