{
  "WorkItem": {
    "AffectedComponent": {
      "Name": "",
      "DisplayName": ""
    },
    "ClosedComment": "",
    "ClosedDate": "2009-07-19T22:30:12.65-07:00",
    "CommentCount": 3,
    "Custom": "",
    "Description": "Any time I try to upload an attachment to Ticketdesk with an extension of .docx, .xlsx, or .pptx I recieve an error.  This issue occurs whether the file being uploaded is truly an XML based Office doc...  \n\nFor example, I've renamed a simple 1KB text file, test.txt to test.docx, and the file will fail to upload.  Conversely I've renamed a true docx (which had caused an error on uploading) to .zip and the file will then upload successfully.  Since the error is consistent for every Office XML file extension based file, and renaming them works in every instance, I'm fairly certian that the issue follows the extension (MIME type?).\n\nI've been able to reproduce the issue in both Internet Explorer 7, 8, and Firefox 3.0.10\n\nHere is the error as reported in ELMAH:\n\nSystem.Data.SqlClient.SqlException: String or binary data would be truncated. The statement has been terminated.\n\nSystem.Web.HttpUnhandledException: Exception of type 'System.Web.HttpUnhandledException' was thrown. ---> System.Data.SqlClient.SqlException: String or binary data would be truncated.\nThe statement has been terminated.\n   at System.Data.Linq.ChangeDirector.StandardChangeDirector.Insert(TrackedObject item)\n   at System.Data.Linq.ChangeProcessor.SubmitChanges(ConflictMode failureMode)\n   at System.Data.Linq.DataContext.SubmitChanges(ConflictMode failureMode)\n   at System.Data.Linq.DataContext.SubmitChanges()\n   at TicketDesk.ViewTicket.TicketChanged(TicketComment eventComment) in C:\\Users\\JoePochedley\\Downloads\\TicketDesk-31686\\TicketDesk\\TicketDesk\\ViewTicket.aspx.cs:line 53\n   at TicketDesk.TicketViewer.DisplayTicket.TicketPropertyChanged(TicketComment eventComment) in C:\\Users\\JoePochedley\\Downloads\\TicketDesk-31686\\TicketDesk\\TicketDesk\\TicketViewer\\DisplayTicket.ascx.cs:line 181\n   at TicketDesk.TicketViewer.DisplayTicket.TicketActivityEditorControl_TicketActivityCompleted(TicketComment eventComment) in C:\\Users\\JoePochedley\\Downloads\\TicketDesk-31686\\TicketDesk\\TicketDesk\\TicketViewer\\DisplayTicket.ascx.cs:line 232\n   at TicketDesk.TicketViewer.TicketActivityEditor.ActivityComplete(TicketComment comment) in C:\\Users\\JoePochedley\\Downloads\\TicketDesk-31686\\TicketDesk\\TicketDesk\\TicketViewer\\TicketActivityEditor.ascx.cs:line 37\n   at TicketDesk.TicketViewer.TicketActivityEditor.CommitButton_Click(Object sender, EventArgs e) in C:\\Users\\JoePochedley\\Downloads\\TicketDesk-31686\\TicketDesk\\TicketDesk\\TicketViewer\\TicketActivityEditor.ascx.cs:line 260\n   at System.Web.UI.WebControls.Button.OnClick(EventArgs e)\n   at System.Web.UI.WebControls.Button.RaisePostBackEvent(String eventArgument)\n   at System.Web.UI.WebControls.Button.System.Web.UI.IPostBackEventHandler.RaisePostBackEvent(String eventArgument)\n   at System.Web.UI.Page.RaisePostBackEvent(IPostBackEventHandler sourceControl, String eventArgument)\n   at System.Web.UI.Page.RaisePostBackEvent(NameValueCollection postData)\n   at System.Web.UI.Page.ProcessRequestMain(Boolean includeStagesBeforeAsyncPoint, Boolean includeStagesAfterAsyncPoint)\n   --- End of inner exception stack trace ---\n   at System.Web.UI.Page.HandleError(Exception e)\n   at System.Web.UI.Page.ProcessRequestMain(Boolean includeStagesBeforeAsyncPoint, Boolean includeStagesAfterAsyncPoint)\n   at System.Web.UI.Page.ProcessRequest(Boolean includeStagesBeforeAsyncPoint, Boolean includeStagesAfterAsyncPoint)\n   at System.Web.UI.Page.ProcessRequest()\n   at System.Web.UI.Page.ProcessRequestWithNoAssert(HttpContext context)\n   at System.Web.UI.Page.ProcessRequest(HttpContext context)\n   at ASP.viewticket_aspx.ProcessRequest(HttpContext context) in c:\\Windows\\Microsoft.NET\\Framework\\v2.0.50727\\Temporary ASP.NET Files\\ticketdesk\\f5929df5\\f223d713\\App_Web_yvdlpm6o.1.cs:line 0\n   at System.Web.HttpApplication.CallHandlerExecutionStep.System.Web.HttpApplication.IExecutionStep.Execute()\n   at System.Web.HttpApplication.ExecuteStep(IExecutionStep step, Boolean& completedSynchronously)",
    "LastUpdatedDate": "2009-07-19T22:30:12.65-07:00",
    "PlannedForRelease": "",
    "ReleaseVisibleToPublic": false,
    "Priority": {
      "Name": "Low",
      "Severity": 50,
      "Id": 1
    },
    "ProjectName": "TicketDesk",
    "ReportedDate": "2009-05-14T08:57:43.243-07:00",
    "Status": {
      "Name": "Closed",
      "Id": 4
    },
    "ReasonClosed": {
      "Name": "Unassigned"
    },
    "Summary": "Error uploading .docx, .xlsx, or .pptx files",
    "Type": {
      "Name": "Issue",
      "Id": 3
    },
    "VoteCount": 2,
    "Id": 13237
  },
  "FileAttachments": [],
  "Comments": [
    {
      "Message": "This is how to resolve the issue:\r\n\r\nIn the database, there is a table dbo.TicketAttachments.\r\nIn the table is a column FileType which stores the MIME type of the attachment\r\nThe FileTupe column is nvchar(50) by default.   \r\nThe MIME type for the new office documents > 50 characters, hence it doesn't fit in the field and causes the error.\r\n\r\nIncreasing the size of this field resolved the problem.  \r\n\r\nHere are the MIME types for the new office docs, FWIW:\r\n\r\n.application/vnd.ms-word.document.macroEnabled.12\r\n.docx,application/vnd.openxmlformats-officedocument.wordprocessingml.document\r\n.dotm,application/vnd.ms-word.template.macroEnabled.12\r\n.dotx,application/vnd.openxmlformats-officedocument.wordprocessingml.template\r\n.potm,application/vnd.ms-powerpoint.template.macroEnabled.12\r\n.potx,application/vnd.openxmlformats-officedocument.presentationml.template\r\n.ppam,application/vnd.ms-powerpoint.addin.macroEnabled.12\r\n.ppsm,application/vnd.ms-powerpoint.slideshow.macroEnabled.12\r\n.ppsx,application/vnd.openxmlformats-officedocument.presentationml.slideshow\r\n.pptm,application/vnd.ms-powerpoint.presentation.macroEnabled.12\r\n.pptx,application/vnd.openxmlformats-officedocument.presentationml.presentation\r\n.xlam,application/vnd.ms-excel.addin.macroEnabled.12\r\n.xlsb,application/vnd.ms-excel.sheet.binary.macroEnabled.12\r\n.xlsm,application/vnd.ms-excel.sheet.macroEnabled.12\r\n.xlsx,application/vnd.openxmlformats-officedocument.spreadsheetml.sheet\r\n.xltm,application/vnd.ms-excel.template.macroEnabled.12\r\n.xltx,application/vnd.openxmlformats-officedocument.spreadsheetml.template",
      "PostedDate": "2009-07-17T10:59:11.503-07:00",
      "Id": 44231
    },
    {
      "Message": "Talk about taking software \"bloat\" to the next level :P",
      "PostedDate": "2009-07-19T22:14:34.58-07:00",
      "Id": 44232
    },
    {
      "Message": "Resolved with changeset 35462.",
      "PostedDate": "2009-07-19T22:30:12.65-07:00",
      "Id": 44233
    }
  ]
}