{
  "WorkItem": {
    "AffectedComponent": {
      "Name": "",
      "DisplayName": ""
    },
    "ClosedComment": "",
    "ClosedDate": "2010-09-17T00:21:32.447-07:00",
    "CommentCount": 12,
    "Custom": "",
    "Description": "TicketDesk's email notificaiton system should attempt to meet as many of these requirments as posssible:\n\n- (done): Record email notification history and activity\n- (done): Support multiple delivery attempts if notifications fail\n- (done): Log activity and errors to assist in troubleshooting problems\n- (done): Support configurable scheduling of delivery attempts and re-try attempts\n- (done): Be robust and tolerant of failures without scrapping or interfering with delivery of other pending notifications\n- (done): To hold down spam, system should batch multiple changes to a single user related to a single ticket when changes occur within a short time span\n- Allow any user to subscribe or unsubscribe to a ticket\n- Provide templates for admins to use to customize email notification contents\n- Provide admin tools for notification settings\n- Provide admin users with online notification activity and history\n\n\n\nConfiguration Notes:\n\nWeb.config settings:\n\n     <add key=\"EnableEmailNotifications\" value=\"true\"/>\n          Enables or disables the entire system. Notifications will not be stored in DB if this is false. Can be omitted (assumed false).\n\n     <add key=\"EmailNotificationInitialDelayMinutes\" value=\"5\" />\n          Number of minutes to Delay delivery of an email notification. During the delay period, multiple updates to the ticket will be combined into a single notification email. Double datatype, can contain decimal values. Min value of 0 (immediate delivery). May be omitted (default 0).\n\n     <add key=\"BlindCopyToEmailAddress\" value=\"\" />\n          This may be removed before 1.2 official release. This BCCs the specified user on ALL notifications. Put in place to help trace bugs/problems. May be omitted, assumed empty.\n\n     <add key=\"EmailDeliveryTimerIntervalMinutes\" value=\"2\" />\n          The interval that the email delivery timer event will happen. Keep in mind that this can introduce a variance in delivery schedule. Example, if the initial delay is 0 minutes (immediate delivery) but the timer fires every 2 minutes, there can still be up to a 2 minute delay before the notification is sent out. May be omitted, default is 5 minutes.\n\n     <add key=\"EmailMaxConsolidationWaitMinutes\" value=\"6\" />\n          The maximum number of minutes to wait on additional comments to arrive before sending a notification email to the user anyway. Double datatype, can contain decimal values. Min value of 0 (immediate delivery). May be omitted (default 0).\n\n     <add key=\"EmailMaxDeliveryAttempts\" value=\"5\" />\n          The number of attempts to delivery a single email notification. May be omitted, default of 5, min of 0.\n     \n     <add key=\"EmailResendDelayMinutes\" value=\"5\" />\n          The number of minutes to wait before attempting a re-send of a failed notification. This is an additive value... for example if set to 5 minutes the second attempt will happen 5 minutes after the first. The third attempt will be 10 minutes after the second. And the 4th will be 15 minutes after the third. May be omitted (default is 5). Min value of 0.\n\n     <add key=\"FromEmailAddress\" value=\"ticketdesk@weberassociatesinc.com\"/>\n          The address to use as the reply address for email notifications. \n\n     <add key=\"FromEmailDisplayName\" value=\"TicketDesk\"/>\n          The display (friendly) name for the sender of the notification email.\n\n     <add key=\"WebRootUrlForEmailLinks\" value=\"http://ticketdesk.inside.weberassociatesinc.com/\" />\n          The URL of the web site's root folder. This is used as the base from which generate URLs within the body of an email.\n\n\n\nTicketEventNotification Table - Status field values\n\n     queued  - Note is waiting to be processed (NextDelivery populated)\n     consolidating  - Note processed, but has been flagged for consolidation with a more recent notification that is still queued (NextDelivery populated)\n     consolidated  - Note processed, was consolidated with ticket that has (or is in the process of) being sent (NextDelivery null)\n\n     invalid - Note processed and would have been sent, but attempt wasn't made due to an invalid recipient email address (NextDelivery null)\n\n     pending - Note send attempt in progress (NextDelivery populated)\n     final-attempt  - Note final send attempt in progress (NextDelivery null)\n\n     sent - Note was sent (NextDelivery null)\n     failed - Note send failed and all re-send attempts complete (NextDelivery null)\nconsolidated-failed - Note consolidated with another note that has failed all re-send attempts\n     suppressed  - Note was for an event generated by the recipient and was not consolidated with notes from events generated by users . No delivery was attempted.",
    "LastUpdatedDate": "2010-09-17T00:21:32.447-07:00",
    "PlannedForRelease": "null",
    "ReleaseVisibleToPublic": false,
    "Priority": {
      "Name": "Low",
      "Severity": 50,
      "Id": 1
    },
    "ProjectName": "TicketDesk",
    "ReportedDate": "2008-03-21T14:29:57.22-07:00",
    "Status": {
      "Name": "Closed",
      "Id": 4
    },
    "ReasonClosed": {
      "Name": "Unassigned"
    },
    "Summary": "Email Notificaitons - Notification Queue and Enhancements",
    "Type": {
      "Name": "Feature",
      "Id": 1
    },
    "VoteCount": 0,
    "Id": 9737
  },
  "FileAttachments": [],
  "Comments": [
    {
      "Message": "Associated with changeset 21632.",
      "PostedDate": "2008-08-05T21:01:46.963-07:00",
      "Id": 44142
    },
    {
      "Message": "Severe problems with the current implementation have resulted in a need to replace this with a more robust delivery mechanism. I've updated the descritpion heavily to reflect the current state and plans around this issue.",
      "PostedDate": "2008-12-20T02:33:33.637-08:00",
      "Id": 44143
    },
    {
      "Message": "Associated with changeset 28978.",
      "PostedDate": "2008-12-20T13:30:23.767-08:00",
      "Id": 44144
    },
    {
      "Message": "I'll be testing these changes in a live production environment next week.",
      "PostedDate": "2008-12-20T14:04:16.17-08:00",
      "Id": 44145
    },
    {
      "Message": "Associated with changeset 28990.",
      "PostedDate": "2008-12-21T04:08:35.89-08:00",
      "Id": 44146
    },
    {
      "Message": "Associated with changeset 29415.",
      "PostedDate": "2008-12-29T09:08:18.273-08:00",
      "Id": 44147
    },
    {
      "Message": "Associated with changeset 29416.",
      "PostedDate": "2008-12-29T09:27:08.557-08:00",
      "Id": 44148
    },
    {
      "Message": "Associated with changeset 29423.",
      "PostedDate": "2008-12-29T11:02:51.21-08:00",
      "Id": 44149
    },
    {
      "Message": "Associated with changeset 29501.",
      "PostedDate": "2008-12-30T10:08:27.553-08:00",
      "Id": 44150
    },
    {
      "Message": "Associated with changeset 29513.",
      "PostedDate": "2008-12-30T13:41:31.177-08:00",
      "Id": 44151
    },
    {
      "Message": "Associated with changeset 29872.",
      "PostedDate": "2009-01-05T08:06:02.717-08:00",
      "Id": 44152
    },
    {
      "Message": "Current Implementation appears stable. Passing work item back to Steven Murawski.",
      "PostedDate": "2009-01-05T08:10:25.09-08:00",
      "Id": 44153
    }
  ]
}