{
  "WorkItem": {
    "AffectedComponent": {
      "Name": "",
      "DisplayName": ""
    },
    "ClosedComment": "",
    "ClosedDate": "2010-09-17T00:21:32.447-07:00",
    "CommentCount": 1,
    "Custom": "",
    "Description": "Need to modify date formatting to allow output to follow culture settings. Currently we use a custom date format that doesn't correctly output for non-us environments.\n\nMinimum requirement is to support the culture of the server. \nOptional requirement to support an admin override for the server's format.\nOptional requirement to support the browser's language with an admin option to disable browser language detection.",
    "LastUpdatedDate": "2010-09-17T00:21:32.447-07:00",
    "PlannedForRelease": "null",
    "ReleaseVisibleToPublic": false,
    "Priority": {
      "Name": "Low",
      "Severity": 50,
      "Id": 1
    },
    "ProjectName": "TicketDesk",
    "ReportedDate": "2009-03-08T01:42:42.777-08:00",
    "Status": {
      "Name": "Closed",
      "Id": 4
    },
    "ReasonClosed": {
      "Name": "Unassigned"
    },
    "Summary": "Support International Date Formats",
    "Type": {
      "Name": "Issue",
      "Id": 3
    },
    "VoteCount": 3,
    "Id": 12774
  },
  "FileAttachments": [],
  "Comments": [
    {
      "Message": "Yes i agree here, i would love to see this, i have it installed in a spanish environment (Europe) .. so we use DD/MM/YYYY ... I also have sent a msg in the discussions... maybe it could be linked here as it has to do with international language - http://ticketdesk.codeplex.com/Thread/View.aspx?ThreadId=50407\r\n\r\n",
      "PostedDate": "2009-03-16T22:58:00.56-07:00",
      "Id": 44219
    }
  ]
}