{
  "WorkItem": {
    "AffectedComponent": {
      "Name": "",
      "DisplayName": ""
    },
    "ClosedComment": "",
    "ClosedDate": "2008-03-31T00:48:00.243-07:00",
    "CommentCount": 2,
    "Custom": "",
    "Description": "When using the SQL Membership configuration, TicketDesk maintains the user database but does not provide change password and update account functions.",
    "LastUpdatedDate": "2008-05-15T15:49:04.92-07:00",
    "PlannedForRelease": "TicketDesk 1.1",
    "ReleaseVisibleToPublic": true,
    "Priority": {
      "Name": "High",
      "Severity": 150,
      "Id": 3
    },
    "ProjectName": "TicketDesk",
    "ReportedDate": "2008-03-21T19:25:21.33-07:00",
    "Status": {
      "Name": "Closed",
      "Id": 4
    },
    "ReasonClosed": {
      "Name": "Unassigned"
    },
    "Summary": "User Managment - SQL Membership : Add change password and edit user details",
    "Type": {
      "Name": "Feature",
      "Id": 1
    },
    "VoteCount": 0,
    "Id": 9751
  },
  "FileAttachments": [],
  "Comments": [
    {
      "Message": "Resolved with changeset 17285.",
      "PostedDate": "2008-03-31T00:48:00.243-07:00",
      "Id": 44165
    },
    {
      "Message": "A forgot password solution would be nice.   I see no way as an admin to do anything other than delete the user, and have him reregister.  (Mostly, I LOVE this system).   Thanks!",
      "PostedDate": "2008-05-15T15:49:04.92-07:00",
      "Id": 44166
    }
  ]
}