[
  {
    "Id": "0",
    "Name": "TicketDesk MVC 2.1.3",
    "DevelopmentStatus": "Stable",
    "Description": "Roll-up of minor fixes since 2.1.2\n\n* fixed: email not being sent to assigned and owner users when assignment or ownership is changed\n* project updates for VS 2013\n* new DB setting to disable broadcasts for new ticket notifications\n\nThis is a compiled distribution. Edit the configuration as appropriate for your environment, and copy it out to a web server. \n\nPlease see the documentation section for information on installation and configuration.\n\nRecommended Requirements: Microsoft .NET Framework 4.5, Server with IIS 7 or higher (integrated pipeline), SQL Server 2008 or higher (Full, Express edition or localdb editions).",
    "ReleasedDatge": "0001-01-01T00:00:00",
    "ModifiedDate": "2015-03-08T15:54:08.993-07:00",
    "Files": [
      {
        "Id": "b0c93558-411c-41b4-868b-7b4e78077f4b",
        "FileName": "TicketDesk 2.1.3 - Compiled.zip",
        "Url": "./0/b0c93558-411c-41b4-868b-7b4e78077f4b",
        "Type": "Application",
        "UploadDate": "2015-03-08T15:47:17.357-07:00"
      }
    ]
  },
  {
    "Id": "1",
    "Name": "TicketDesk MVC 2.1.2",
    "DevelopmentStatus": "Stable",
    "Description": "Roll-up of minor fixes since 2.1.1\n\n* fixed: incorrect email urls with virtual directory deployments \n* fixed: tag and priority fields not displaying correctly in ticket editors\n* fixed: details not indexed for search\n* fixed: ticket center not displaying a default view for TD submitter role\n* fixed: object locking \n* fixed: inconsistent capitalization for usernames; notification failures\n* enhancement: account preferences, edit email address\n* fix: unlock user accounts from security management\n\nThis is a compiled distribution. Edit the configuration as appropriate for your environment, and copy it out to a web server. \n\nPlease see the documentation section for information on installation and configuration.\n\nRecommended Requirements: Microsoft .NET Framework 4.5, Server with IIS 7 or higher (integrated pipeline), SQL Server 2008 or higher (Full, Express edition or localdb editions).",
    "ReleasedDatge": "0001-01-01T00:00:00",
    "ModifiedDate": "2015-03-08T15:58:41.98-07:00",
    "Files": [
      {
        "Id": "d0dc65a2-924d-4dec-99db-883a6e330182",
        "FileName": "TicketDesk 2.1.2 - Compiled.zip",
        "Url": "./1/d0dc65a2-924d-4dec-99db-883a6e330182",
        "Type": "Application",
        "UploadDate": "2013-09-07T22:03:36.22-07:00"
      }
    ]
  },
  {
    "Id": "2",
    "Name": "TicketDesk MVC 2.1.1",
    "DevelopmentStatus": "Stable",
    "Description": "This is a refresh release of the TicketDesk 2 project. \n\n*2.1.1 reverts javascript changes originally included in release 2.1, fixes compatibility issues reported on older versions of IE*\n\nThe primary purpose of this release is to update the source projects for Visual Studio 2012 compatibility, and to enable the application to run on environments using MVC 4 and the .Net framework 4.5. There are no new features between 2.0.1 and this release. \n\n*there have been config file changes, if updating from 2.0.1 please merge responsibly*\n\nThis is a compiled distribution. Edit the configuration as appropriate for your environment, and copy it out to a web server. \n\nPlease see the documentation section for information on installation and configuration.\n\nRecommended Requirements: Microsoft .NET Framework 4.5, Server with IIS 7 or higher (integrated pipeline), SQL Server 2008 or higher (Full, Express edition or localdb editions).",
    "ReleasedDatge": "0001-01-01T00:00:00",
    "ModifiedDate": "2013-01-29T01:16:11.28-08:00",
    "Files": [
      {
        "Id": "f8aa8ce9-2015-4cec-b3de-f0d5fa4d46a6",
        "FileName": "TicketDesk 2.1.1 - Compiled.zip",
        "Url": "./2/f8aa8ce9-2015-4cec-b3de-f0d5fa4d46a6",
        "Type": "Application",
        "UploadDate": "2013-01-29T01:16:10.373-08:00"
      }
    ]
  },
  {
    "Id": "3",
    "Name": "TicketDesk MVC 2.0.1",
    "DevelopmentStatus": "Beta",
    "Description": "TicketDesk 2.0 is a re-write of TicketDesk on the ASP.NET MVC 2.0 platform.\n\nThis is a re-release of the beta version to fix some email delivery bugs that accidentally made it into the base 2.0 release (sorry about that). \n\nThis is a compiled distribution. Edit the configuration as appropriate for your environment, and copy it out to a web server. \nPlease see the documentation section for information on installation and configuration.\n\nRecommended Requirements: Microsoft .NET Framework 4.0, Server with IIS 7 or higher (integrated pipeline), SQL Server 2005/SQL 2008 (Full or Express edition).",
    "ReleasedDatge": "0001-01-01T00:00:00",
    "ModifiedDate": "2011-02-07T17:19:32.803-08:00",
    "Files": [
      {
        "Id": "a5bcc1ff-fcfc-4df9-9113-7d6bbce6483f",
        "FileName": "TicketDesk 2.0.1 Beta - Compiled.zip",
        "Url": "./3/a5bcc1ff-fcfc-4df9-9113-7d6bbce6483f",
        "Type": "Application",
        "UploadDate": "2011-01-05T15:07:04.023-08:00"
      }
    ]
  },
  {
    "Id": "4",
    "Name": "TicketDesk 1.2.3",
    "DevelopmentStatus": "Stable",
    "Description": "Minor update over TicketDesk 1.2.2\n\n* Changed from the FredCK rich HTML Editor to the MarkitUp! editor using the markdown syntax.\n** the new editor will not strip out HTML tags, but HTML tags are ignored when displayed (to help prevent script injection attacks)\n** Tickets written with the editor in previous versions will continue to display correctly. \n** For info about markdown, please see the [url:markdown syntax documentation | http://daringfireball.net/projects/markdown/syntax]. \n* Minor fixes and tweaks",
    "ReleasedDatge": "0001-01-01T00:00:00",
    "ModifiedDate": "2011-01-04T16:33:43.877-08:00",
    "Files": [
      {
        "Id": "aa611093-31f2-4893-ac63-95a76dffed32",
        "FileName": "TicketDesk_1.2.3_Source.zip",
        "Url": "./4/aa611093-31f2-4893-ac63-95a76dffed32",
        "Type": "Source Code",
        "UploadDate": "2009-09-08T22:03:55.91-07:00"
      },
      {
        "Id": "dd72df81-8544-48f1-acf8-dcc420eac5a1",
        "FileName": "TicketDesk_1.2.3_EditablePreCompile.zip",
        "Url": "./4/dd72df81-8544-48f1-acf8-dcc420eac5a1",
        "Type": "Application",
        "UploadDate": "2009-09-08T22:06:15.33-07:00"
      }
    ]
  },
  {
    "Id": "5",
    "Name": "TicketDesk 1.2.2",
    "DevelopmentStatus": "Stable",
    "Description": "Repackaged release 1.2.1 as 1.2.2 to fix a critical bug.\n* Fixed: Users whose roles change do not get updated with the correct set of default views in TicketCenter. \n\nRepackaged release 1.2 as 1.2.1 to fix a critical bug.\n* Fixed: IIS root web, exception thrown opening any page in admin section.\n\nTicketDesk 1.2 contains major feature improvements as well as numerous bug-fixes and enhancements. \n\nNew in this release:\n* New Ticket Viewer/Editor\n** Rich Text Editor for comments and ticket details\n** Improved Work-Flow for resolved, closed, and more-info tickets\n** Smoother UI\n* Improved TicketCenter\n** Multi-Column sorting\n** Better Filtering\n** Remembers view settings between sessions\n** Improved performance \n* Improved Attachment Handling\n** Upload multiple attachments\n** Upload attachments for new tickets\n** Attachment Description field\n** Ability to add comments with uploading attachments \n* New Email Notification System\n** History and Activity stored in DB\n** Intelligently cuts spam when multiple updates occur rapidly\n** Automatic retry for failed deliveries\n* Customizable RSS feeds\n* Advanced error logging with [url:ELMAH|http://code.google.com/p/elmah/]\n\n   ",
    "ReleasedDatge": "0001-01-01T00:00:00",
    "ModifiedDate": "2009-02-21T17:13:54.5-08:00",
    "Files": [
      {
        "Id": "c588762c-ede8-4ca0-a094-d4f30623ac67",
        "FileName": "TicketDesk_1.2.2_Source.zip",
        "Url": "./5/c588762c-ede8-4ca0-a094-d4f30623ac67",
        "Type": "Source Code",
        "UploadDate": "2009-02-21T17:13:54.017-08:00"
      },
      {
        "Id": "b3261b18-c39c-4713-ae6d-26a14225fe23",
        "FileName": "TicketDesk_1.2.2_Compiled_Editable.zip",
        "Url": "./5/b3261b18-c39c-4713-ae6d-26a14225fe23",
        "Type": "Application",
        "UploadDate": "2009-02-21T17:13:53.533-08:00"
      }
    ]
  },
  {
    "Id": "6",
    "Name": "TicketDesk 1.1",
    "DevelopmentStatus": "Stable",
    "Description": "!! Bug fixes and feature improvments.\n\nHowTo: [Upgrade TicketDesk 1.0 to TicketDesk 1.1]\n\nAll distributions of TicketDesk contain the same functionality.\n\nTicketDesk comes in three distributions:\t\n* TicketDesk_Compiled.zip - A ready to go binary version of TicketDesk. Just copy to a  web server, edit appropriate settings in web.config, and go!\n* {\"TicketDesk_Compiled_Editable.zip\"} - A pre-compiled web applicaiton with updatable UI pages. Just copy to a web server, edit appropriate settings in web.config, and go! \n* TicketDesk_Source.zip - Visual Studio 2008 Web Application Project.  Allows full customization of both the code and UI. ",
    "ReleasedDatge": "0001-01-01T00:00:00",
    "ModifiedDate": "2008-12-21T00:25:12.27-08:00",
    "Files": [
      {
        "Id": "08c95431-7230-46e6-8dc0-442a6ffd7cd4",
        "FileName": "TicketDesk_Source.zip",
        "Url": "./6/08c95431-7230-46e6-8dc0-442a6ffd7cd4",
        "Type": "Source Code",
        "UploadDate": "2008-04-01T07:12:41.42-07:00"
      },
      {
        "Id": "839f886e-9fa8-41d4-b3bb-3a515bc43daa",
        "FileName": "TicketDesk_Compiled.zip",
        "Url": "./6/839f886e-9fa8-41d4-b3bb-3a515bc43daa",
        "Type": "Application",
        "UploadDate": "2008-04-01T07:12:41.263-07:00"
      },
      {
        "Id": "9f8577ec-2257-4720-b6f3-9d356a8ed8f8",
        "FileName": "TicketDesk_Compiled_Editable.zip",
        "Url": "./6/9f8577ec-2257-4720-b6f3-9d356a8ed8f8",
        "Type": "Application",
        "UploadDate": "2008-04-01T07:12:41.31-07:00"
      }
    ]
  },
  {
    "Id": "7",
    "Name": "TicketDesk 1.0",
    "DevelopmentStatus": "Stable",
    "Description": "!! This is the initial release of TicketDesk 1.0\n\nAll distributions of TicketDesk contain the same functionality.\n\nTicketDesk comes in three distributions:\t\n* TicketDesk_Compiled.zip - A ready to go binary version of TicketDesk. Just copy to a  web server, edit appropriate settings in web.config, and go!\n \n* {\"TicketDesk_Compiled_Editable.zip\"} - A pre-compiled web applicaiton with updatable UI pages. Just copy to a web server, edit appropriate settings in web.config, and go! \n\n* TicketDesk_Source.zip - Visual Studio 2008 Web Application Project.  Allows full customization of both the code and UI. ",
    "ReleasedDatge": "0001-01-01T00:00:00",
    "ModifiedDate": "2009-02-04T22:39:28.273-08:00",
    "Files": [
      {
        "Id": "32e2a755-3af2-461f-9a97-6e3f8747184a",
        "FileName": "TicketDesk_Source.zip",
        "Url": "./7/32e2a755-3af2-461f-9a97-6e3f8747184a",
        "Type": "Source Code",
        "UploadDate": "2008-03-20T20:20:23.753-07:00"
      },
      {
        "Id": "91f946fc-fbd6-443a-abcf-5030968e227c",
        "FileName": "TicketDesk_Compiled.zip",
        "Url": "./7/91f946fc-fbd6-443a-abcf-5030968e227c",
        "Type": "Application",
        "UploadDate": "2008-03-20T20:20:23.61-07:00"
      },
      {
        "Id": "90168928-bfcf-4f40-9e7f-4419369d7efb",
        "FileName": "TicketDesk_Compiled_Editable.zip",
        "Url": "./7/90168928-bfcf-4f40-9e7f-4419369d7efb",
        "Type": "Application",
        "UploadDate": "2008-03-20T20:20:23.707-07:00"
      }
    ]
  },
  {
    "Id": "8",
    "Name": "TicketDesk 2.5",
    "DevelopmentStatus": "Beta",
    "Description": "This is a major re-write of the entire TicketDesk system.\nYou can easily upgrade from TicketDesk 2.1.4, but this version does NOT support windows authentication or Active Directory.\n\nRequires .Net Framework 4.5.2\n\nFeature Highlights\n\n* Multiple Projects\n* Choice of HTML or Markdown text editors\n* Responsive design & support for small screen devices\n* Deployable to Azure as a WebApp, or to traditional IIS servers\n\n*After creating a new database, you can login as 'admin@example.com' with a password of '123456'.* Before the final release, the setup will be changed to require you to specify the default admin account and password.",
    "ReleasedDatge": "0001-01-01T00:00:00",
    "ModifiedDate": "2015-07-08T05:19:48.577-07:00",
    "Files": [
      {
        "Id": "42f55520-125b-49a0-87e9-147506166013",
        "FileName": "filesystem-precompiled-release.zip",
        "Url": "./8/42f55520-125b-49a0-87e9-147506166013",
        "Type": "Application",
        "UploadDate": "2015-07-03T02:09:50.523-07:00"
      }
    ]
  },
  {
    "Id": "9",
    "Name": "TicketDesk MVC 2.1.4",
    "DevelopmentStatus": "Stable",
    "Description": "Technology Refresh 2.1.4\n\n* fixed: missing dependencies on some versions of Windows Server\n* fixed: nuget package restore functionality for nuget 2.7+\n* update: Asp.net MVC 5.2.3 (nuget)\n* update: Entity Framework 6.1.3 (nuget)\n\nThis is a compiled distribution. Edit the configuration as appropriate for your environment, and copy it out to a web server. \n\nPlease see the documentation section for information on installation and configuration.\n\nRecommended Requirements: Microsoft .NET Framework 4.5, Server with IIS 8 or higher (integrated pipeline), SQL Server 2008 or higher (Full, Express edition or localdb editions).",
    "ReleasedDatge": "0001-01-01T00:00:00",
    "ModifiedDate": "2015-04-23T19:54:28.69-07:00",
    "Files": [
      {
        "Id": "c7dbc3cb-0514-43ac-9891-0bb6ea826511",
        "FileName": "TicketDesk 2.1.4 - Compiled.zip",
        "Url": "./9/c7dbc3cb-0514-43ac-9891-0bb6ea826511",
        "Type": "Application",
        "UploadDate": "2015-04-22T20:52:39.45-07:00"
      }
    ]
  }
]